Th 0 BCAST_S,Th 0 BCAST_E,Th 0 BCAST_D,Th 1 BCAST_S,Th 1 BCAST_E,Th 1 BCAST_D,Th 2 BCAST_S,Th 2 BCAST_E,Th 2 BCAST_D,Th 3 BCAST_S,Th 3 BCAST_E,Th 3 BCAST_D,,
1.022,10.954,9.932,0.966,5.308,4.342,0.974,4.609,3.635,0.965,4.925,3.96,,
1.031,11.276,10.245,0.968,5.303,4.335,0.98,4.622,3.642,0.969,4.911,3.942,,
1.104,20.657,19.553,1.211,20.539,19.328,1.181,6.205,5.024,1.162,6.969,5.807,,9.972790955
1.007,12.872,11.865,0.958,6.642,5.684,0.974,6.019,5.045,0.964,6.237,5.273,,
0.979,10.806,9.827,0.961,5.234,4.273,0.971,4.542,3.571,0.973,4.842,3.869,,
0.997,11.008,10.011,0.955,5.252,4.297,0.973,4.572,3.599,0.972,4.851,3.879,,
1.007,10.935,9.928,0.961,5.234,4.273,0.971,4.535,3.564,0.97,4.834,3.864,,
0.998,10.976,9.978,0.955,5.242,4.287,0.973,4.564,3.591,0.972,4.841,3.869,,
0.984,10.923,9.939,0.961,5.208,4.247,0.971,4.505,3.534,0.97,4.812,3.842,,
0.993,10.911,9.918,0.955,5.242,4.287,0.973,4.562,3.589,0.972,4.841,3.869,,
0.994,10.854,9.86,0.961,5.224,4.263,0.971,4.525,3.554,0.97,4.828,3.858,,
0.995,11.203,10.208,0.955,5.346,4.391,0.973,4.666,3.693,0.972,4.94,3.968,,
0.977,10.937,9.96,0.961,5.204,4.243,0.971,4.505,3.534,0.97,4.808,3.838,,
0.995,10.851,9.856,0.955,5.236,4.281,0.973,4.552,3.579,0.972,4.835,3.863,,
0.983,10.846,9.863,0.961,5.206,4.245,0.971,4.507,3.536,0.97,4.81,3.84,,
1.017,10.947,9.93,0.955,5.292,4.337,0.973,4.614,3.641,0.972,4.891,3.919,,
0.982,10.923,9.941,0.961,5.204,4.243,0.971,4.509,3.538,0.97,4.808,3.838,,
0.993,11.344,10.351,0.955,5.3,4.345,0.973,4.618,3.645,0.972,4.889,3.917,,
0.99,10.781,9.791,0.961,5.208,4.247,0.971,4.509,3.538,0.97,4.812,3.842,,
1.014,11.099,10.085,0.955,5.278,4.323,0.973,4.596,3.623,0.972,4.877,3.905,,
0.977,10.936,9.959,0.961,5.202,4.241,0.971,4.503,3.532,0.97,4.806,3.836,,
1.002,11.236,10.234,0.955,5.256,4.301,0.973,4.584,3.611,0.972,4.851,3.879,,
0.985,11.025,10.04,0.961,5.208,4.247,0.971,4.511,3.54,0.97,4.812,3.842,,
1.021,10.943,9.922,0.955,5.33,4.375,0.973,4.65,3.677,0.972,4.928,3.956,,
0.988,10.867,9.879,0.961,5.248,4.287,0.971,4.549,3.578,0.97,4.852,3.882,,
1,11.063,10.063,0.955,5.368,4.413,0.973,4.688,3.715,0.972,4.967,3.995,,
0.987,10.855,9.868,0.961,5.214,4.253,0.971,4.515,3.544,0.97,4.818,3.848,,
0.995,10.994,9.999,0.955,5.234,4.279,0.976,4.554,3.578,0.972,4.835,3.863,,
0.988,10.92,9.932,0.961,5.212,4.251,0.971,4.513,3.542,0.97,4.816,3.846,,
0.998,11.204,10.206,0.955,5.358,4.403,0.973,4.68,3.707,0.972,4.957,3.985,,
0.987,10.869,9.882,0.961,5.21,4.249,0.971,4.507,3.536,0.97,4.814,3.844,,
1.004,11.454,10.45,0.955,5.256,4.301,0.973,4.634,3.661,0.972,4.842,3.87,,
0.979,10.794,9.815,0.961,5.202,4.241,0.971,4.499,3.528,0.97,4.806,3.836,,
1,10.406,9.406,0.955,5.246,4.291,0.973,4.564,3.591,0.972,4.841,3.869,,
0.998,10.947,9.949,0.961,5.224,4.263,0.971,4.521,3.55,0.97,4.828,3.858,,
0.991,10.398,9.407,0.955,5.234,4.279,0.973,4.562,3.589,0.972,4.833,3.861,,
0.979,10.298,9.319,0.961,5.194,4.233,0.971,4.491,3.52,0.97,4.798,3.828,,
1.006,10.367,9.361,0.955,5.246,4.291,0.973,4.564,3.591,0.972,4.845,3.873,,
0.983,10.341,9.358,0.961,5.206,4.245,0.971,4.507,3.536,0.97,4.81,3.84,,
1.006,10.491,9.485,0.955,5.292,4.337,0.973,4.61,3.637,0.972,4.891,3.919,,
0.981,10.346,9.365,0.961,5.216,4.255,0.971,4.513,3.542,0.97,4.823,3.853,,
1.004,10.941,9.937,0.955,5.346,4.391,0.973,4.714,3.741,0.972,4.945,3.973,,
0.968,10.895,9.927,0.961,5.194,4.233,0.971,4.495,3.524,0.97,4.798,3.828,,
0.995,10.882,9.887,0.955,5.236,4.281,0.973,4.554,3.581,0.972,4.835,3.863,,
0.99,11.034,10.044,0.961,5.29,4.329,0.971,4.591,3.62,0.97,4.894,3.924,,
1.006,10.812,9.806,0.955,5.258,4.303,0.973,4.576,3.603,0.972,4.857,3.885,,
0.982,10.888,9.906,0.961,5.206,4.245,0.971,4.507,3.536,0.97,4.81,3.84,,
1.006,10.825,9.819,0.955,5.254,4.299,0.973,4.572,3.599,0.972,4.853,3.881,,
0.981,10.966,9.985,0.961,5.286,4.325,0.971,4.587,3.616,0.97,4.89,3.92,,
0.995,10.864,9.869,0.955,5.236,4.281,0.973,4.554,3.581,0.972,4.835,3.863,,
0.979,11.198,10.219,0.961,5.206,4.245,0.971,4.517,3.546,0.97,4.81,3.84,,
0.997,10.858,9.861,0.955,5.24,4.285,0.973,4.558,3.585,0.972,4.839,3.867,,
0.981,11.041,10.06,0.961,5.202,4.241,0.971,4.507,3.536,0.97,4.801,3.831,,
1.004,10.887,9.883,0.955,5.26,4.305,0.973,4.578,3.605,0.972,4.859,3.887,,
0.992,11.041,10.049,0.961,5.28,4.319,0.971,4.579,3.608,0.97,4.9,3.93,,
1.012,10.88,9.868,0.955,5.266,4.311,0.973,4.584,3.611,0.972,4.865,3.893,,
0.983,11.061,10.078,0.961,5.206,4.245,0.971,4.507,3.536,0.97,4.81,3.84,,
0.993,10.869,9.876,0.955,5.232,4.277,0.973,4.55,3.577,0.972,4.831,3.859,,
0.979,10.387,9.408,0.961,5.206,4.245,0.971,4.523,3.552,0.97,4.81,3.84,,
1.007,10.985,9.978,0.955,5.298,4.343,0.973,4.616,3.643,0.972,4.897,3.925,,
0.992,10.337,9.345,0.961,5.22,4.259,0.971,4.521,3.55,0.97,4.824,3.854,,
1.004,10.365,9.361,0.955,5.24,4.285,0.973,4.558,3.585,0.972,4.839,3.867,,
0.981,10.401,9.42,0.961,5.202,4.241,0.971,4.503,3.532,0.97,4.806,3.836,,
1.004,10.348,9.344,0.955,5.24,4.285,0.973,4.562,3.589,0.972,4.839,3.867,,
0.992,10.333,9.341,0.961,5.216,4.255,0.971,4.521,3.55,0.97,4.82,3.85,,
0.982,10.39,9.408,0.955,5.224,4.269,0.973,4.542,3.569,0.972,4.823,3.851,,
0.99,10.851,9.861,0.961,5.274,4.313,0.971,4.571,3.6,0.97,4.878,3.908,,
0.992,10.98,9.988,0.955,5.336,4.381,0.973,4.656,3.683,0.972,4.933,3.961,,
0.991,10.848,9.857,0.961,5.222,4.261,0.971,4.523,3.552,0.97,4.826,3.856,,
0.978,10.926,9.948,0.955,5.212,4.257,0.973,4.53,3.557,0.987,4.811,3.824,,
0.992,10.813,9.821,0.961,5.22,4.259,0.971,4.521,3.55,0.97,4.824,3.854,,
0.996,10.567,9.571,0.955,5.24,4.285,0.973,4.56,3.587,0.972,4.839,3.867,,
0.991,10.866,9.875,0.961,5.218,4.257,0.971,4.515,3.544,0.97,4.822,3.852,,
0.98,10.394,9.414,0.955,5.224,4.269,0.973,4.552,3.579,0.972,4.823,3.851,,
0.99,10.819,9.829,0.961,5.22,4.259,0.971,4.521,3.55,0.97,4.824,3.854,,
0.983,10.395,9.412,0.955,5.334,4.379,0.973,4.652,3.679,0.972,4.933,3.961,,
0.991,10.475,9.484,0.961,5.222,4.261,0.971,4.523,3.552,0.97,4.826,3.856,,
0.991,10.355,9.364,0.955,5.24,4.285,0.973,4.558,3.585,0.972,4.839,3.867,,
0.99,10.269,9.279,0.961,5.226,4.265,0.971,4.523,3.552,0.97,4.83,3.86,,
0.998,10.367,9.369,0.955,5.234,4.279,0.973,4.554,3.581,0.972,4.833,3.861,,
0.985,10.396,9.411,0.961,5.21,4.249,0.971,4.509,3.538,0.97,4.814,3.844,,
0.993,10.34,9.347,0.955,5.228,4.273,0.973,4.548,3.575,0.972,4.827,3.855,,
0.988,10.291,9.303,0.961,5.212,4.251,0.971,4.513,3.542,0.97,4.816,3.846,,
0.983,10.85,9.867,0.955,5.22,4.265,0.973,4.542,3.569,0.972,4.819,3.847,,
0.992,10.357,9.365,0.961,5.226,4.265,0.971,4.529,3.558,0.97,4.827,3.857,,
0.991,10.791,9.8,0.955,5.226,4.271,0.973,4.546,3.573,0.972,4.825,3.853,,
0.975,10.285,9.31,0.961,5.208,4.247,0.971,4.507,3.536,0.97,4.812,3.842,,
0.983,10.388,9.405,0.955,5.216,4.261,0.973,4.536,3.563,0.957,4.815,3.858,,
1.002,10.404,9.402,0.961,5.242,4.281,0.971,4.557,3.586,0.97,4.846,3.876,,
0.996,10.678,9.682,0.955,5.272,4.317,0.973,4.592,3.619,0.972,4.868,3.896,,
0.988,10.4,9.412,0.961,5.222,4.261,0.971,4.523,3.552,0.97,4.826,3.856,,
0.981,10.397,9.416,0.955,5.214,4.259,0.973,4.536,3.563,0.957,4.813,3.856,,
0.992,10.314,9.322,0.961,5.216,4.255,0.971,4.519,3.548,0.97,4.812,3.842,,
0.989,10.628,9.639,0.955,5.222,4.267,0.973,4.542,3.569,0.971,4.819,3.848,,
0.986,10.344,9.358,0.961,5.218,4.257,0.971,4.519,3.548,0.97,4.822,3.852,,
0.987,10.77,9.783,0.955,5.228,4.273,0.973,4.55,3.577,0.972,4.827,3.855,,
0.983,10.32,9.337,0.961,5.218,4.257,0.971,4.515,3.544,0.97,4.821,3.851,,
1.002,10.722,9.72,0.955,5.286,4.331,0.973,4.608,3.635,0.972,4.885,3.913,,
0.984,10.345,9.361,0.961,5.218,4.257,0.971,4.521,3.55,0.97,4.822,3.852,,
0.99,10.623,9.633,0.955,5.224,4.269,0.973,4.546,3.573,0.972,4.823,3.851,,
1.002,10.408,9.406,0.961,5.242,4.281,0.971,4.545,3.574,0.97,4.846,3.876,,
0.989,10.835,9.846,0.955,5.222,4.267,0.973,4.542,3.569,0.972,4.821,3.849,,
0.981,10.344,9.363,0.961,5.22,4.259,0.971,4.519,3.548,0.97,4.824,3.854,,
0.99,10.656,9.666,0.955,5.224,4.269,0.973,4.546,3.573,0.972,4.823,3.851,,
0.994,10.533,9.539,0.961,5.37,4.409,0.971,4.671,3.7,0.97,4.974,4.004,,
0.998,11.554,10.556,0.955,5.24,4.285,0.973,4.562,3.589,0.972,4.838,3.866,,
0.992,10.343,9.351,0.961,5.222,4.261,0.971,4.525,3.554,0.97,4.826,3.856,,
1.002,10.47,9.468,0.955,5.308,4.353,0.973,4.628,3.655,0.972,4.907,3.935,,
0.988,10.465,9.477,0.961,5.214,4.253,0.971,4.517,3.546,0.97,4.818,3.848,,
0.989,10.697,9.708,0.955,5.232,4.277,0.973,4.56,3.587,0.972,4.831,3.859,,
0.998,10.423,9.425,0.961,5.284,4.323,0.971,4.589,3.618,0.97,4.888,3.918,,
1.002,10.759,9.757,0.955,5.292,4.337,0.973,4.62,3.647,0.972,4.891,3.919,,
0.988,10.404,9.416,0.961,5.31,4.349,0.971,4.615,3.644,0.97,4.914,3.944,,
0.991,10.76,9.769,0.955,5.238,4.283,0.973,4.566,3.593,0.972,4.837,3.865,,
0.996,10.422,9.426,0.961,5.31,4.349,0.971,4.609,3.638,0.97,4.914,3.944,,
1.004,10.832,9.828,0.955,5.286,4.331,0.973,4.614,3.641,0.972,4.885,3.913,,
0.979,10.355,9.376,0.961,5.214,4.253,0.971,4.513,3.542,0.97,4.818,3.848,,
0.998,10.62,9.622,0.955,5.238,4.283,0.973,4.558,3.585,0.957,4.837,3.88,,
0.994,10.382,9.388,0.961,5.228,4.267,0.971,4.531,3.56,0.97,4.832,3.862,,
1.004,10.794,9.79,0.955,5.244,4.289,0.973,4.564,3.591,0.972,4.843,3.871,,
0.986,10.352,9.366,0.961,5.22,4.259,0.971,4.523,3.552,0.97,4.824,3.854,,
0.996,10.63,9.634,0.955,5.234,4.279,0.973,4.554,3.581,0.957,4.833,3.876,,
0.989,10.438,9.449,0.961,5.23,4.269,0.971,4.531,3.56,0.97,4.834,3.864,,
0.995,10.628,9.633,0.955,5.234,4.279,0.973,4.554,3.581,0.972,4.833,3.861,,
0.99,10.358,9.368,0.961,5.242,4.281,0.971,4.543,3.572,0.97,4.846,3.876,,
0.998,10.784,9.786,0.955,5.238,4.283,0.973,4.566,3.593,0.972,4.837,3.865,,
0.992,10.406,9.414,0.961,5.228,4.267,0.971,4.533,3.562,0.97,4.832,3.862,,
1.004,10.726,9.722,0.955,5.244,4.289,0.973,4.572,3.599,0.972,4.843,3.871,,
0.986,10.441,9.455,0.961,5.302,4.341,0.971,4.605,3.634,0.97,4.906,3.936,,
0.991,10.656,9.665,0.955,5.238,4.283,0.973,4.566,3.593,0.972,4.837,3.865,,
0.992,10.421,9.429,0.961,5.228,4.267,0.971,4.533,3.562,0.97,4.831,3.861,,
1.004,10.746,9.742,0.955,5.244,4.289,0.973,4.572,3.599,0.972,4.843,3.871,,
0.977,10.315,9.338,0.961,5.21,4.249,0.971,4.509,3.538,0.97,4.814,3.844,,
0.998,10.683,9.685,0.955,5.238,4.283,0.973,4.558,3.585,0.972,4.837,3.865,,
0.998,10.391,9.393,0.961,5.294,4.333,0.971,4.593,3.622,0.97,4.898,3.928,,
0.997,10.723,9.726,0.955,5.244,4.289,0.973,4.572,3.599,0.972,4.843,3.871,,
0.979,10.324,9.345,0.961,5.214,4.253,0.971,4.513,3.542,0.97,4.818,3.848,,
0.996,10.741,9.745,0.955,5.234,4.279,0.973,4.554,3.581,0.972,4.833,3.861,,
0.989,10.474,9.485,0.961,5.23,4.269,0.971,4.531,3.56,0.97,4.834,3.864,,
0.993,10.694,9.701,0.955,5.232,4.277,0.973,4.552,3.579,0.972,4.831,3.859,,
0.981,10.34,9.359,0.961,5.222,4.261,0.971,4.523,3.552,0.97,4.826,3.856,,
0.998,10.791,9.793,0.955,5.238,4.283,0.973,4.566,3.593,0.972,4.837,3.865,,
0.981,10.317,9.336,0.961,5.216,4.255,0.971,4.517,3.546,0.97,4.819,3.849,,
1.002,10.838,9.836,0.955,5.332,4.377,0.973,4.652,3.679,0.972,4.931,3.959,,
0.99,10.357,9.367,0.961,5.284,4.323,0.971,4.585,3.614,0.97,4.888,3.918,,
1,11.705,10.705,0.955,5.244,4.289,0.973,4.572,3.599,0.972,4.832,3.86,,
0.977,10.32,9.343,0.961,5.208,4.247,0.971,4.513,3.542,0.972,4.812,3.84,,
0.998,10.394,9.396,0.955,5.24,4.285,0.973,4.56,3.587,0.972,4.839,3.867,,
0.99,10.375,9.385,0.961,5.212,4.251,0.971,4.515,3.544,0.97,4.816,3.846,,
1.002,10.442,9.44,0.955,5.238,4.283,0.973,4.558,3.585,0.979,4.837,3.858,,
0.986,10.397,9.411,0.961,5.208,4.247,0.971,4.511,3.54,0.97,4.812,3.842,,
0.991,10.634,9.643,0.955,5.236,4.281,0.973,4.564,3.591,0.957,4.835,3.878,,
0.988,10.39,9.402,0.961,5.222,4.261,0.971,4.527,3.556,0.97,4.826,3.856,,
1.002,10.687,9.685,0.955,5.246,4.291,0.973,4.574,3.601,0.972,4.845,3.873,,
0.984,10.423,9.439,0.961,5.218,4.257,0.971,4.523,3.552,0.97,4.822,3.852,,
0.998,10.716,9.718,0.955,5.278,4.323,0.973,4.598,3.625,0.972,4.877,3.905,,
0.985,10.542,9.557,0.961,5.224,4.263,0.971,4.525,3.554,0.97,4.828,3.858,,
0.998,10.791,9.793,0.955,5.242,4.287,0.973,4.57,3.597,0.972,4.837,3.865,,
0.977,10.363,9.386,0.961,5.208,4.247,0.971,4.507,3.536,0.97,4.812,3.842,,
0.991,10.675,9.684,0.955,5.234,4.279,0.973,4.562,3.589,0.972,4.833,3.861,,
0.99,10.398,9.408,0.961,5.294,4.333,0.971,4.599,3.628,0.97,4.898,3.928,,
0.996,10.761,9.765,0.955,5.232,4.277,0.973,4.56,3.587,0.972,4.831,3.859,,
0.979,10.43,9.451,0.961,5.212,4.251,0.971,4.511,3.54,0.97,4.816,3.846,,
0.985,10.704,9.719,0.955,5.224,4.269,0.973,4.552,3.579,0.972,4.823,3.851,,
0.994,10.404,9.41,0.961,5.234,4.273,0.971,4.539,3.568,0.97,4.838,3.868,,
0.991,10.722,9.731,0.955,5.23,4.275,0.973,4.55,3.577,0.972,4.829,3.857,,
0.99,10.342,9.352,0.961,5.31,4.349,0.971,4.615,3.644,0.97,4.91,3.94,,
0.994,10.716,9.722,0.955,5.232,4.277,0.973,4.56,3.587,0.972,4.831,3.859,,
0.983,10.39,9.407,0.961,5.216,4.255,0.971,4.515,3.544,0.97,4.82,3.85,,
1,10.755,9.755,0.955,5.238,4.283,0.973,4.558,3.585,0.972,4.837,3.865,,
0.975,10.361,9.386,0.961,5.208,4.247,0.971,4.511,3.54,0.97,4.812,3.842,,
0.989,10.682,9.693,0.955,5.228,4.273,0.973,4.548,3.575,0.972,4.827,3.855,,
0.99,10.347,9.357,0.961,5.222,4.261,0.971,4.525,3.554,0.97,4.826,3.856,,
1,10.767,9.767,0.955,5.238,4.283,0.973,4.558,3.585,0.972,4.837,3.865,,
0.975,10.356,9.381,0.961,5.208,4.247,0.971,4.509,3.538,0.97,4.812,3.842,,
0.989,10.752,9.763,0.955,5.228,4.273,0.973,4.548,3.575,0.972,4.827,3.855,,
0.979,10.35,9.371,0.961,5.212,4.251,0.971,4.513,3.542,0.97,4.816,3.846,,
1.001,10.779,9.778,0.955,5.276,4.321,0.973,4.596,3.623,0.972,4.875,3.903,,
0.975,10.367,9.392,0.961,5.208,4.247,0.971,4.509,3.538,0.97,4.812,3.842,,
0.989,10.779,9.79,0.955,5.228,4.273,0.973,4.548,3.575,0.957,4.827,3.87,,
0.992,10.429,9.437,0.961,5.226,4.265,0.971,4.529,3.558,0.97,4.83,3.86,,
0.996,10.811,9.815,0.955,5.248,4.293,0.973,4.576,3.603,0.972,4.847,3.875,,
0.984,10.404,9.42,0.961,5.218,4.257,0.971,4.523,3.552,0.97,4.822,3.852,,
0.989,10.772,9.783,0.955,5.228,4.273,0.973,4.548,3.575,0.961,4.827,3.866,,
0.979,10.327,9.348,0.961,5.212,4.251,0.971,4.513,3.542,0.97,4.816,3.846,,
1.002,10.645,9.643,0.955,5.246,4.291,0.973,4.574,3.601,0.972,4.845,3.873,,
0.988,10.457,9.469,0.961,5.264,4.303,0.971,4.563,3.592,0.97,4.856,3.886,,
1.002,11.588,10.586,0.955,5.326,4.371,0.973,4.654,3.681,0.972,4.925,3.953,,
0.975,10.44,9.465,0.961,5.204,4.243,0.971,4.507,3.536,0.97,4.808,3.838,,
0.983,10.492,9.509,0.955,5.22,4.265,0.973,4.548,3.575,0.972,4.819,3.847,,
0.985,10.357,9.372,0.961,5.208,4.247,0.971,4.507,3.536,0.97,4.812,3.842,,
1.006,10.829,9.823,0.955,5.33,4.375,0.973,4.658,3.685,0.957,4.929,3.972,,
0.988,10.384,9.396,0.961,5.3,4.339,0.971,4.599,3.628,0.97,4.9,3.93,,
0.985,10.702,9.717,0.955,5.226,4.271,0.973,4.554,3.581,0.972,4.825,3.853,,
0.987,10.332,9.345,0.961,5.222,4.261,0.971,4.521,3.55,0.97,4.826,3.856,,
1.006,10.805,9.799,0.955,5.244,4.289,0.973,4.564,3.591,0.972,4.843,3.871,,
0.981,10.369,9.388,0.961,5.222,4.261,0.971,4.523,3.552,0.97,4.826,3.856,,
0.987,10.717,9.73,0.955,5.226,4.271,0.973,4.546,3.573,0.972,4.825,3.853,,
0.989,10.35,9.361,0.961,5.23,4.269,0.971,4.531,3.56,0.97,4.834,3.864,,
1.006,10.682,9.676,0.955,5.252,4.297,0.973,4.58,3.607,0.973,4.851,3.878,,
0.99,10.44,9.45,0.961,5.232,4.271,0.971,4.537,3.566,0.97,4.836,3.866,,
0.987,10.743,9.756,0.955,5.224,4.269,0.973,4.544,3.571,0.971,4.821,3.85,,
0.992,10.402,9.41,0.961,5.238,4.277,0.971,4.539,3.568,0.97,4.842,3.872,,
0.995,10.721,9.726,0.955,5.232,4.277,0.973,4.552,3.579,0.972,4.831,3.859,,
0.975,10.322,9.347,0.961,5.21,4.249,0.971,4.511,3.54,0.97,4.814,3.844,,
0.989,10.866,9.877,0.955,5.23,4.275,0.973,4.55,3.577,0.972,4.829,3.857,,
0.979,10.424,9.445,0.961,5.216,4.255,0.971,4.519,3.548,0.97,4.82,3.85,,
0.995,10.811,9.816,0.955,5.234,4.279,0.973,4.554,3.581,0.972,4.833,3.861,,
0.988,10.309,9.321,0.961,5.224,4.263,0.971,4.527,3.556,0.97,4.828,3.858,,
0.991,10.694,9.703,0.955,5.236,4.281,0.973,4.564,3.591,0.972,4.835,3.863,,
0.992,10.349,9.357,0.961,5.228,4.267,0.971,4.533,3.562,0.97,4.832,3.862,,
0.995,10.746,9.751,0.955,5.236,4.281,0.973,4.556,3.583,0.972,4.835,3.863,,
0.975,10.285,9.31,0.961,5.21,4.249,0.971,4.511,3.54,0.97,4.814,3.844,,
1,10.42,9.42,0.955,5.246,4.291,0.973,4.574,3.601,0.972,4.845,3.873,,
0.992,10.346,9.354,0.961,5.218,4.257,0.971,4.523,3.552,0.97,4.813,3.843,,
0.995,10.649,9.654,0.955,5.236,4.281,0.973,4.556,3.583,0.973,4.835,3.862,,
0.986,10.374,9.388,0.961,5.22,4.259,0.971,4.523,3.552,0.97,4.824,3.854,,
0.985,10.775,9.79,0.955,5.226,4.271,0.973,4.554,3.581,0.972,4.825,3.853,,
0.987,10.335,9.348,0.961,5.222,4.261,0.971,4.521,3.55,0.97,4.826,3.856,,
1.006,10.723,9.717,0.955,5.244,4.289,0.973,4.564,3.591,0.957,4.843,3.886,,
0.988,10.472,9.484,0.961,5.224,4.263,0.971,4.527,3.556,0.97,4.828,3.858,,
0.985,10.675,9.69,0.955,5.224,4.269,0.973,4.552,3.579,0.972,4.823,3.851,,
0.987,10.351,9.364,0.961,5.222,4.261,0.971,4.521,3.55,0.97,4.826,3.856,,
1,10.835,9.835,0.955,5.278,4.323,0.973,4.606,3.633,0.972,4.877,3.905,,
0.979,10.367,9.388,0.961,5.214,4.253,0.971,4.513,3.542,0.97,4.818,3.848,,
0.998,10.698,9.7,0.955,5.238,4.283,0.973,4.558,3.585,0.972,4.837,3.865,,
0.994,10.398,9.404,0.961,5.228,4.267,0.971,4.531,3.56,0.97,4.826,3.856,,
0.997,10.812,9.815,0.955,5.244,4.289,0.973,4.572,3.599,0.972,4.843,3.871,,
0.977,10.302,9.325,0.961,5.21,4.249,0.971,4.509,3.538,0.97,4.813,3.843,,
0.985,10.986,10.001,0.955,5.226,4.271,0.973,4.554,3.581,0.972,4.825,3.853,,
0.987,10.371,9.384,0.961,5.222,4.261,0.971,4.521,3.55,0.97,4.826,3.856,,
1.004,10.701,9.697,0.955,5.244,4.289,0.973,4.564,3.591,0.972,4.843,3.871,,
0.986,10.343,9.357,0.961,5.22,4.259,0.971,4.523,3.552,0.97,4.824,3.854,,
0.991,10.78,9.789,0.955,5.238,4.283,0.973,4.566,3.593,0.972,4.837,3.865,,
0.985,10.32,9.335,0.961,5.218,4.257,0.971,4.517,3.546,0.97,4.822,3.852,,
1,10.715,9.715,0.955,5.278,4.323,0.973,4.606,3.633,0.972,4.877,3.905,,
0.99,10.398,9.408,0.961,5.232,4.271,0.971,4.539,3.568,0.97,4.836,3.866,,
0.987,10.872,9.885,0.955,5.226,4.271,0.973,4.546,3.573,0.972,4.825,3.853,,
0.989,10.396,9.407,0.961,5.23,4.269,0.971,4.531,3.56,0.97,4.834,3.864,,
0.995,10.777,9.782,0.955,5.236,4.281,0.973,4.556,3.583,0.972,4.835,3.863,,
0.975,10.439,9.464,0.961,5.21,4.249,0.971,4.511,3.54,0.97,4.814,3.844,,
0.991,10.735,9.744,0.955,5.234,4.279,0.973,4.554,3.581,0.972,4.833,3.861,,
0.983,10.347,9.364,0.961,5.218,4.257,0.971,4.519,3.548,0.97,4.822,3.852,,
1.006,10.712,9.706,0.955,5.25,4.295,0.973,4.578,3.605,0.972,4.849,3.877,,
0.984,10.302,9.318,0.961,5.22,4.259,0.971,4.525,3.554,0.97,4.824,3.854,,
1,10.681,9.681,0.955,5.246,4.291,0.973,4.574,3.601,0.972,4.845,3.873,,
1.002,10.327,9.325,0.961,5.244,4.283,0.971,4.549,3.578,0.97,4.848,3.878,,
1,10.32,9.32,0.955,5.24,4.285,0.973,4.568,3.595,0.972,4.839,3.867,,
0.99,10.843,9.853,0.961,5.222,4.261,0.971,4.527,3.556,0.97,4.826,3.856,,
0.996,10.369,9.373,0.955,5.238,4.283,0.973,4.566,3.593,0.972,4.837,3.865,,
0.986,10.386,9.4,0.961,5.224,4.263,0.971,4.523,3.552,0.97,4.806,3.836,,
0.987,10.919,9.932,0.955,5.228,4.273,0.973,4.556,3.583,0.972,4.828,3.856,,
0.986,10.923,9.937,0.961,5.248,4.287,0.971,4.547,3.576,0.97,4.852,3.882,,
0.998,10.468,9.47,0.955,5.244,4.289,0.973,4.564,3.591,0.972,4.843,3.871,,
0.975,10.396,9.421,0.961,5.194,4.233,0.971,4.493,3.522,0.97,4.798,3.828,,
1.002,10.425,9.423,0.955,5.244,4.289,0.973,4.564,3.591,0.972,4.843,3.871,,
0.977,10.351,9.374,0.961,5.202,4.241,0.971,4.503,3.532,0.97,4.806,3.836,,
1.002,10.936,9.934,0.955,5.286,4.331,0.973,4.67,3.697,0.972,4.885,3.913,,
0.981,10.328,9.347,0.961,5.21,4.249,0.971,4.511,3.54,0.97,4.814,3.844,,
0.987,10.455,9.468,0.955,5.224,4.269,0.973,4.544,3.571,0.972,4.823,3.851,,
0.992,10.426,9.434,0.961,5.224,4.263,0.971,4.527,3.556,0.97,4.828,3.858,,
0.993,10.402,9.409,0.955,5.236,4.281,0.973,4.556,3.583,0.972,4.835,3.863,,
0.996,10.384,9.388,0.961,5.234,4.273,0.971,4.537,3.566,0.97,4.838,3.868,,
1,10.916,9.916,0.955,5.248,4.293,0.973,4.568,3.595,0.972,4.847,3.875,,
0.99,10.39,9.4,0.961,5.304,4.343,0.971,4.603,3.632,0.97,4.908,3.938,,
0.991,10.466,9.475,0.955,5.236,4.281,0.973,4.564,3.591,0.972,4.835,3.863,,
0.979,10.525,9.546,0.961,5.202,4.241,0.971,4.501,3.53,0.97,4.806,3.836,,
1.004,10.415,9.411,0.955,5.248,4.293,0.973,4.568,3.595,0.972,4.847,3.875,,
0.99,10.405,9.415,0.961,5.216,4.255,0.971,4.519,3.548,0.97,4.82,3.85,,
1.002,10.897,9.895,0.955,5.242,4.287,0.973,4.56,3.587,0.972,4.841,3.869,,
0.99,10.391,9.401,0.961,5.298,4.337,0.971,4.605,3.634,0.97,4.902,3.932,,
0.989,10.394,9.405,0.955,5.228,4.273,0.973,4.548,3.575,0.972,4.827,3.855,,
0.988,10.388,9.4,0.961,5.218,4.257,0.971,4.517,3.546,0.97,4.822,3.852,,
1.002,10.367,9.365,0.955,5.25,4.295,0.973,4.57,3.597,0.972,4.849,3.877,,
0.99,10.358,9.368,0.961,5.22,4.259,0.971,4.523,3.552,0.97,4.824,3.854,,
0.995,11.063,10.068,0.955,5.24,4.285,0.973,4.56,3.587,0.972,4.839,3.867,,
0.996,10.448,9.452,0.961,5.236,4.275,0.971,4.539,3.568,0.97,4.84,3.87,,
0.991,10.439,9.448,0.955,5.236,4.281,0.973,4.564,3.591,0.972,4.835,3.863,,
0.981,10.404,9.423,0.961,5.206,4.245,0.971,4.505,3.534,0.97,4.81,3.84,,
1.004,10.456,9.452,0.955,5.248,4.293,0.973,4.568,3.595,0.972,4.843,3.871,,
0.977,10.314,9.337,0.961,5.202,4.241,0.971,4.532,3.561,0.97,4.806,3.836,,
1.002,10.913,9.911,0.955,5.294,4.339,0.973,4.614,3.641,0.972,4.893,3.921,,
0.979,10.327,9.348,0.961,5.208,4.247,0.971,4.513,3.542,0.97,4.812,3.842,,
1,10.45,9.45,0.955,5.244,4.289,0.973,4.572,3.599,0.972,4.843,3.871,,
0.981,10.33,9.349,0.961,5.206,4.245,0.971,4.505,3.534,0.97,4.81,3.84,,
1,10.363,9.363,0.955,5.25,4.295,0.973,4.572,3.599,0.973,4.849,3.876,,
0.988,10.407,9.419,0.961,5.216,4.255,0.971,4.521,3.55,0.97,4.82,3.85,,
0.989,10.984,9.995,0.955,5.228,4.273,0.973,4.55,3.577,0.972,4.827,3.855,,
0.994,10.945,9.951,0.961,5.23,4.269,0.971,4.533,3.562,0.97,4.834,3.864,,
0.99,10.452,9.462,0.954,5.232,4.278,0.972,4.558,3.586,0.972,4.831,3.859,,
0.981,10.27,9.289,0.961,5.206,4.245,0.971,4.505,3.534,0.97,4.81,3.84,,
1,10.412,9.412,0.955,5.236,4.281,0.973,4.556,3.583,0.974,4.835,3.861,,
0.977,10.302,9.325,0.961,5.202,4.241,0.971,4.507,3.536,0.97,4.806,3.836,,
1,11.092,10.092,0.955,5.332,4.377,0.973,4.68,3.707,0.972,4.931,3.959,,
0.979,10.337,9.358,0.961,5.204,4.243,0.971,4.509,3.538,0.97,4.808,3.838,,
1,10.53,9.53,0.955,5.42,4.465,0.973,4.748,3.775,0.972,5.019,4.047,,
0.99,10.44,9.45,0.961,5.22,4.259,0.971,4.519,3.548,0.97,4.824,3.854,,
0.998,10.419,9.421,0.955,5.238,4.283,0.973,4.568,3.595,0.972,4.832,3.86,,
0.981,10.349,9.368,0.961,5.208,4.247,0.971,4.511,3.54,0.97,4.812,3.842,,
1,11.11,10.11,0.955,5.248,4.293,0.973,4.832,3.859,0.972,4.847,3.875,,
0.994,10.342,9.348,0.961,5.23,4.269,0.971,4.529,3.558,0.97,4.835,3.865,,
0.989,27.246,26.257,0.955,5.232,4.277,0.973,4.562,3.589,0.972,4.831,3.859,,
9.709,19.317,9.608,0.961,13.942,12.981,0.971,13.231,12.26,0.97,13.527,12.557,,
0.998,10.575,9.577,0.955,5.24,4.285,0.973,4.56,3.587,0.972,4.843,3.871,,
0.99,14.081,13.091,0.961,5.218,4.257,0.971,4.521,3.55,0.97,4.822,3.852,,
0.989,10.805,9.816,0.955,5.312,4.357,0.973,4.632,3.659,0.972,4.911,3.939,,
1.005,10.954,9.949,0.961,5.242,4.281,0.971,4.541,3.57,0.97,4.846,3.876,,
1.033,10.443,9.41,0.955,5.36,4.405,0.973,4.682,3.709,0.972,4.959,3.987,,
0.993,10.482,9.489,0.961,5.222,4.261,0.971,4.527,3.556,0.97,4.826,3.856,,
1.005,10.636,9.631,0.955,13.774,12.819,0.973,13.094,12.121,0.972,13.37,12.398,,
0.988,10.559,9.571,0.961,5.22,4.259,0.971,4.521,3.55,0.97,4.824,3.854,,
0.998,14.508,13.51,0.955,5.25,4.295,0.973,4.57,3.597,0.972,4.849,3.877,,
0.992,10.501,9.509,0.961,5.224,4.263,0.971,4.529,3.558,0.97,4.828,3.858,,
0.997,10.889,9.892,0.955,5.24,4.285,0.973,4.56,3.587,0.972,4.839,3.867,,
0.998,10.436,9.438,0.961,5.232,4.271,0.971,4.535,3.564,0.97,4.836,3.866,,
0.997,10.39,9.393,0.955,5.236,4.281,0.973,4.552,3.579,0.972,4.835,3.863,,
0.998,10.406,9.408,0.961,5.232,4.271,0.971,4.535,3.564,0.97,4.836,3.866,,
1.004,19.742,18.738,0.955,14.278,13.323,0.973,13.618,12.645,0.972,13.877,12.905,,
0.985,10.388,9.403,0.961,5.202,4.241,0.971,4.501,3.53,0.97,4.806,3.836,,
1.002,10.897,9.895,0.955,5.254,4.299,0.973,4.574,3.601,0.972,4.853,3.881,,
0.987,10.35,9.363,0.961,5.214,4.253,0.971,4.517,3.546,0.955,4.818,3.863,,
0.994,10.384,9.39,0.955,5.242,4.287,0.973,4.564,3.591,0.972,4.841,3.869,,
0.996,10.982,9.986,0.961,5.224,4.263,0.971,4.527,3.556,0.97,4.828,3.858,,
0.987,10.883,9.896,0.955,5.228,4.273,0.973,4.548,3.575,0.972,4.827,3.855,,
0.997,10.363,9.366,0.961,5.228,4.267,0.971,4.531,3.56,0.97,4.832,3.862,,
1.005,19.271,18.266,0.955,5.264,4.309,0.973,4.584,3.611,0.975,4.863,3.888,,
1.001,10.58,9.579,0.961,5.234,4.273,0.971,4.537,3.566,0.97,4.838,3.868,,
1.007,10.627,9.62,0.955,5.266,4.311,0.973,4.586,3.613,0.972,4.865,3.893,,
1.014,13.857,12.843,0.961,5.252,4.291,0.971,4.551,3.58,0.964,4.856,3.892,,
0.987,10.773,9.786,0.955,5.234,4.279,0.973,4.542,3.569,0.972,4.833,3.861,,
0.985,10.891,9.906,0.961,5.222,4.261,0.971,4.529,3.558,0.97,4.826,3.856,,
1.003,10.446,9.443,0.955,5.246,4.291,0.973,4.57,3.597,0.972,4.845,3.873,,
0.999,10.321,9.322,0.961,5.228,4.267,0.971,4.541,3.57,0.97,4.832,3.862,,
1.004,10.392,9.388,0.955,5.252,4.297,0.973,4.576,3.603,0.972,4.851,3.879,,
0.989,19.236,18.247,0.961,13.99,13.029,0.971,13.293,12.322,0.97,13.594,12.624,,
1.009,10.785,9.776,0.955,5.254,4.299,0.973,4.576,3.603,0.972,4.853,3.881,,
0.993,10.372,9.379,0.961,5.234,4.273,0.971,4.533,3.562,0.97,4.838,3.868,,
1.004,10.735,9.731,0.955,5.256,4.301,0.973,4.578,3.605,0.972,4.855,3.883,,
0.988,10.341,9.353,0.961,5.23,4.269,0.971,4.533,3.562,0.97,4.834,3.864,,
1.006,10.646,9.64,0.955,5.256,4.301,0.973,4.586,3.613,0.972,4.855,3.883,,
0.992,10.428,9.436,0.961,5.268,4.307,0.971,4.567,3.596,0.97,4.872,3.902,,
0.998,10.539,9.541,0.955,5.248,4.293,0.973,4.57,3.597,0.972,4.847,3.875,,
0.985,22.405,21.42,0.961,5.21,4.249,0.971,4.509,3.538,0.97,4.814,3.844,,
1.001,10.817,9.816,0.955,5.242,4.287,0.973,4.564,3.591,0.972,4.841,3.869,,
0.995,10.461,9.466,0.961,5.216,4.255,0.971,4.515,3.544,0.97,4.82,3.85,,
1,10.362,9.362,0.955,5.238,4.283,0.973,4.558,3.585,0.972,4.837,3.865,,
0.996,10.339,9.343,0.961,5.218,4.257,0.971,4.521,3.55,0.97,4.821,3.851,,
1.004,10.394,9.39,0.955,5.332,4.377,0.973,4.658,3.685,0.972,4.931,3.959,,
0.981,10.322,9.341,0.961,5.196,4.235,0.971,4.495,3.524,0.97,4.8,3.83,,
1.004,10.823,9.819,0.955,5.282,4.327,0.973,4.606,3.633,0.972,4.881,3.909,,
0.985,10.392,9.407,0.961,5.216,4.255,0.971,4.517,3.546,0.97,4.824,3.854,,
1.004,28.216,27.212,0.955,22.882,21.927,0.973,22.22,21.247,0.972,22.481,21.509,,
1.001,10.39,9.389,0.961,5.218,4.257,0.971,4.519,3.548,0.97,4.807,3.837,,
1.001,10.434,9.433,0.955,5.24,4.285,0.973,4.56,3.587,0.972,4.839,3.867,,
0.987,10.48,9.493,0.961,5.206,4.245,0.971,4.509,3.538,0.97,4.81,3.84,,
1.006,10.428,9.422,0.955,5.244,4.289,0.973,4.566,3.593,0.966,4.843,3.877,,
0.994,10.298,9.304,0.961,5.212,4.251,0.971,4.515,3.544,0.97,4.816,3.846,,
1.002,10.369,9.367,0.955,5.244,4.289,0.973,4.568,3.595,0.972,4.843,3.871,,
0.994,10.449,9.455,0.961,5.212,4.251,0.971,4.515,3.544,0.97,4.816,3.846,,
1.004,10.357,9.353,0.955,5.244,4.289,0.973,4.566,3.593,0.972,4.843,3.871,,
0.993,11.058,10.065,0.961,13.21,12.249,0.971,12.515,11.544,0.97,12.814,11.844,,
0.994,10.344,9.35,0.955,5.23,4.275,0.973,4.548,3.575,0.972,4.829,3.857,,
0.993,10.319,9.326,0.961,5.224,4.263,0.971,4.523,3.552,0.97,4.828,3.858,,
1.004,10.436,9.432,0.955,5.302,4.347,0.973,4.622,3.649,0.972,4.901,3.929,,
0.987,10.302,9.315,0.961,5.21,4.249,0.971,4.509,3.538,0.97,4.814,3.844,,
1,10.326,9.326,0.955,5.246,4.291,0.973,4.566,3.593,0.957,4.845,3.888,,
0.992,10.491,9.499,0.961,5.214,4.253,0.971,4.515,3.544,0.97,4.818,3.848,,
0.989,10.485,9.496,0.955,5.23,4.275,0.973,4.548,3.575,0.972,4.829,3.857,,
0.994,19.396,18.402,0.961,5.224,4.263,0.971,4.527,3.556,0.97,4.828,3.858,,
0.999,10.554,9.555,0.955,5.234,4.279,0.973,4.554,3.581,0.972,4.833,3.861,,
1.002,10.975,9.973,0.961,5.292,4.331,0.971,4.603,3.632,0.97,4.896,3.926,,
0.998,10.48,9.482,0.955,5.25,4.295,0.973,4.57,3.597,0.972,4.849,3.877,,
0.997,10.397,9.4,0.961,5.23,4.269,0.971,4.533,3.562,0.97,4.83,3.86,,
1.005,10.594,9.589,0.955,5.384,4.429,0.973,4.752,3.779,0.973,4.982,4.009,,
1.002,10.672,9.67,0.961,5.236,4.275,0.971,4.535,3.564,0.97,4.842,3.872,,
1.004,10.468,9.464,0.955,5.318,4.363,0.973,4.644,3.671,0.972,4.92,3.948,,
1.034,10.444,9.41,1.01,5.352,4.342,1.017,4.655,3.638,0.959,5.001,4.042,,
1.002,21.378,20.376,0.955,5.246,4.291,0.973,13.594,12.621,0.972,4.845,3.873,,
0.992,10.664,9.672,0.961,5.258,4.297,0.971,4.561,3.59,0.97,4.862,3.892,,
1.011,10.961,9.95,0.955,5.262,4.307,0.973,4.584,3.611,0.972,4.861,3.889,,
0.988,10.399,9.411,0.961,5.21,4.249,0.971,4.511,3.54,0.97,4.814,3.844,,
1.014,10.973,9.959,0.955,5.272,4.317,0.973,4.59,3.617,0.972,4.871,3.899,,
0.987,10.405,9.418,0.961,5.222,4.261,0.971,4.521,3.55,0.97,4.826,3.856,,
1.006,10.538,9.532,0.955,5.268,4.313,0.973,4.586,3.613,0.972,4.867,3.895,,
0.996,10.346,9.35,0.961,5.25,4.289,0.971,4.549,3.578,0.97,4.854,3.884,,
0.993,19.415,18.422,0.955,5.236,4.281,0.973,4.554,3.581,0.972,4.835,3.863,,
0.997,11.146,10.149,0.961,5.222,4.261,0.971,4.521,3.55,0.97,4.826,3.856,,
1.001,10.475,9.474,0.955,5.25,4.295,0.973,4.568,3.595,0.972,4.849,3.877,,
0.981,10.436,9.455,0.961,5.204,4.243,0.971,4.507,3.536,0.97,4.808,3.838,,
1.013,10.387,9.374,0.955,5.266,4.311,0.973,4.584,3.611,0.972,4.865,3.893,,
0.999,10.736,9.737,0.961,5.23,4.269,0.971,4.533,3.562,0.973,4.834,3.861,,
1.006,10.415,9.409,0.955,5.272,4.317,0.973,4.59,3.617,0.972,4.871,3.899,,
0.985,10.747,9.762,0.961,5.214,4.253,0.971,4.515,3.544,0.97,4.818,3.848,,
0.991,10.391,9.4,0.955,5.248,4.293,0.973,4.566,3.593,0.972,4.842,3.87,,
1.004,20.015,19.011,0.961,5.236,4.275,0.971,13.437,12.466,0.97,4.84,3.87,,
1.015,11.137,10.122,0.955,5.27,4.315,0.973,4.588,3.615,0.972,4.869,3.897,,
0.98,10.956,9.976,0.961,5.206,4.245,0.971,4.507,3.536,0.97,4.81,3.84,,
1.002,10.349,9.347,0.955,5.244,4.289,0.973,4.562,3.589,0.957,4.843,3.886,,
0.993,10.902,9.909,0.961,5.222,4.261,0.971,4.523,3.552,0.97,4.826,3.856,,
0.991,10.466,9.475,0.955,5.236,4.281,0.973,4.558,3.585,0.973,4.835,3.862,,
0.985,10.826,9.841,0.961,5.208,4.247,0.971,4.505,3.534,0.97,4.812,3.842,,
1.002,10.424,9.422,0.955,5.262,4.307,0.973,4.582,3.609,0.972,4.861,3.889,,
0.994,27.866,26.872,0.961,5.218,4.257,0.971,4.523,3.552,0.955,4.822,3.867,,
1.002,11.155,10.153,0.955,5.248,4.293,0.973,4.566,3.593,0.972,4.847,3.875,,
0.979,10.449,9.47,0.961,5.204,4.243,0.974,4.503,3.529,0.97,4.807,3.837,,
1.01,10.445,9.435,0.955,5.342,4.387,0.973,4.66,3.687,0.972,4.941,3.969,,
0.986,10.389,9.403,0.961,5.324,4.363,0.971,4.629,3.658,0.97,4.928,3.958,,
1.014,10.432,9.418,0.955,5.268,4.313,0.973,4.586,3.613,0.972,4.867,3.895,,
0.979,10.503,9.524,0.961,5.192,4.231,0.971,4.495,3.524,0.97,4.796,3.826,,
1.002,10.43,9.428,0.955,5.252,4.297,0.973,4.57,3.597,0.972,4.851,3.879,,
0.969,10.547,9.578,0.961,5.182,4.221,0.971,4.485,3.514,0.955,4.786,3.831,,
1.008,19.293,18.285,0.955,5.27,4.315,0.973,4.588,3.615,0.972,4.869,3.897,,
0.998,10.391,9.393,0.961,5.22,4.259,0.971,4.521,3.55,0.97,4.824,3.854,,
0.993,10.352,9.359,0.955,5.232,4.277,0.973,4.55,3.577,0.972,4.831,3.859,,
0.998,10.723,9.725,0.961,5.224,4.263,0.971,4.525,3.554,0.97,4.828,3.858,,
1.001,10.425,9.424,0.955,5.256,4.301,0.973,4.576,3.603,0.972,4.844,3.872,,
0.996,10.751,9.755,0.961,5.222,4.261,0.971,4.523,3.552,0.97,4.826,3.856,,
1.002,10.378,9.376,0.955,5.258,4.303,0.973,4.58,3.607,0.972,4.857,3.885,,
0.986,10.706,9.72,0.961,5.21,4.249,0.971,4.515,3.544,0.97,4.814,3.844,,
0.997,10.366,9.369,0.955,5.25,4.295,0.973,4.57,3.597,0.972,4.849,3.877,,
9.913,19.98,10.067,0.961,14.15,13.189,0.971,13.449,12.478,0.97,13.754,12.784,,
1.005,11.01,10.005,0.955,5.248,4.293,0.973,4.566,3.593,0.972,4.847,3.875,,
0.986,10.877,9.891,0.961,5.208,4.247,0.971,4.507,3.536,0.97,4.812,3.842,,
1.007,10.44,9.433,0.955,5.252,4.297,0.973,4.57,3.597,0.972,4.868,3.896,,
0.983,10.919,9.936,0.961,5.204,4.243,0.971,4.507,3.536,0.97,4.808,3.838,,
0.993,10.502,9.509,0.955,5.234,4.279,0.973,4.554,3.581,0.972,4.829,3.857,,
0.987,10.491,9.504,0.961,5.216,4.255,0.971,4.519,3.548,0.97,4.82,3.85,,
0.997,10.481,9.484,0.955,5.242,4.287,0.973,4.56,3.587,0.972,4.841,3.869,,
0.996,19.069,18.073,0.961,5.228,4.267,0.971,4.527,3.556,0.977,4.832,3.855,,
1.005,10.506,9.501,0.955,5.248,4.293,0.973,4.57,3.597,0.972,4.847,3.875,,
0.987,10.47,9.483,0.961,5.204,4.243,0.971,4.501,3.53,0.97,4.808,3.838,,
1.008,10.457,9.449,0.955,5.254,4.299,0.973,4.572,3.599,0.968,4.856,3.888,,
0.985,10.327,9.342,0.961,5.202,4.241,0.971,4.499,3.528,0.97,4.806,3.836,,
1.006,10.834,9.828,0.955,5.256,4.301,0.973,4.574,3.601,0.967,4.855,3.888,,
0.981,10.364,9.383,0.961,5.212,4.251,0.971,4.509,3.538,0.97,4.811,3.841,,
1.002,10.697,9.695,0.955,5.256,4.301,0.973,4.574,3.601,0.972,4.855,3.883,,
1.004,10.467,9.463,0.961,5.286,4.325,0.971,4.583,3.612,0.97,4.89,3.92,,
1.006,19.904,18.898,0.955,14.058,13.103,0.973,13.394,12.421,0.972,13.657,12.685,,
0.999,10.917,9.918,0.961,5.216,4.255,0.971,4.515,3.544,0.97,4.82,3.85,,
0.998,10.945,9.947,0.955,5.248,4.293,0.973,4.566,3.593,0.972,4.847,3.875,,
1.008,10.425,9.417,0.961,5.232,4.271,0.971,4.533,3.562,0.966,4.836,3.87,,
1.001,10.983,9.982,0.955,5.244,4.289,0.973,4.562,3.589,0.972,4.843,3.871,,
0.979,10.441,9.462,0.961,5.218,4.257,0.971,4.521,3.55,0.97,4.822,3.852,,
0.998,10.506,9.508,0.955,5.29,4.335,0.973,4.646,3.673,0.972,4.889,3.917,,
0.989,10.366,9.377,0.961,5.208,4.247,0.971,4.511,3.54,0.97,4.812,3.842,,
1.011,19.47,18.459,0.955,5.26,4.305,0.973,4.578,3.605,0.972,4.859,3.887,,
0.993,11.139,10.146,0.961,5.222,4.261,0.971,4.527,3.556,0.97,4.826,3.856,,
1.001,10.403,9.402,0.955,5.25,4.295,0.973,4.57,3.597,0.972,4.849,3.877,,
0.997,10.416,9.419,0.961,5.224,4.263,0.971,4.529,3.558,0.97,4.828,3.858,,
1.002,10.345,9.343,0.955,5.25,4.295,0.973,4.57,3.597,0.965,4.849,3.884,,
0.994,10.451,9.457,0.961,5.222,4.261,0.971,4.523,3.552,0.974,4.826,3.852,,
1.001,10.44,9.439,0.955,5.25,4.295,0.973,4.568,3.595,0.972,4.849,3.877,,
0.998,10.851,9.853,0.961,5.224,4.263,0.971,4.523,3.552,0.97,4.828,3.858,,
0.993,10.427,9.434,0.955,5.256,4.301,0.973,4.576,3.603,0.972,4.855,3.883,,
0.981,21.184,20.203,0.961,5.2,4.239,0.971,4.503,3.532,0.97,4.799,3.829,,
0.993,10.853,9.86,0.955,5.238,4.283,0.973,4.56,3.587,0.972,4.836,3.864,,
0.979,10.83,9.851,0.961,5.194,4.233,0.971,4.491,3.52,0.97,4.798,3.828,,
0.994,11.037,10.043,0.955,5.242,4.287,0.973,4.56,3.587,0.972,4.841,3.869,,
0.986,10.955,9.969,0.961,5.21,4.249,0.971,4.511,3.54,0.97,4.814,3.844,,
1.021,11.099,10.078,0.955,5.274,4.319,0.973,4.602,3.629,0.972,4.873,3.901,,
0.985,11.017,10.032,0.961,5.208,4.247,0.971,4.513,3.542,0.97,4.816,3.846,,
1,10.933,9.933,0.955,5.254,4.299,0.973,4.572,3.599,0.957,4.853,3.896,,
0.992,10.88,9.888,0.961,5.214,4.253,0.971,4.515,3.544,0.97,4.818,3.848,,
0.993,10.964,9.971,0.955,5.238,4.283,0.973,4.558,3.585,0.957,4.837,3.88,,
0.992,10.912,9.92,0.961,5.226,4.265,0.971,4.527,3.556,0.97,4.83,3.86,,
1.005,10.966,9.961,0.955,5.246,4.291,0.973,4.564,3.591,0.972,4.845,3.873,,
0.998,10.861,9.863,0.961,5.22,4.259,0.971,4.517,3.546,0.97,4.824,3.854,,
1.003,10.964,9.961,0.955,5.254,4.299,0.973,4.572,3.599,0.966,4.853,3.887,,
1.004,10.88,9.876,0.961,5.236,4.275,0.971,4.541,3.57,0.97,4.84,3.87,,
0.987,11.018,10.031,0.955,5.238,4.283,0.973,4.56,3.587,0.972,4.836,3.864,,
0.998,10.891,9.893,0.961,5.302,4.341,0.971,4.603,3.632,0.97,4.906,3.936,,
1.006,11.034,10.028,0.955,5.246,4.291,0.973,4.564,3.591,0.972,4.845,3.873,,
0.996,10.904,9.908,0.961,5.226,4.265,0.971,4.527,3.556,0.97,4.83,3.86,,
1.004,10.967,9.963,0.955,5.272,4.317,0.973,4.592,3.619,0.972,4.871,3.899,,
0.987,10.969,9.982,0.961,5.206,4.245,0.971,4.503,3.532,0.97,4.81,3.84,,
1.004,11.309,10.305,0.955,5.266,4.311,0.973,4.59,3.617,0.972,4.865,3.893,,
0.985,10.821,9.836,0.961,5.206,4.245,0.971,4.503,3.532,0.97,4.81,3.84,,
1.002,10.404,9.402,0.955,5.258,4.303,0.973,4.58,3.607,0.972,4.852,3.88,,
1,11.262,10.262,0.961,5.224,4.263,0.971,4.529,3.558,0.97,4.828,3.858,,
0.991,10.375,9.384,0.955,5.236,4.281,0.973,4.554,3.581,0.972,4.835,3.863,,
0.99,10.465,9.475,0.961,5.212,4.251,0.971,4.513,3.542,0.97,4.816,3.846,,
1,10.391,9.391,0.955,5.248,4.293,0.973,4.566,3.593,0.972,4.847,3.875,,
0.977,10.38,9.403,0.961,5.188,4.227,0.971,4.485,3.514,0.97,4.798,3.828,,
1.006,10.394,9.388,0.955,5.26,4.305,0.973,4.578,3.605,0.972,4.859,3.887,,
0.988,10.38,9.392,0.961,5.21,4.249,0.971,4.511,3.54,0.97,4.814,3.844,,
0.999,10.515,9.516,0.955,5.248,4.293,0.973,4.566,3.593,0.972,4.847,3.875,,
0.994,10.445,9.451,0.961,5.218,4.257,0.971,4.513,3.542,0.97,4.822,3.852,,
0.989,10.921,9.932,0.955,5.232,4.277,0.973,4.55,3.577,0.972,4.831,3.859,,
0.996,10.97,9.974,0.961,5.262,4.301,0.971,4.563,3.592,0.97,4.866,3.896,,
1.002,10.93,9.928,0.955,5.248,4.293,0.973,4.57,3.597,0.972,4.847,3.875,,
1.004,11.034,10.03,0.961,5.23,4.269,0.971,4.527,3.556,0.97,4.834,3.864,,
1,10.917,9.917,0.955,5.254,4.299,0.973,4.574,3.601,0.972,4.853,3.881,,
0.978,10.949,9.971,0.961,5.2,4.239,0.971,4.501,3.53,0.97,4.804,3.834,,
1.006,10.931,9.925,0.955,5.26,4.305,0.973,4.58,3.607,0.972,4.859,3.887,,
0.998,10.962,9.964,0.961,5.26,4.299,0.971,4.557,3.586,0.971,4.864,3.893,,
1.011,10.916,9.905,0.955,5.27,4.315,0.973,4.588,3.615,0.972,4.869,3.897,,
0.981,10.938,9.957,0.961,5.204,4.243,0.971,4.509,3.538,0.976,4.808,3.832,,
0.997,10.884,9.887,0.955,5.244,4.289,0.973,4.562,3.589,0.972,4.843,3.871,,
1.006,11.037,10.031,0.961,5.238,4.277,0.971,4.535,3.564,0.97,4.827,3.857,,
1.006,11.005,9.999,0.955,5.288,4.333,0.973,4.616,3.643,0.972,4.887,3.915,,
0.983,11.268,10.285,0.961,5.21,4.249,0.971,4.511,3.54,0.97,4.819,3.849,,
1.004,10.956,9.952,0.955,5.256,4.301,0.973,4.574,3.601,0.972,4.855,3.883,,
0.989,11.003,10.014,0.961,5.21,4.249,0.971,4.509,3.538,0.97,4.812,3.842,,
1.002,11.002,10,0.955,5.254,4.299,0.973,4.572,3.599,0.972,4.853,3.881,,
0.983,10.391,9.408,0.961,5.206,4.245,0.971,4.507,3.536,0.97,4.81,3.84,,
1.008,11.03,10.022,0.955,5.37,4.415,0.973,4.692,3.719,0.972,4.969,3.997,,
0.991,10.33,9.339,0.961,5.216,4.255,0.971,4.513,3.542,0.98,4.82,3.84,,
1.01,10.495,9.485,0.955,5.266,4.311,0.973,4.584,3.611,0.972,4.865,3.893,,
0.992,10.358,9.366,0.961,5.224,4.263,0.971,4.517,3.546,0.97,4.828,3.858,,
0.991,10.431,9.44,0.955,5.234,4.279,0.973,4.552,3.579,0.972,4.833,3.861,,
0.992,10.357,9.365,0.961,5.218,4.257,0.971,4.519,3.548,0.97,4.822,3.852,,
0.998,11.457,10.459,0.955,5.242,4.287,0.973,4.564,3.591,0.972,4.841,3.869,,
0.986,10.351,9.365,0.961,5.218,4.257,0.971,4.517,3.546,0.97,4.822,3.852,,
0.996,10.512,9.516,0.955,5.246,4.291,0.973,4.566,3.593,0.972,4.86,3.888,,
0.989,10.915,9.926,0.961,5.214,4.253,0.971,4.513,3.542,0.97,4.818,3.848,,
0.998,10.958,9.96,0.955,5.25,4.295,0.973,4.57,3.597,0.972,4.849,3.877,,
0.998,10.925,9.927,0.961,5.338,4.377,0.971,4.639,3.668,0.97,4.942,3.972,,
0.986,11.029,10.043,0.955,5.228,4.273,0.973,4.548,3.575,0.957,4.827,3.87,,
1.004,11.073,10.069,0.961,5.294,4.333,0.971,4.597,3.626,0.97,4.898,3.928,,
0.999,10.983,9.984,0.955,5.256,4.301,0.973,4.576,3.603,0.972,4.855,3.883,,
0.989,10.829,9.84,0.961,5.214,4.253,0.971,4.513,3.542,0.97,4.818,3.848,,
0.991,10.912,9.921,0.955,5.244,4.289,0.973,4.564,3.591,0.972,4.843,3.871,,
0.989,10.84,9.851,0.961,5.218,4.257,0.971,4.519,3.548,0.97,4.822,3.852,,
0.991,11.064,10.073,0.955,5.234,4.279,0.973,4.554,3.581,0.976,4.833,3.857,,
0.989,10.924,9.935,0.961,5.218,4.257,0.971,4.519,3.548,0.97,4.822,3.852,,
0.987,11.021,10.034,0.955,5.232,4.277,0.973,4.552,3.579,0.972,4.843,3.871,,
0.991,10.937,9.946,0.961,5.222,4.261,0.971,4.523,3.552,0.97,4.826,3.856,,
1.004,11.14,10.136,0.955,5.35,4.395,0.973,4.67,3.697,0.972,4.952,3.98,,
0.987,10.974,9.987,0.961,5.214,4.253,0.971,4.515,3.544,0.97,4.818,3.848,,
1.002,10.491,9.489,0.955,5.27,4.315,0.973,4.604,3.631,0.972,4.868,3.896,,
0.987,10.957,9.97,0.961,5.21,4.249,0.971,4.509,3.538,0.97,4.83,3.86,,
1.008,10.506,9.498,0.955,5.258,4.303,0.973,4.578,3.605,0.972,4.857,3.885,,
0.994,10.404,9.41,0.961,5.226,4.265,0.971,4.529,3.558,0.97,4.83,3.86,,
1.002,10.434,9.432,0.955,5.332,4.377,0.973,4.652,3.679,0.972,4.931,3.959,,
0.998,10.384,9.386,0.961,5.226,4.265,0.971,4.529,3.558,0.97,4.83,3.86,,
0.993,10.331,9.338,0.955,5.236,4.281,0.973,4.556,3.583,0.957,4.835,3.878,,
0.998,10.527,9.529,0.961,5.232,4.271,0.971,4.535,3.564,0.97,4.836,3.866,,
1.014,10.484,9.47,0.955,5.278,4.323,0.973,4.598,3.625,0.972,4.877,3.905,,
0.988,10.716,9.728,0.961,5.216,4.255,0.971,4.515,3.544,0.97,4.82,3.85,,
1.008,11.032,10.024,0.955,5.326,4.371,0.973,4.65,3.677,0.972,4.925,3.953,,
1,11.036,10.036,0.961,5.354,4.393,0.971,4.657,3.686,0.97,4.958,3.988,,
1.006,10.93,9.924,0.955,5.346,4.391,0.973,4.668,3.695,0.972,4.945,3.973,,
0.984,10.846,9.862,0.961,5.204,4.243,0.971,4.507,3.536,0.97,4.808,3.838,,
1.018,11.01,9.992,0.955,5.376,4.421,0.973,4.706,3.733,0.972,4.975,4.003,,
0.995,10.834,9.839,0.961,5.23,4.269,0.971,4.529,3.558,0.977,4.834,3.857,,
1.002,10.904,9.902,0.955,5.258,4.303,0.973,4.578,3.605,0.972,4.857,3.885,,
0.99,10.916,9.926,0.961,5.216,4.255,0.971,4.511,3.54,0.97,4.819,3.849,,
1.008,10.921,9.913,0.955,5.266,4.311,0.973,4.588,3.615,0.972,4.865,3.893,,
0.99,10.896,9.906,0.961,5.21,4.249,0.971,4.513,3.542,0.97,4.813,3.843,,
1.008,10.934,9.926,0.955,5.278,4.323,0.973,4.6,3.627,0.972,4.877,3.905,,
0.993,10.956,9.963,0.961,5.302,4.341,0.971,4.603,3.632,0.97,4.906,3.936,,
1.014,11.029,10.015,0.955,5.31,4.355,0.973,4.632,3.659,0.972,4.909,3.937,,
0.998,10.951,9.953,0.961,5.22,4.259,0.971,4.519,3.548,0.97,4.824,3.854,,
1.008,10.952,9.944,0.955,5.266,4.311,0.973,4.596,3.623,0.972,4.865,3.893,,
0.979,11.279,10.3,0.961,5.194,4.233,0.971,4.499,3.528,0.97,4.799,3.829,,
1.016,10.938,9.922,0.955,5.276,4.321,0.973,4.596,3.623,0.972,4.875,3.903,,
0.996,10.854,9.858,0.961,5.216,4.255,0.971,4.525,3.554,0.97,4.82,3.85,,
0.993,10.916,9.923,0.955,5.244,4.289,0.973,4.566,3.593,0.972,4.843,3.871,,
0.988,10.34,9.352,0.961,5.21,4.249,0.971,4.509,3.538,0.97,4.814,3.844,,
1.016,11.084,10.068,0.955,5.276,4.321,0.973,4.598,3.625,0.972,4.875,3.903,,
0.992,10.415,9.423,0.961,5.224,4.263,0.971,4.523,3.552,0.97,4.828,3.858,,
0.999,10.458,9.459,0.955,5.252,4.297,0.973,4.582,3.609,0.972,4.851,3.879,,
0.991,10.301,9.31,0.961,5.212,4.251,0.971,4.511,3.54,0.97,4.816,3.846,,
1.004,10.433,9.429,0.955,5.248,4.293,0.973,4.568,3.595,0.972,4.862,3.89,,
1,10.41,9.41,0.961,5.224,4.263,0.971,4.527,3.556,0.97,4.828,3.858,,
1.01,10.444,9.434,0.955,5.268,4.313,0.973,4.588,3.615,0.972,4.867,3.895,,
0.99,10.403,9.413,0.961,5.208,4.247,0.971,4.511,3.54,0.97,4.812,3.842,,
1.017,10.469,9.452,0.955,5.264,4.309,0.973,4.584,3.611,0.972,4.863,3.891,,
0.989,10.942,9.953,0.961,5.218,4.257,0.971,4.519,3.548,0.97,4.822,3.852,,
0.993,10.97,9.977,0.955,5.24,4.285,0.973,4.56,3.587,0.972,4.839,3.867,,
0.992,10.975,9.983,0.961,5.22,4.259,0.971,4.523,3.552,0.97,4.824,3.854,,
1.013,10.984,9.971,0.955,5.376,4.421,0.973,4.706,3.733,0.972,4.975,4.003,,
0.985,10.899,9.914,0.961,5.206,4.245,0.971,4.505,3.534,0.97,4.814,3.844,,
1.008,10.933,9.925,0.955,5.276,4.321,0.973,4.596,3.623,0.972,4.875,3.903,,
0.994,10.978,9.984,0.961,5.288,4.327,0.971,4.587,3.616,0.97,4.892,3.922,,
1.023,10.964,9.941,0.955,5.29,4.335,0.973,4.61,3.637,0.957,4.889,3.932,,
0.987,10.935,9.948,0.961,5.214,4.253,0.971,4.517,3.546,0.97,4.815,3.845,,
1,10.996,9.996,0.955,5.248,4.293,0.973,4.568,3.595,0.972,4.847,3.875,,
0.992,10.859,9.867,0.961,5.212,4.251,0.971,4.515,3.544,0.97,4.816,3.846,,
1.002,11.108,10.106,0.955,5.258,4.303,0.973,4.578,3.605,0.972,4.857,3.885,,
0.994,10.827,9.833,0.961,5.22,4.259,0.971,4.525,3.554,0.97,4.824,3.854,,
1.008,11.046,10.038,0.955,5.266,4.311,0.973,4.592,3.619,0.972,4.868,3.896,,
0.983,10.962,9.979,0.961,5.204,4.243,0.971,4.507,3.536,0.97,4.808,3.838,,
1.002,11.119,10.117,0.955,5.26,4.305,0.973,4.58,3.607,0.972,4.841,3.869,,
1.002,10.895,9.893,0.961,5.232,4.271,0.971,4.535,3.564,0.97,4.836,3.866,,
0.997,10.405,9.408,0.955,5.25,4.295,0.973,4.576,3.603,0.972,4.852,3.88,,
0.992,10.425,9.433,0.961,5.212,4.251,0.971,4.511,3.54,0.97,4.816,3.846,,
0.997,10.376,9.379,0.955,5.254,4.299,0.973,4.578,3.605,0.972,4.853,3.881,,
0.982,10.44,9.458,0.961,5.198,4.237,0.971,4.503,3.532,0.97,4.802,3.832,,
0.995,10.36,9.365,0.955,5.244,4.289,0.973,4.566,3.593,0.972,4.843,3.871,,
0.988,11.266,10.278,0.961,5.206,4.245,0.971,4.509,3.538,0.97,4.81,3.84,,
1.003,10.658,9.655,0.955,5.258,4.303,0.973,4.58,3.607,0.977,4.857,3.88,,
0.977,10.446,9.469,0.961,5.194,4.233,0.971,4.493,3.522,0.97,4.798,3.828,,
1.004,10.828,9.824,0.955,5.248,4.293,0.973,4.568,3.595,0.972,4.847,3.875,,
0.987,10.379,9.392,0.961,5.214,4.253,0.971,4.515,3.544,0.97,4.818,3.848,,
0.998,10.936,9.938,0.955,5.246,4.291,0.973,4.57,3.597,0.972,4.845,3.873,,
0.966,10.936,9.97,0.961,5.184,4.223,0.971,4.483,3.512,0.97,4.788,3.818,,
1.004,10.994,9.99,0.955,5.258,4.303,0.973,4.578,3.605,0.972,4.861,3.889,,
1.002,10.92,9.918,0.961,5.308,4.347,0.971,4.611,3.64,0.973,4.912,3.939,,
1.006,10.928,9.922,0.955,5.262,4.307,0.973,4.584,3.611,0.972,4.861,3.889,,
0.991,11.082,10.091,0.961,5.22,4.259,0.971,4.525,3.554,0.963,4.824,3.861,,
0.991,10.954,9.963,0.955,5.24,4.285,0.973,4.56,3.587,0.972,4.839,3.867,,
1.009,10.997,9.988,0.961,5.24,4.279,0.971,4.539,3.568,0.955,4.844,3.889,,
0.991,10.91,9.919,0.955,5.238,4.283,0.973,4.558,3.585,0.972,4.837,3.865,,
0.989,10.943,9.954,0.961,5.208,4.247,0.971,4.507,3.536,0.955,4.812,3.857,,
1.006,10.965,9.959,0.955,5.262,4.307,0.973,4.584,3.611,0.972,4.864,3.892,,
0.97,10.929,9.959,0.961,5.19,4.229,0.971,4.493,3.522,0.97,4.794,3.824,,
1.011,10.973,9.962,0.955,5.272,4.317,0.973,4.608,3.635,0.972,4.871,3.899,,
0.993,10.916,9.923,0.961,5.206,4.245,0.971,4.509,3.538,0.983,4.792,3.809,,
1.004,10.904,9.9,0.955,5.258,4.303,0.973,4.578,3.605,0.972,4.857,3.885,,
0.987,11.307,10.32,0.961,5.218,4.257,0.971,4.521,3.55,0.97,4.811,3.841,,
0.998,11.053,10.055,0.955,5.25,4.295,0.973,4.57,3.597,0.972,4.849,3.877,,
0.987,11.034,10.047,0.961,5.206,4.245,0.971,4.509,3.538,0.97,4.802,3.832,,
1.004,11.071,10.067,0.955,5.258,4.303,0.973,4.578,3.605,0.972,4.857,3.885,,
0.985,10.94,9.955,0.961,5.212,4.251,0.971,4.513,3.542,0.97,4.816,3.846,,
1.002,10.917,9.915,0.955,5.258,4.303,0.973,4.578,3.605,0.972,4.857,3.885,,
0.99,11.048,10.058,0.961,5.212,4.251,0.971,4.517,3.546,0.97,4.816,3.846,,
1.008,10.956,9.948,0.955,5.264,4.309,0.973,4.596,3.623,0.972,4.863,3.891,,
0.985,11.21,10.225,0.961,5.204,4.243,0.971,4.503,3.532,0.97,4.808,3.838,,
1.002,10.877,9.875,0.955,5.258,4.303,0.973,4.58,3.607,0.972,4.857,3.885,,
0.997,10.964,9.967,0.961,5.232,4.271,0.971,4.531,3.56,0.97,4.817,3.847,,
1.004,10.903,9.899,0.955,5.258,4.303,0.973,4.58,3.607,0.972,4.857,3.885,,
1.01,10.919,9.909,0.961,5.27,4.309,0.971,4.573,3.602,0.97,4.874,3.904,,
0.998,10.987,9.989,0.955,5.284,4.329,0.973,4.604,3.631,0.972,4.883,3.911,,
0.979,11.03,10.051,0.961,5.198,4.237,0.971,4.507,3.536,0.97,4.82,3.85,,
0.995,11.046,10.051,0.955,5.242,4.287,0.973,4.562,3.589,0.972,4.841,3.869,,
0.99,10.895,9.905,0.961,5.206,4.245,0.971,4.509,3.538,0.97,4.809,3.839,,
1.008,10.972,9.964,0.955,5.342,4.387,0.973,4.664,3.691,0.972,4.941,3.969,,
0.995,10.94,9.945,0.961,5.288,4.327,0.971,4.589,3.618,0.97,4.88,3.91,,
1.012,10.977,9.965,0.955,5.272,4.317,0.973,4.592,3.619,0.972,4.871,3.899,,
0.985,10.876,9.891,0.96,5.21,4.25,0.97,4.511,3.541,0.969,4.814,3.845,,
0.991,10.907,9.916,0.955,5.238,4.283,0.973,4.56,3.587,0.972,4.837,3.865,,
0.979,11.239,10.26,0.961,5.196,4.235,0.971,4.501,3.53,0.97,4.797,3.827,,
0.995,10.941,9.946,0.955,5.242,4.287,0.973,4.562,3.589,0.972,4.841,3.869,,
1,10.95,9.95,0.961,5.222,4.261,0.971,4.523,3.552,0.97,4.826,3.856,,
0.998,10.922,9.924,0.955,5.284,4.329,0.973,4.604,3.631,0.972,4.883,3.911,,
0.986,10.949,9.963,0.961,5.218,4.257,0.971,4.523,3.552,0.97,4.805,3.835,,
1.002,10.889,9.887,0.955,5.25,4.295,0.973,4.574,3.601,0.972,4.849,3.877,,
0.996,11.127,10.131,0.961,5.22,4.259,0.971,4.521,3.55,0.97,4.825,3.855,,
0.991,11.017,10.026,0.955,5.238,4.283,0.973,4.558,3.585,0.972,4.837,3.865,,
0.981,10.413,9.432,0.961,5.202,4.241,0.971,4.503,3.532,0.97,4.806,3.836,,
1.002,10.998,9.996,0.955,5.25,4.295,0.973,4.574,3.601,0.972,4.849,3.877,,
0.985,10.359,9.374,0.961,5.206,4.245,0.971,4.505,3.534,0.97,4.81,3.84,,
1.004,10.422,9.418,0.955,5.256,4.301,0.973,4.576,3.603,0.972,4.855,3.883,,
0.998,10.404,9.406,0.961,5.228,4.267,0.971,4.531,3.56,0.97,4.832,3.862,,
1.004,10.388,9.384,0.955,5.288,4.333,0.973,4.61,3.637,0.987,4.887,3.9,,
0.983,10.332,9.349,0.961,5.2,4.239,0.971,4.499,3.528,0.974,4.804,3.83,,
0.989,10.439,9.45,0.955,5.238,4.283,0.974,4.56,3.586,0.972,4.837,3.865,,
0.985,11.027,10.042,0.961,5.204,4.243,0.971,4.503,3.532,0.97,4.808,3.838,,
1.006,11.154,10.148,0.955,5.266,4.311,0.973,4.586,3.613,0.972,4.861,3.889,,
0.985,10.93,9.945,0.961,5.212,4.251,0.971,4.513,3.542,0.97,4.82,3.85,,
1.013,10.987,9.974,0.955,5.264,4.309,0.973,4.594,3.621,0.957,4.863,3.906,,
1.02,10.914,9.894,0.961,5.288,4.327,0.971,4.591,3.62,0.97,4.892,3.922,,
1.015,10.948,9.933,0.955,5.268,4.313,0.973,4.588,3.615,0.957,4.866,3.909,,
1,10.935,9.935,0.961,5.226,4.265,0.971,4.529,3.558,0.97,4.83,3.86,,
0.989,11.022,10.033,0.955,5.242,4.287,0.973,4.572,3.599,0.972,4.841,3.869,,
0.989,10.956,9.967,0.961,5.214,4.253,0.971,4.517,3.546,0.97,4.814,3.844,,
1.019,10.927,9.908,0.955,5.282,4.327,0.973,4.598,3.625,0.957,4.874,3.917,,
0.985,10.943,9.958,0.961,5.214,4.253,0.971,4.521,3.55,0.97,4.818,3.848,,
0.993,10.935,9.942,0.955,5.238,4.283,0.973,4.558,3.585,0.972,4.837,3.865,,
0.994,10.896,9.902,0.961,5.214,4.253,0.971,4.517,3.546,0.97,4.818,3.848,,
0.985,10.947,9.962,0.955,5.236,4.281,0.973,4.556,3.583,0.987,4.835,3.848,,
0.992,10.874,9.882,0.961,5.218,4.257,0.971,4.521,3.55,0.97,4.822,3.852,,
1.002,11.087,10.085,0.955,5.256,4.301,0.973,4.586,3.613,0.973,4.855,3.882,,
0.985,10.967,9.982,0.961,5.206,4.245,0.971,4.509,3.538,0.97,4.81,3.84,,
1.002,11.037,10.035,0.955,5.252,4.297,0.973,4.574,3.601,0.972,4.851,3.879,,
0.994,10.831,9.837,0.961,5.226,4.265,0.971,4.525,3.554,0.97,4.83,3.86,,
1.002,11,9.998,0.955,5.25,4.295,0.973,4.588,3.615,0.972,4.849,3.877,,
0.992,10.921,9.929,0.961,5.214,4.253,0.971,4.517,3.546,0.97,4.818,3.848,,
0.989,11.055,10.066,0.955,5.246,4.291,0.973,4.568,3.595,0.972,4.83,3.858,,
0.996,10.855,9.859,0.961,5.222,4.261,0.971,4.539,3.568,0.97,4.826,3.856,,
1.002,10.997,9.995,0.995,5.357,4.362,0.999,4.598,3.599,0.998,4.922,3.924,,
0.986,10.956,9.97,0.959,5.204,4.245,0.975,4.503,3.528,0.972,4.812,3.84,,
0.983,10.993,10.01,0.961,5.224,4.263,0.969,4.546,3.577,0.966,4.827,3.861,,
0.998,10.947,9.949,0.959,5.23,4.271,0.975,4.535,3.56,0.972,4.834,3.862,,
0.998,10.925,9.927,0.961,5.238,4.277,0.969,4.56,3.591,0.969,4.841,3.872,,
0.988,10.989,10.001,0.959,5.206,4.247,0.975,4.513,3.538,0.972,4.814,3.842,,
1.002,11.038,10.036,0.961,5.326,4.365,0.969,4.65,3.681,0.97,4.929,3.959,,
0.994,10.92,9.926,0.959,5.218,4.259,0.975,4.527,3.552,0.972,4.826,3.854,,
0.998,10.905,9.907,0.961,5.24,4.279,0.969,4.572,3.603,0.966,4.843,3.877,,
0.994,10.958,9.964,0.959,5.278,4.319,0.975,4.587,3.612,0.972,4.886,3.914,,
0.99,10.958,9.968,0.961,5.234,4.273,0.969,4.558,3.589,0.97,4.837,3.867,,
0.989,10.946,9.957,0.959,5.218,4.259,0.975,4.527,3.552,0.972,4.826,3.854,,
0.992,10.96,9.968,0.961,5.24,4.279,0.969,4.572,3.603,0.981,4.843,3.862,,
0.992,10.956,9.964,0.959,5.262,4.303,0.975,4.569,3.594,0.972,4.87,3.898,,
0.981,11.028,10.047,0.961,5.228,4.267,0.969,4.55,3.581,0.966,4.83,3.864,,
0.998,10.917,9.919,0.959,5.24,4.281,0.975,4.547,3.572,0.972,4.848,3.876,,
1.003,11.056,10.053,0.961,5.254,4.293,0.969,4.574,3.605,0.966,4.854,3.888,,
0.994,10.866,9.872,0.959,5.222,4.263,0.975,4.535,3.56,0.972,4.83,3.858,,
0.966,10.875,9.909,0.961,5.198,4.237,0.969,4.52,3.551,0.966,4.801,3.835,,
0.996,10.89,9.894,0.959,5.218,4.259,0.975,4.521,3.546,0.972,4.826,3.854,,
1.008,11.022,10.014,0.961,5.26,4.299,0.969,4.576,3.607,0.966,4.863,3.897,,
1.008,10.871,9.863,0.959,5.268,4.309,0.975,4.573,3.598,0.972,4.876,3.904,,
0.992,10.911,9.919,0.961,5.234,4.273,0.969,4.558,3.589,0.966,4.837,3.871,,
0.998,10.851,9.853,0.959,5.23,4.271,0.975,4.547,3.572,0.972,4.838,3.866,,
0.994,10.928,9.934,0.961,5.226,4.265,0.969,4.548,3.579,0.966,4.848,3.882,,
0.989,10.962,9.973,0.959,5.214,4.255,0.975,4.519,3.544,0.972,4.822,3.85,,
0.995,11.352,10.357,0.961,5.234,4.273,0.969,4.556,3.587,0.966,4.837,3.871,,
0.993,10.869,9.876,0.959,5.222,4.263,0.975,4.527,3.552,0.972,4.83,3.858,,
1.004,10.969,9.965,0.961,5.254,4.293,0.969,4.578,3.609,0.966,4.857,3.891,,
1.002,10.997,9.995,0.959,5.3,4.341,0.975,4.615,3.64,0.972,4.908,3.936,,
0.99,11.098,10.108,0.961,5.238,4.277,0.969,4.568,3.599,0.966,4.844,3.878,,
1.006,10.898,9.892,0.959,5.246,4.287,0.975,4.563,3.588,0.972,4.854,3.882,,
0.993,11.04,10.047,0.961,5.226,4.265,0.969,4.548,3.579,0.966,4.829,3.863,,
0.987,10.976,9.989,0.959,5.214,4.255,0.975,4.525,3.55,0.972,4.822,3.85,,
0.981,10.336,9.355,0.961,5.214,4.253,0.969,4.536,3.567,0.966,4.817,3.851,,
0.991,11.038,10.047,0.959,5.222,4.263,0.975,4.533,3.558,0.972,4.846,3.874,,
0.998,10.485,9.487,0.961,5.24,4.279,0.969,4.57,3.601,0.966,4.843,3.877,,
0.991,10.381,9.39,0.959,5.216,4.257,0.975,4.523,3.548,0.972,4.824,3.852,,
0.998,10.428,9.43,0.961,5.244,4.283,0.969,4.568,3.599,0.966,4.847,3.881,,
0.991,10.364,9.373,0.959,5.216,4.257,0.975,4.523,3.548,0.976,4.824,3.848,,
0.998,10.384,9.386,0.961,5.244,4.283,0.969,4.568,3.599,0.966,4.847,3.881,,
0.978,10.528,9.55,0.959,5.204,4.245,0.975,4.507,3.532,0.972,4.812,3.84,,
0.988,10.812,9.824,0.961,5.23,4.269,0.969,4.554,3.585,0.966,4.833,3.867,,
0.992,10.378,9.386,0.959,5.214,4.255,0.975,4.521,3.546,0.972,4.822,3.85,,
0.996,10.871,9.875,0.961,5.232,4.271,0.969,4.562,3.593,0.966,4.835,3.869,,
0.998,10.962,9.964,0.959,5.318,4.359,0.975,4.623,3.648,0.972,4.926,3.954,,
0.994,10.85,9.856,0.961,5.24,4.279,0.969,4.562,3.593,0.966,4.843,3.877,,
0.996,11.023,10.027,0.959,5.278,4.319,0.975,4.591,3.616,0.957,4.886,3.929,,
0.995,10.875,9.88,0.961,5.236,4.275,0.969,4.56,3.591,0.966,4.839,3.873,,
1.01,10.938,9.928,0.959,5.24,4.281,0.975,4.545,3.57,0.972,4.848,3.876,,
0.996,10.897,9.901,0.961,5.306,4.345,0.969,4.63,3.661,0.966,4.909,3.943,,
0.999,31.396,30.397,0.959,5.23,4.271,0.975,4.541,3.566,0.968,4.838,3.87,,
1.03,14.76,13.73,1.062,5.969,4.907,1.115,4.712,3.597,1.153,5.061,3.908,,
1.002,12.013,11.011,0.963,5.326,4.363,0.98,4.596,3.616,0.968,4.925,3.957,,
0.995,12.499,11.504,0.957,5.222,4.265,0.981,4.538,3.557,0.97,4.832,3.862,,
1,10.816,9.816,0.959,5.261,4.302,0.987,4.567,3.58,0.955,4.865,3.91,,
0.983,10.43,9.447,0.957,5.202,4.245,0.977,4.52,3.543,0.964,4.812,3.848,,
0.999,10.923,9.924,0.959,5.223,4.264,0.987,4.525,3.538,0.97,4.827,3.857,,
0.995,10.445,9.45,0.957,5.228,4.271,0.977,4.542,3.565,0.964,4.838,3.874,,
0.997,10.76,9.763,0.959,5.213,4.254,0.987,4.515,3.528,0.97,4.816,3.846,,
1,10.471,9.471,0.957,5.242,4.285,0.977,4.56,3.583,0.964,4.852,3.888,,
0.99,10.315,9.325,0.959,5.219,4.26,0.987,4.511,3.524,0.97,4.823,3.853,,
0.997,10.454,9.457,0.957,5.22,4.263,0.977,4.526,3.549,0.964,4.83,3.866,,
1.016,10.611,9.595,0.959,5.277,4.318,0.987,4.577,3.59,0.97,4.881,3.911,,
0.993,10.975,9.982,0.957,5.22,4.263,0.977,4.53,3.553,0.964,4.83,3.866,,
0.982,10.996,10.014,0.959,5.211,4.252,0.987,4.507,3.52,0.97,4.815,3.845,,
0.988,10.917,9.929,0.957,5.212,4.255,0.977,4.522,3.545,0.964,4.822,3.858,,
0.997,10.978,9.981,0.959,5.215,4.256,0.987,4.515,3.528,0.955,4.819,3.864,,
1.001,10.982,9.981,0.957,5.236,4.279,0.977,4.552,3.575,0.964,4.846,3.882,,
1.005,10.984,9.979,0.959,5.221,4.262,0.987,4.519,3.532,0.965,4.825,3.86,,
1.002,11.036,10.034,0.957,5.308,4.351,0.977,4.624,3.647,0.964,4.918,3.954,,
0.999,10.925,9.926,0.959,5.227,4.268,0.987,4.525,3.538,0.97,4.831,3.861,,
0.995,10.999,10.004,0.957,5.224,4.267,0.977,4.54,3.563,0.964,4.834,3.87,,
1.021,11.022,10.001,0.959,5.245,4.286,0.987,4.543,3.556,0.955,4.849,3.894,,
0.988,10.887,9.899,0.957,5.214,4.257,0.977,4.522,3.545,0.964,4.824,3.86,,
0.997,10.932,9.935,0.959,5.221,4.262,0.987,4.513,3.526,0.97,4.825,3.855,,
0.986,10.948,9.962,0.957,5.21,4.253,0.977,4.518,3.541,0.964,4.82,3.856,,
1.001,11.036,10.035,0.959,5.223,4.264,0.987,4.515,3.528,0.97,4.827,3.857,,
0.993,10.935,9.942,0.957,5.216,4.259,0.977,4.532,3.555,0.964,4.826,3.862,,
0.982,11.139,10.157,0.959,5.317,4.358,0.987,4.613,3.626,0.97,4.921,3.951,,
0.999,10.928,9.929,0.957,5.232,4.275,0.977,4.548,3.571,0.964,4.842,3.878,,
0.997,11.088,10.091,0.959,5.215,4.256,0.987,4.512,3.525,0.968,4.819,3.851,,
0.988,10.935,9.947,0.957,5.212,4.255,0.977,4.52,3.543,0.964,4.822,3.858,,
1.001,11.077,10.076,0.959,5.223,4.264,0.987,4.521,3.534,0.97,4.827,3.857,,
0.988,10.97,9.982,0.957,5.216,4.259,0.977,4.524,3.547,0.964,4.826,3.862,,
1.006,10.953,9.947,0.959,5.225,4.266,0.987,4.521,3.534,0.97,4.832,3.862,,
0.995,10.933,9.938,0.957,5.234,4.277,0.977,4.542,3.565,0.964,4.844,3.88,,
0.997,11.131,10.134,0.959,5.217,4.258,0.987,4.511,3.524,0.97,4.821,3.851,,
0.993,10.917,9.924,0.957,5.222,4.265,0.977,4.532,3.555,0.964,4.832,3.868,,
1.003,11.149,10.146,0.959,5.223,4.264,0.987,4.525,3.538,0.97,4.827,3.857,,
1.004,11.013,10.009,0.957,5.238,4.281,0.977,4.554,3.577,0.964,4.848,3.884,,
1.003,10.969,9.966,0.959,5.227,4.268,0.987,4.519,3.532,0.97,4.831,3.861,,
0.99,10.869,9.879,0.957,5.22,4.263,0.977,4.528,3.551,0.964,4.83,3.866,,
1.001,10.902,9.901,0.959,5.261,4.302,0.987,4.557,3.57,0.97,4.848,3.878,,
1.002,10.941,9.939,0.957,5.232,4.275,0.977,4.548,3.571,0.964,4.842,3.878,,
0.993,11.09,10.097,0.959,5.199,4.24,0.987,4.495,3.508,0.97,4.788,3.818,,
0.986,10.885,9.899,0.957,5.222,4.265,0.977,4.532,3.555,0.964,4.832,3.868,,
0.997,10.924,9.927,0.959,5.215,4.256,0.987,4.515,3.528,0.97,4.818,3.848,,
1.004,10.948,9.944,0.957,5.234,4.277,0.977,4.544,3.567,0.964,4.844,3.88,,
0.988,11.007,10.019,0.959,5.195,4.236,0.987,4.491,3.504,0.97,4.794,3.824,,
0.992,11.016,10.024,0.957,5.226,4.269,0.977,4.536,3.559,0.964,4.836,3.872,,
0.99,10.971,9.981,0.959,5.199,4.24,0.987,4.499,3.512,0.97,4.803,3.833,,
0.995,10.927,9.932,0.957,5.216,4.259,0.977,4.522,3.545,0.964,4.826,3.862,,
0.997,11.037,10.04,0.959,5.213,4.254,0.987,4.505,3.518,0.97,4.817,3.847,,
0.986,10.998,10.012,0.957,5.22,4.263,0.977,4.53,3.553,0.964,4.83,3.866,,
0.997,10.984,9.987,0.959,5.217,4.258,0.987,4.519,3.532,0.973,4.821,3.848,,
0.988,10.907,9.919,0.957,5.212,4.255,0.977,4.52,3.543,0.964,4.822,3.858,,
1.003,10.978,9.975,0.959,5.231,4.272,0.987,4.525,3.538,0.972,4.835,3.863,,
1.001,10.886,9.885,0.957,5.232,4.275,0.977,4.54,3.563,0.964,4.842,3.878,,
1.001,11.018,10.017,0.959,5.227,4.268,0.987,4.521,3.534,0.98,4.828,3.848,,
0.993,10.966,9.973,0.957,5.212,4.255,0.977,4.52,3.543,0.964,4.822,3.858,,
1.003,11.098,10.095,0.959,5.239,4.28,0.987,4.537,3.55,0.97,4.858,3.888,,
0.988,10.937,9.949,0.957,5.218,4.261,0.977,4.526,3.549,0.964,4.828,3.864,,
0.999,11.09,10.091,0.959,5.219,4.26,0.987,4.517,3.53,0.97,4.827,3.857,,
1.002,11.172,10.17,0.957,5.234,4.277,0.977,4.55,3.573,0.964,4.844,3.88,,
0.988,11.101,10.113,0.959,5.201,4.242,0.987,4.501,3.514,0.97,4.813,3.843,,
0.99,11.039,10.049,0.957,5.224,4.267,0.977,4.534,3.557,0.964,4.834,3.87,,
0.984,11.297,10.313,0.959,5.193,4.234,0.987,4.489,3.502,0.969,4.797,3.828,,
0.995,10.956,9.961,0.957,5.216,4.259,0.977,4.522,3.545,0.964,4.826,3.862,,
0.997,10.871,9.874,0.959,5.215,4.256,0.987,4.507,3.52,0.97,4.833,3.863,,
0.99,10.948,9.958,0.957,5.218,4.261,0.977,4.54,3.563,0.964,4.828,3.864,,
1.004,11.284,10.28,0.959,5.223,4.264,0.987,4.517,3.53,0.969,4.826,3.857,,
0.986,10.933,9.947,0.957,5.21,4.253,0.977,4.52,3.543,0.964,4.82,3.856,,
0.997,10.994,9.997,0.959,5.321,4.362,0.987,4.623,3.636,0.975,4.925,3.95,,
0.992,10.975,9.983,0.957,5.224,4.267,0.977,4.532,3.555,0.964,4.834,3.87,,
1.005,10.882,9.877,0.959,5.233,4.274,0.987,4.529,3.542,0.982,4.814,3.832,,
0.993,10.89,9.897,0.957,5.212,4.255,0.977,4.52,3.543,0.964,4.822,3.858,,
1.001,10.985,9.984,0.959,5.221,4.262,0.987,4.519,3.532,0.97,4.839,3.869,,
0.997,10.955,9.958,0.957,5.286,4.329,0.977,4.602,3.625,0.964,4.896,3.932,,
0.997,11.096,10.099,0.959,5.213,4.254,0.987,4.513,3.526,0.97,4.816,3.846,,
0.995,10.955,9.96,0.957,5.22,4.263,0.977,4.536,3.559,0.964,4.83,3.866,,
0.984,10.952,9.968,0.959,5.213,4.254,0.987,4.511,3.524,0.977,4.817,3.84,,
0.997,11.067,10.07,0.957,5.228,4.271,0.977,4.544,3.567,0.964,4.838,3.874,,
0.971,10.9,9.929,0.959,5.187,4.228,0.987,4.485,3.498,0.97,4.791,3.821,,
0.995,10.911,9.916,0.957,5.216,4.259,0.977,4.524,3.547,0.964,4.826,3.862,,
0.997,10.889,9.892,0.959,5.221,4.262,0.987,4.517,3.53,0.971,4.825,3.854,,
0.99,10.999,10.009,0.957,5.22,4.263,0.977,4.528,3.551,0.964,4.83,3.866,,
0.997,10.919,9.922,0.959,5.219,4.26,0.987,4.511,3.524,0.97,4.823,3.853,,
0.999,10.929,9.93,0.957,5.276,4.319,0.977,4.582,3.605,0.964,4.886,3.922,,
0.997,10.959,9.962,0.959,5.223,4.264,0.987,4.517,3.53,0.983,4.807,3.824,,
0.997,10.905,9.908,0.957,5.23,4.273,0.977,4.54,3.563,0.964,4.84,3.876,,
0.992,10.966,9.974,0.959,5.205,4.246,0.987,4.501,3.514,0.972,4.809,3.837,,
1.004,10.933,9.929,0.957,5.23,4.273,0.977,4.536,3.559,0.964,4.84,3.876,,
1,11.006,10.006,0.959,5.219,4.26,0.987,4.511,3.524,0.97,4.811,3.841,,
0.988,11.007,10.019,0.957,5.214,4.257,0.977,4.52,3.543,0.964,4.824,3.86,,
1.001,11.332,10.331,0.959,5.221,4.262,0.987,4.513,3.526,0.97,4.804,3.834,,
0.995,11.033,10.038,0.957,5.22,4.263,0.977,4.53,3.553,0.964,4.83,3.866,,
0.992,11.096,10.104,0.959,5.199,4.24,0.987,4.497,3.51,0.97,4.816,3.846,,
0.99,10.885,9.895,0.957,5.222,4.265,0.977,4.532,3.555,0.964,4.832,3.868,,
1.003,10.395,9.392,0.959,5.221,4.262,0.987,4.525,3.538,0.97,4.824,3.854,,
0.99,11.342,10.352,0.957,5.214,4.257,0.977,4.52,3.543,0.964,4.824,3.86,,
0.986,10.417,9.431,0.959,5.203,4.244,0.987,4.507,3.52,0.97,4.807,3.837,,
0.993,10.466,9.473,0.957,5.218,4.261,0.977,4.528,3.551,0.964,4.828,3.864,,
0.984,10.354,9.37,0.959,5.191,4.232,0.987,4.487,3.5,0.966,4.795,3.829,,
0.995,10.403,9.408,0.957,5.22,4.263,0.977,4.526,3.549,0.964,4.83,3.866,,
0.986,10.37,9.384,0.959,5.201,4.242,0.987,4.507,3.52,0.97,4.805,3.835,,
0.993,10.487,9.494,0.957,5.238,4.281,0.977,4.548,3.571,0.964,4.848,3.884,,
0.99,10.441,9.451,0.959,5.203,4.244,0.987,4.499,3.512,0.97,4.807,3.837,,
0.994,10.47,9.476,0.957,5.224,4.267,0.977,4.534,3.557,0.964,4.839,3.875,,
0.997,10.99,9.993,0.959,5.215,4.256,0.987,4.515,3.528,0.97,4.819,3.849,,
0.967,11.037,10.07,0.957,5.184,4.227,0.977,4.49,3.513,0.963,4.792,3.829,,
0.999,10.966,9.967,0.959,5.225,4.266,0.987,4.517,3.53,0.97,4.829,3.859,,
0.991,10.906,9.915,0.957,5.214,4.257,0.977,4.52,3.543,0.964,4.824,3.86,,
1.004,10.951,9.947,0.959,5.231,4.272,0.987,4.527,3.54,0.97,4.835,3.865,,
0.998,11.006,10.008,0.957,5.218,4.261,0.977,4.528,3.551,0.968,4.828,3.86,,
0.996,10.853,9.857,0.959,5.215,4.256,0.987,4.511,3.524,0.97,4.819,3.849,,
1,10.947,9.947,0.957,5.272,4.315,0.977,4.582,3.605,0.971,4.882,3.911,,
0.992,10.929,9.937,0.959,5.211,4.252,0.987,4.507,3.52,0.97,4.815,3.845,,
0.969,11.011,10.042,0.957,5.192,4.235,0.977,4.502,3.525,0.972,4.802,3.83,,
0.996,10.887,9.891,0.959,5.215,4.256,0.987,4.513,3.526,0.97,4.819,3.849,,
0.996,11.062,10.066,0.957,5.216,4.259,0.977,4.522,3.545,0.971,4.826,3.855,,
1.004,10.972,9.968,0.959,5.231,4.272,0.987,4.529,3.542,0.97,4.835,3.865,,
0.99,11.077,10.087,0.957,5.208,4.251,0.977,4.512,3.535,0.968,4.83,3.862,,
0.997,10.935,9.938,0.959,5.219,4.26,0.987,4.517,3.53,0.97,4.823,3.853,,
1.001,10.985,9.984,0.957,5.228,4.271,0.977,4.538,3.561,0.964,4.838,3.874,,
0.988,10.88,9.892,0.959,5.203,4.244,0.987,4.497,3.51,0.97,4.807,3.837,,
0.995,10.429,9.434,0.957,5.22,4.263,0.977,4.532,3.555,0.964,4.83,3.866,,
1.003,10.934,9.931,0.959,5.229,4.27,0.987,4.521,3.534,0.97,4.833,3.863,,
0.986,10.434,9.448,0.957,5.21,4.253,0.977,4.518,3.541,0.964,4.82,3.856,,
0.997,10.402,9.405,0.959,5.209,4.25,0.987,4.501,3.514,0.97,4.813,3.843,,
0.99,10.387,9.397,0.957,5.218,4.261,0.977,4.528,3.551,0.98,4.828,3.848,,
0.988,10.502,9.514,0.959,5.199,4.24,0.987,4.495,3.508,0.97,4.803,3.833,,
0.995,10.477,9.482,0.957,5.216,4.259,0.977,4.522,3.545,0.964,4.826,3.862,,
0.996,10.408,9.412,0.959,5.219,4.26,0.987,4.523,3.536,0.97,4.823,3.853,,
0.993,10.409,9.416,0.957,5.218,4.261,0.977,4.528,3.551,0.964,4.828,3.864,,
0.993,10.406,9.413,0.959,5.207,4.248,0.987,4.507,3.52,0.97,4.811,3.841,,
0.999,10.983,9.984,0.957,5.234,4.277,0.977,4.544,3.567,0.964,4.844,3.88,,
0.983,11.15,10.167,0.959,5.213,4.254,0.987,4.509,3.522,0.97,4.817,3.847,,
1.003,11.037,10.034,0.957,5.318,4.361,0.977,4.624,3.647,0.964,4.928,3.964,,
0.982,10.915,9.933,0.959,5.209,4.25,0.987,4.505,3.518,0.97,4.813,3.843,,
0.993,10.943,9.95,0.957,5.224,4.267,0.977,4.534,3.557,0.964,4.84,3.876,,
1.008,10.977,9.969,0.959,5.229,4.27,0.987,4.525,3.538,0.955,4.833,3.878,,
0.988,10.883,9.895,0.957,5.214,4.257,0.977,4.524,3.547,0.964,4.824,3.86,,
0.983,10.942,9.959,0.959,5.197,4.238,0.987,4.489,3.502,0.974,4.801,3.827,,
0.997,10.899,9.902,0.957,5.224,4.267,0.977,4.532,3.555,0.964,4.834,3.87,,
1.008,11.12,10.112,0.959,5.239,4.28,0.987,4.529,3.542,0.97,4.842,3.872,,
1,10.972,9.972,0.957,5.224,4.267,0.977,4.53,3.553,0.964,4.834,3.87,,
1.001,11.041,10.04,0.959,5.235,4.276,0.987,4.527,3.54,0.977,4.837,3.86,,
0.986,10.89,9.904,0.957,5.21,4.253,0.977,4.516,3.539,0.964,4.82,3.856,,
1.003,11.093,10.09,0.959,5.359,4.4,0.987,4.659,3.672,0.97,4.963,3.993,,
0.995,10.976,9.981,0.957,5.222,4.265,0.977,4.53,3.553,0.964,4.832,3.868,,
1.01,10.991,9.981,0.959,5.241,4.282,0.987,4.537,3.55,0.975,4.845,3.87,,
0.997,10.936,9.939,0.957,5.334,4.377,0.977,4.64,3.663,0.964,4.944,3.98,,
1.01,11.099,10.089,0.959,5.245,4.286,0.987,4.539,3.552,0.97,4.846,3.876,,
0.986,10.867,9.881,0.957,5.206,4.249,0.977,4.512,3.535,0.964,4.816,3.852,,
1.005,10.997,9.992,0.959,5.305,4.346,0.987,4.603,3.616,0.97,4.909,3.939,,
0.988,10.946,9.958,0.957,5.214,4.257,0.977,4.522,3.545,0.964,4.824,3.86,,
1.003,11.043,10.04,0.959,5.241,4.282,0.987,4.535,3.548,0.97,4.862,3.892,,
0.986,11.013,10.027,0.957,5.206,4.249,0.977,4.512,3.535,0.964,4.816,3.852,,
1.017,11.327,10.31,0.959,5.241,4.282,0.987,4.533,3.546,0.97,4.825,3.855,,
0.993,10.909,9.916,0.957,5.218,4.261,0.977,4.524,3.547,0.964,4.828,3.864,,
1.003,10.829,9.826,0.959,5.227,4.268,0.987,4.525,3.538,0.97,4.837,3.867,,
0.991,10.879,9.888,0.957,5.212,4.255,0.977,4.522,3.545,0.964,4.822,3.858,,
1.003,11.063,10.06,0.959,5.243,4.284,0.987,4.541,3.554,0.97,4.848,3.878,,
0.988,10.928,9.94,0.957,5.216,4.259,0.977,4.524,3.547,0.964,4.826,3.862,,
1.001,10.43,9.429,0.959,5.225,4.266,0.987,4.529,3.542,0.97,4.825,3.855,,
0.986,10.9,9.914,0.957,5.208,4.251,0.977,4.516,3.539,0.964,4.818,3.854,,
1.001,10.488,9.487,0.959,5.223,4.264,0.987,4.519,3.532,0.97,4.827,3.857,,
0.993,10.481,9.488,0.957,5.286,4.329,0.977,4.596,3.619,0.964,4.896,3.932,,
0.986,10.467,9.481,0.959,5.197,4.238,0.987,4.493,3.506,0.97,4.801,3.831,,
0.99,10.457,9.467,0.957,5.206,4.249,0.977,4.512,3.535,0.964,4.816,3.852,,
0.99,10.364,9.374,0.959,5.209,4.25,0.987,4.515,3.528,0.97,4.798,3.828,,
0.995,10.555,9.56,0.957,5.304,4.347,0.977,4.61,3.633,0.964,4.914,3.95,,
1.001,10.419,9.418,0.959,5.215,4.256,0.987,4.507,3.52,0.955,4.819,3.864,,
0.995,10.526,9.531,0.957,5.334,4.377,0.977,4.644,3.667,0.964,4.944,3.98,,
0.999,10.574,9.575,0.959,5.221,4.262,0.987,4.521,3.534,0.97,4.825,3.855,,
0.984,10.709,9.725,0.957,5.236,4.279,0.977,4.544,3.567,0.964,4.846,3.882,,
0.992,10.884,9.892,0.959,5.209,4.25,0.987,4.513,3.526,0.97,4.813,3.843,,
0.984,11.172,10.188,0.957,5.224,4.267,0.977,4.534,3.557,0.964,4.834,3.87,,
0.986,10.879,9.893,0.959,5.199,4.24,0.987,4.495,3.508,0.97,4.803,3.833,,
0.98,10.94,9.96,0.957,5.214,4.257,0.977,4.52,3.543,0.967,4.824,3.857,,
1.005,10.892,9.887,0.959,5.229,4.27,0.987,4.523,3.536,0.97,4.833,3.863,,
0.995,10.907,9.912,0.957,5.224,4.267,0.977,4.53,3.553,0.966,4.834,3.868,,
0.992,10.901,9.909,0.959,5.209,4.25,0.987,4.505,3.518,0.97,4.813,3.843,,
0.984,10.972,9.988,0.957,5.218,4.261,0.977,4.518,3.541,0.964,4.828,3.864,,
1.001,10.912,9.911,0.959,5.217,4.258,0.987,4.517,3.53,0.97,4.821,3.851,,
0.988,10.947,9.959,0.957,5.212,4.255,0.977,4.52,3.543,0.964,4.822,3.858,,
0.999,10.867,9.868,0.959,5.221,4.262,0.987,4.513,3.526,0.97,4.825,3.855,,
0.993,10.975,9.982,0.957,5.22,4.263,0.977,4.53,3.553,0.964,4.833,3.869,,
0.992,10.89,9.898,0.959,5.207,4.248,0.987,4.503,3.516,0.97,4.811,3.841,,
1.001,11.06,10.059,0.957,5.228,4.271,0.977,4.538,3.561,0.964,4.838,3.874,,
1.001,10.901,9.9,0.959,5.225,4.266,0.987,4.517,3.53,0.97,4.829,3.859,,
0.98,11.077,10.097,0.957,5.208,4.251,0.977,4.516,3.539,0.964,4.818,3.854,,
1.001,10.963,9.962,0.959,5.221,4.262,0.987,4.515,3.528,0.97,4.825,3.855,,
0.997,10.989,9.992,0.957,5.244,4.287,0.977,4.544,3.567,0.964,4.832,3.868,,
1.002,10.951,9.949,0.959,5.255,4.296,0.987,4.553,3.566,0.97,4.859,3.889,,
0.999,11.017,10.018,0.957,5.238,4.281,0.977,4.542,3.565,0.968,4.847,3.879,,
0.99,10.89,9.9,0.959,5.201,4.242,0.987,4.497,3.51,0.97,4.805,3.835,,
0.99,10.991,10.001,0.957,5.222,4.265,0.977,4.532,3.555,0.964,4.832,3.868,,
0.99,10.932,9.942,0.959,5.205,4.246,0.987,4.501,3.514,0.97,4.809,3.839,,
0.995,11.003,10.008,0.957,5.258,4.301,0.977,4.566,3.589,0.964,4.868,3.904,,
1.003,10.894,9.891,0.959,5.307,4.348,0.987,4.603,3.616,0.97,4.911,3.941,,
0.984,11.062,10.078,0.957,5.216,4.259,0.977,4.526,3.549,0.977,4.804,3.827,,
0.988,10.92,9.932,0.959,5.201,4.242,0.987,4.497,3.51,0.97,4.805,3.835,,
0.986,10.986,10,0.957,5.216,4.259,0.977,4.526,3.549,0.964,4.826,3.862,,
0.999,10.917,9.918,0.959,5.301,4.342,0.987,4.597,3.61,0.97,4.905,3.935,,
1.002,11.106,10.104,0.957,5.246,4.289,0.977,4.554,3.577,0.964,4.856,3.892,,
0.997,10.915,9.918,0.959,5.217,4.258,0.987,4.525,3.538,0.97,4.821,3.851,,
0.988,11.056,10.068,0.957,5.212,4.255,0.977,4.518,3.541,0.964,4.821,3.857,,
1.001,10.91,9.909,0.959,5.221,4.262,0.987,4.513,3.526,0.97,4.825,3.855,,
1.001,11.156,10.155,0.957,5.252,4.295,0.977,4.574,3.597,0.964,4.851,3.887,,
0.993,10.915,9.922,0.959,5.209,4.25,0.987,4.511,3.524,0.97,4.813,3.843,,
0.986,10.43,9.444,0.957,5.214,4.257,0.977,4.522,3.545,0.964,4.811,3.847,,
1.003,11.02,10.017,0.959,5.227,4.268,0.987,4.525,3.538,0.97,4.831,3.861,,
1.003,10.457,9.454,0.957,5.24,4.283,0.977,4.546,3.569,0.964,4.85,3.886,,
0.986,10.383,9.397,0.959,5.193,4.234,0.987,4.487,3.5,0.97,4.797,3.827,,
1.001,10.374,9.373,0.957,5.23,4.273,0.977,4.536,3.559,0.964,4.84,3.876,,
0.984,10.421,9.437,0.959,5.193,4.234,0.987,4.497,3.51,0.97,4.797,3.827,,
0.992,10.403,9.411,0.957,5.22,4.263,0.977,4.526,3.549,0.964,4.83,3.866,,
0.997,10.49,9.493,0.959,5.287,4.328,0.987,4.591,3.604,0.97,4.891,3.921,,
0.99,10.449,9.459,0.957,5.216,4.259,0.977,4.522,3.545,0.964,4.826,3.862,,
0.995,10.404,9.409,0.959,5.207,4.248,0.987,4.499,3.512,0.97,4.811,3.841,,
0.994,10.959,9.965,0.957,5.232,4.275,0.977,4.542,3.565,0.964,4.842,3.878,,
0.987,10.967,9.98,0.959,5.211,4.252,0.987,4.507,3.52,0.97,4.815,3.845,,
1.003,11.101,10.098,0.957,5.234,4.277,0.977,4.54,3.563,0.964,4.844,3.88,,
1.018,10.906,9.888,0.959,5.251,4.292,0.987,4.547,3.56,0.958,4.855,3.897,,
0.995,10.873,9.878,0.957,5.224,4.267,0.977,4.532,3.555,0.964,4.837,3.873,,
1.005,11,9.995,0.959,5.279,4.32,0.987,4.581,3.594,0.955,4.883,3.928,,
1.005,11.037,10.032,0.957,5.244,4.287,0.977,4.55,3.573,0.964,4.866,3.902,,
0.993,10.904,9.911,0.959,5.213,4.254,0.987,4.506,3.519,0.97,4.817,3.847,,
0.99,10.904,9.914,0.957,5.22,4.263,0.977,4.526,3.549,0.964,4.83,3.866,,
1.01,11.017,10.007,0.959,5.229,4.27,0.987,4.523,3.536,0.97,4.833,3.863,,
1.004,10.96,9.956,0.957,5.332,4.375,0.977,4.642,3.665,0.964,4.941,3.977,,
0.974,10.966,9.992,0.959,5.185,4.226,0.987,4.481,3.494,0.97,4.789,3.819,,
0.999,10.978,9.979,0.957,5.23,4.273,0.977,4.536,3.559,0.964,4.84,3.876,,
0.997,10.926,9.929,0.959,5.207,4.248,0.987,4.499,3.512,0.97,4.811,3.841,,
1.003,11.014,10.011,0.957,5.236,4.279,0.977,4.544,3.567,0.964,4.846,3.882,,
0.995,10.952,9.957,0.959,5.209,4.25,0.987,4.501,3.514,0.975,4.835,3.86,,
0.99,10.936,9.946,0.957,5.22,4.263,0.977,4.526,3.549,0.964,4.83,3.866,,
0.999,11.088,10.089,0.959,5.293,4.334,0.987,4.591,3.604,0.97,4.908,3.938,,
0.99,10.935,9.945,0.957,5.216,4.259,0.977,4.522,3.545,0.964,4.826,3.862,,
0.995,10.412,9.417,0.959,5.209,4.25,0.987,4.507,3.52,0.97,4.813,3.843,,
0.992,10.905,9.913,0.957,5.224,4.267,0.977,4.53,3.553,0.964,4.834,3.87,,
0.999,10.459,9.46,0.959,5.297,4.338,0.987,4.599,3.612,0.97,4.901,3.931,,
0.997,10.371,9.374,0.957,5.226,4.269,0.977,4.536,3.559,0.964,4.836,3.872,,
0.999,10.42,9.421,0.959,5.213,4.254,0.987,4.513,3.526,0.97,4.817,3.847,,
0.997,10.41,9.413,0.957,5.228,4.271,0.977,4.538,3.561,0.964,4.838,3.874,,
0.999,10.439,9.44,0.959,5.213,4.254,0.987,4.529,3.542,0.97,4.817,3.847,,
0.986,10.472,9.486,0.957,5.216,4.259,0.977,4.522,3.545,0.964,4.826,3.862,,
0.99,10.485,9.495,0.959,5.209,4.25,0.987,4.513,3.526,0.97,4.813,3.843,,
0.991,10.466,9.475,0.957,5.218,4.261,0.977,4.528,3.551,0.963,4.828,3.865,,
1.002,10.922,9.92,0.958,5.221,4.263,0.987,4.525,3.538,0.97,4.825,3.855,,
0.975,10.885,9.91,0.957,5.206,4.249,0.977,4.512,3.535,0.964,4.816,3.852,,
0.997,10.89,9.893,0.959,5.217,4.258,0.987,4.509,3.522,0.97,4.824,3.854,,
0.991,10.951,9.96,0.957,5.22,4.263,0.977,4.53,3.553,0.958,4.83,3.872,,
0.999,10.919,9.92,0.959,5.255,4.296,0.987,4.553,3.566,0.97,4.859,3.889,,
0.995,10.929,9.934,0.957,5.23,4.273,0.977,4.54,3.563,0.964,4.84,3.876,,
0.988,10.903,9.915,0.959,5.201,4.242,0.987,4.497,3.51,0.97,4.805,3.835,,
0.969,11.18,10.211,0.957,5.2,4.243,0.977,4.51,3.533,0.979,4.81,3.831,,
0.994,10.883,9.889,0.959,5.211,4.252,0.987,4.507,3.52,0.97,4.815,3.845,,
0.988,11.094,10.106,0.957,5.218,4.261,0.977,4.528,3.551,0.964,4.828,3.864,,
0.999,10.952,9.953,0.959,5.277,4.318,0.987,4.581,3.594,0.97,4.881,3.911,,
0.992,10.976,9.984,0.957,5.214,4.257,0.977,4.524,3.547,0.965,4.824,3.859,,
1.003,11.037,10.034,0.959,5.307,4.348,0.987,4.603,3.616,0.97,4.911,3.941,,
0.988,11.015,10.027,0.957,5.22,4.263,0.977,4.53,3.553,0.964,4.83,3.866,,
0.997,10.873,9.876,0.959,5.253,4.294,0.987,4.549,3.562,0.97,4.857,3.887,,
0.997,11.015,10.018,0.957,5.222,4.265,0.977,4.524,3.547,0.964,4.844,3.88,,
1.009,10.924,9.915,0.959,5.235,4.276,0.987,4.527,3.54,0.97,4.839,3.869,,
0.989,11.008,10.019,0.957,5.216,4.259,0.977,4.526,3.549,0.964,4.81,3.846,,
0.995,10.915,9.92,0.959,5.213,4.254,0.987,4.515,3.528,0.97,4.817,3.847,,
0.991,11.002,10.011,0.957,5.256,4.299,0.977,4.564,3.587,0.964,4.866,3.902,,
0.999,10.956,9.957,0.959,5.217,4.258,0.987,4.509,3.522,0.97,4.821,3.851,,
0.99,10.977,9.987,0.957,5.216,4.259,0.977,4.524,3.547,0.964,4.826,3.862,,
0.997,10.909,9.912,0.959,5.217,4.258,0.987,4.509,3.522,0.97,4.821,3.851,,
