Th 0 BCAST_D,Th 0 SCATTER_D,Th 0 COMPUTE_D,Th 0 XFER1_D,Th 0 XFER2_D,Th 0 XFER3_D,Th 0 XFER4_D,Th 0 TOT_D,Th 1 BCAST_D,Th 1 SCATTER_D,Th 1 COMPUTE_D,Th 1 XFER1_D,Th 1 XFER2_D,Th 1 XFER3_D,Th 1 XFER4_D,Th 1 TOT_D
9.914000,3866.736000,125568.303000,335.682000,1.384000,0.000000,1.387000,130143.228000,10.008000,3948.630000,125260.433000,335.858000,1.321000,0.000000,1.405000,130248.539000
5.592000,3298.103000,124866.382000,323.213000,1.220000,0.000000,1.125000,128848.537000,5.905000,3297.841000,124802.515000,323.484000,1.078000,0.000000,1.195000,128848.867000
5.079000,3289.988000,124926.366000,333.629000,1.066000,0.000000,1.151000,128899.813000,4.993000,3289.808000,124798.583000,333.937000,1.085000,0.000000,1.182000,128899.703000
5.081000,3200.495000,124813.423000,323.115000,1.075000,0.000000,1.169000,128686.845000,5.060000,3200.420000,124789.446000,323.208000,1.084000,0.000000,1.170000,128686.839000
5.051000,3183.017000,124820.058000,322.853000,1.073000,0.000000,1.188000,128665.111000,5.017000,3182.865000,124797.366000,323.141000,1.090000,0.000000,1.179000,128665.103000
5.045000,3182.668000,124820.650000,322.646000,1.071000,0.000000,1.140000,128665.143000,5.062000,3182.427000,124796.850000,322.962000,1.084000,0.000000,1.173000,128665.174000
5.036000,3182.919000,124918.204000,323.305000,1.204000,0.000000,1.192000,128784.009000,5.019000,3182.694000,124822.142000,323.678000,1.223000,0.000000,1.217000,128780.978000
5.282000,3182.887000,124819.894000,323.005000,1.099000,0.000000,1.175000,128685.023000,5.328000,3182.566000,124797.439000,323.323000,1.076000,0.000000,1.157000,128685.020000
5.204000,3182.232000,124911.439000,323.272000,1.249000,0.000000,1.167000,128777.068000,5.235000,3181.797000,124839.463000,323.611000,1.084000,0.000000,1.161000,128801.801000
5.292000,3193.819000,124861.947000,323.593000,1.099000,0.000000,1.171000,128767.790000,5.288000,3193.722000,124890.547000,323.565000,1.078000,0.000000,1.161000,128767.765000
5.198000,3242.540000,124819.163000,322.972000,1.086000,0.000000,1.174000,128795.689000,5.048000,3242.444000,124890.290000,323.244000,1.078000,0.000000,1.164000,128795.559000
5.167000,3111.961000,124810.523000,322.935000,1.077000,0.000000,1.170000,128663.585000,5.058000,3111.831000,124889.358000,323.263000,1.078000,0.000000,1.162000,128663.467000
4.972000,3279.669000,124826.080000,322.932000,1.087000,0.000000,1.188000,128838.913000,4.864000,3279.586000,124897.279000,323.233000,1.084000,0.000000,1.171000,128838.782000
5.010000,3280.394000,124839.146000,323.427000,1.090000,0.000000,1.184000,128825.317000,5.022000,3279.795000,124881.699000,323.415000,1.078000,0.000000,1.168000,128825.319000
5.018000,3281.521000,124956.000000,323.619000,1.196000,0.000000,1.186000,128912.661000,5.068000,3281.215000,124843.621000,324.634000,1.227000,0.000000,1.217000,128906.609000
5.335000,3185.233000,124838.389000,323.362000,1.259000,0.000000,1.176000,128697.847000,5.409000,3184.287000,124797.885000,323.538000,1.095000,0.000000,1.165000,128724.426000
5.169000,3183.502000,124823.584000,322.804000,1.082000,0.000000,1.160000,128679.543000,5.161000,3183.155000,124793.000000,323.134000,1.087000,0.000000,1.177000,128679.548000
5.131000,3193.450000,124820.208000,322.720000,1.097000,0.000000,1.179000,128686.627000,5.022000,3193.367000,124789.806000,323.084000,1.072000,0.000000,1.159000,128686.500000
5.095000,3192.105000,124810.387000,322.754000,1.093000,0.000000,1.179000,128674.375000,4.991000,3192.027000,124789.238000,323.085000,1.074000,0.000000,1.165000,128674.251000
5.081000,3199.040000,124810.169000,322.641000,1.082000,0.000000,1.144000,128681.199000,4.961000,3198.814000,124789.230000,323.035000,1.072000,0.000000,1.162000,128681.081000
5.111000,3185.637000,124819.138000,322.704000,1.088000,0.000000,1.174000,128676.695000,5.001000,3185.098000,124797.089000,323.004000,1.081000,0.000000,1.168000,128676.569000
5.092000,3185.166000,124819.084000,322.764000,1.086000,0.000000,1.162000,128676.011000,5.111000,3184.924000,124797.332000,323.110000,1.081000,0.000000,1.174000,128676.028000
5.099000,3185.163000,124918.130000,323.302000,1.176000,0.000000,1.171000,128786.260000,5.134000,3184.917000,124810.680000,323.667000,1.213000,0.000000,1.204000,128783.973000
5.244000,3182.845000,124920.310000,323.121000,1.235000,0.000000,1.187000,128786.430000,5.288000,3182.374000,124798.667000,323.491000,1.099000,0.000000,1.174000,128812.972000
5.241000,3183.411000,125040.837000,322.603000,1.085000,0.000000,1.170000,128906.025000,5.207000,3183.181000,124793.045000,322.923000,1.075000,0.000000,1.157000,128906.018000
5.181000,3284.173000,125030.503000,322.546000,1.083000,0.000000,1.170000,128986.927000,5.203000,3284.143000,124790.262000,322.885000,1.075000,0.000000,1.161000,128986.923000
5.200000,3253.966000,125036.907000,322.457000,1.096000,0.000000,1.177000,128962.571000,5.052000,3253.866000,124789.378000,322.809000,1.076000,0.000000,1.164000,128962.438000
5.180000,3220.710000,125029.415000,322.391000,1.090000,0.000000,1.195000,128921.911000,5.087000,3220.735000,124788.952000,322.714000,1.079000,0.000000,1.186000,128921.799000
5.159000,3182.139000,125038.928000,322.603000,1.104000,0.000000,1.153000,128902.043000,5.039000,3181.841000,124796.486000,322.922000,1.095000,0.000000,1.179000,128901.914000
5.148000,3181.782000,125046.497000,322.860000,1.088000,0.000000,1.152000,128909.569000,5.175000,3181.539000,124809.673000,323.167000,1.234000,0.000000,1.215000,128891.751000
5.192000,3182.059000,125018.723000,322.900000,1.220000,0.000000,1.182000,128883.603000,5.166000,3181.794000,124797.116000,323.363000,1.093000,0.000000,1.169000,128900.373000
5.294000,3182.666000,124837.997000,322.844000,1.240000,0.000000,1.176000,128703.993000,5.318000,3182.365000,124799.319000,323.205000,1.092000,0.000000,1.174000,128730.077000
5.254000,3182.358000,124818.279000,322.685000,1.100000,0.000000,1.154000,128682.523000,5.253000,3182.147000,124798.484000,322.991000,1.086000,0.000000,1.171000,128682.530000
5.178000,3181.920000,124813.324000,322.634000,1.099000,0.000000,1.186000,128676.949000,5.210000,3181.671000,124792.024000,322.899000,1.087000,0.000000,1.169000,128676.970000
5.193000,3273.477000,124809.678000,322.512000,1.099000,0.000000,1.177000,128755.163000,5.056000,3273.367000,124789.145000,322.777000,1.083000,0.000000,1.166000,128755.035000
5.182000,3235.735000,124816.988000,322.485000,1.091000,0.000000,1.177000,128724.519000,5.058000,3235.635000,124788.691000,322.789000,1.083000,0.000000,1.170000,128724.395000
5.157000,3196.543000,124809.415000,323.042000,1.093000,0.000000,1.141000,128696.409000,5.166000,3196.708000,124827.459000,323.317000,1.074000,0.000000,1.159000,128696.408000
5.158000,3181.633000,124948.029000,323.449000,1.190000,0.000000,1.187000,128813.542000,5.182000,3181.332000,124883.689000,323.768000,1.213000,0.000000,1.217000,128812.163000
5.437000,3185.648000,124833.488000,322.994000,1.098000,0.000000,1.195000,128702.081000,5.491000,3185.240000,124797.368000,323.450000,1.098000,0.000000,1.185000,128702.062000
5.266000,3183.920000,125646.731000,335.295000,1.201000,0.000000,1.198000,129537.392000,5.241000,3183.585000,125469.505000,335.278000,1.227000,0.000000,1.226000,129560.126000
22.955000,3377.817000,124906.314000,313.791000,1.176000,0.000000,1.186000,128986.269000,23.164000,3377.404000,124926.111000,314.250000,1.209000,0.000000,1.217000,128986.226000
5.177000,3182.664000,124821.238000,331.619000,1.095000,0.000000,1.172000,128685.340000,5.083000,3182.408000,124811.758000,331.502000,1.075000,0.000000,1.158000,128685.210000
5.081000,3182.792000,124818.869000,322.863000,1.078000,0.000000,1.190000,128673.885000,5.140000,3182.422000,124792.232000,323.137000,1.093000,0.000000,1.182000,128673.880000
5.108000,3193.472000,124809.377000,322.609000,1.080000,0.000000,1.179000,128685.065000,5.101000,3193.519000,124789.638000,322.951000,1.088000,0.000000,1.170000,128685.063000
5.105000,3258.288000,124809.414000,322.435000,1.088000,0.000000,1.141000,128749.369000,4.964000,3258.244000,124789.154000,322.790000,1.082000,0.000000,1.173000,128749.236000
5.101000,3281.118000,124933.008000,323.845000,1.187000,0.000000,1.182000,128898.381000,5.080000,3280.878000,124906.958000,324.324000,1.228000,0.000000,1.216000,128890.127000
5.426000,3182.757000,124920.216000,323.219000,1.246000,0.000000,1.199000,128787.017000,5.479000,3182.254000,124797.634000,323.556000,1.083000,0.000000,1.176000,128814.009000
5.439000,3185.436000,124819.974000,323.217000,1.108000,0.000000,1.198000,128688.215000,5.429000,3185.212000,124798.809000,323.501000,1.102000,0.000000,1.188000,128688.220000
5.167000,3184.805000,124828.153000,323.089000,1.091000,0.000000,1.148000,128694.845000,5.200000,3184.715000,124798.698000,323.462000,1.078000,0.000000,1.165000,128694.850000
5.209000,3182.841000,124822.345000,331.244000,1.086000,0.000000,1.186000,128686.020000,5.223000,3182.682000,124793.419000,331.420000,1.087000,0.000000,1.183000,128686.036000
5.173000,3185.099000,124811.870000,322.899000,1.072000,0.000000,1.176000,128678.561000,5.173000,3184.916000,124793.712000,323.236000,1.084000,0.000000,1.167000,128678.558000
5.168000,3263.616000,124809.888000,322.788000,1.078000,0.000000,1.133000,128745.555000,5.072000,3263.504000,124789.438000,323.134000,1.072000,0.000000,1.160000,128745.428000
5.182000,3225.370000,124817.323000,323.431000,1.076000,0.000000,1.173000,128715.487000,5.081000,3225.277000,124810.710000,323.745000,1.088000,0.000000,1.169000,128715.358000
5.175000,3184.279000,124831.040000,323.177000,1.199000,0.000000,1.181000,128837.404000,5.254000,3183.915000,124968.700000,323.572000,1.220000,0.000000,1.212000,128835.451000
5.225000,3184.002000,124909.185000,323.590000,1.248000,0.000000,1.191000,128766.893000,5.242000,3183.645000,124798.427000,324.035000,1.104000,0.000000,1.186000,128789.018000
5.128000,3184.719000,124820.793000,322.892000,1.089000,0.000000,1.149000,128677.967000,5.140000,3184.484000,124799.153000,323.236000,1.088000,0.000000,1.176000,128677.978000
5.093000,3184.172000,124828.529000,322.698000,1.094000,0.000000,1.198000,128684.697000,5.077000,3183.942000,124797.877000,323.097000,1.102000,0.000000,1.190000,128684.714000
5.096000,3182.078000,124813.043000,322.773000,1.090000,0.000000,1.181000,128676.247000,5.076000,3181.798000,124792.677000,323.109000,1.088000,0.000000,1.180000,128676.243000
5.300000,3181.788000,124819.017000,323.198000,1.084000,0.000000,1.175000,128673.601000,5.274000,3181.554000,124790.205000,323.701000,1.085000,0.000000,1.172000,128673.595000
5.064000,3192.274000,124810.914000,322.871000,1.086000,0.000000,1.166000,128675.087000,4.929000,3192.054000,124789.146000,323.208000,1.080000,0.000000,1.164000,128674.970000
5.058000,3191.950000,124810.783000,323.177000,1.088000,0.000000,1.157000,128678.223000,4.912000,3191.873000,124796.394000,323.485000,1.251000,0.000000,1.228000,128660.217000
5.064000,3181.059000,124914.207000,322.858000,1.258000,0.000000,1.175000,128768.020000,5.051000,3180.728000,124801.102000,323.309000,1.086000,0.000000,1.161000,128784.580000
5.169000,3184.601000,124913.914000,323.171000,1.245000,0.000000,1.189000,128771.731000,5.225000,3184.235000,124798.364000,323.484000,1.110000,0.000000,1.177000,128802.442000
5.192000,3183.461000,124819.376000,322.566000,1.097000,0.000000,1.172000,128675.223000,5.186000,3182.525000,124797.610000,323.029000,1.074000,0.000000,1.162000,128675.227000
5.094000,3181.954000,124820.271000,323.172000,1.097000,0.000000,1.144000,128694.859000,5.131000,3181.713000,124841.035000,323.469000,1.076000,0.000000,1.164000,128694.875000
5.082000,3182.249000,124853.943000,323.400000,1.085000,0.000000,1.443000,128718.891000,5.173000,3181.551000,124792.163000,323.890000,1.091000,0.000000,1.366000,128718.928000
5.173000,3186.487000,124819.514000,323.006000,1.085000,0.000000,1.145000,128678.723000,5.199000,3186.206000,124790.799000,323.553000,1.089000,0.000000,1.180000,128678.731000
5.070000,3191.870000,124818.688000,322.965000,1.089000,0.000000,1.175000,128683.045000,5.066000,3191.881000,124789.017000,323.305000,1.090000,0.000000,1.172000,128683.039000
5.077000,3191.909000,124865.872000,323.472000,1.181000,0.000000,1.195000,128731.480000,4.978000,3191.847000,124808.706000,323.788000,1.212000,0.000000,1.227000,128729.132000
5.163000,3183.482000,124828.137000,322.763000,1.083000,0.000000,1.178000,128683.921000,5.234000,3182.925000,124796.657000,323.146000,1.089000,0.000000,1.172000,128683.926000
5.078000,3184.236000,124836.478000,323.162000,1.242000,0.000000,1.182000,128693.824000,5.078000,3183.989000,124808.335000,323.539000,1.085000,0.000000,1.167000,128720.480000
5.483000,3183.833000,124826.876000,322.847000,1.088000,0.000000,1.185000,128683.269000,5.417000,3183.462000,124797.380000,323.207000,1.086000,0.000000,1.174000,128683.167000
5.089000,3183.695000,124821.026000,322.760000,1.088000,0.000000,1.147000,128676.753000,5.100000,3183.553000,124797.584000,323.150000,1.084000,0.000000,1.167000,128676.760000
5.096000,3183.636000,124813.115000,322.751000,1.090000,0.000000,1.154000,128668.451000,5.089000,3183.391000,124792.941000,323.129000,1.086000,0.000000,1.174000,128668.467000
5.105000,3193.071000,124810.392000,322.673000,1.084000,0.000000,1.146000,128675.385000,4.959000,3192.947000,124789.831000,323.019000,1.082000,0.000000,1.169000,128675.255000
5.104000,3193.189000,124809.971000,322.783000,1.086000,0.000000,1.147000,128675.035000,4.947000,3193.132000,124788.767000,322.986000,1.084000,0.000000,1.172000,128674.901000
5.106000,3194.151000,124835.875000,323.869000,1.197000,0.000000,1.182000,128704.315000,4.953000,3194.243000,124818.614000,324.315000,1.230000,0.000000,1.208000,128699.164000
5.194000,3182.394000,124833.132000,323.283000,1.291000,0.000000,1.177000,128688.910000,5.205000,3182.068000,124798.902000,323.646000,1.117000,0.000000,1.170000,128715.052000
5.191000,3184.884000,125986.571000,334.456000,1.198000,0.000000,1.174000,129856.962000,5.177000,3184.697000,125523.863000,334.887000,1.216000,0.000000,1.202000,129856.976000
22.159000,3281.451000,124883.579000,313.486000,1.084000,0.000000,1.178000,128846.739000,22.241000,3280.812000,124880.877000,313.785000,1.217000,0.000000,1.208000,128846.734000
5.140000,3185.363000,124998.009000,313.249000,1.100000,0.000000,1.175000,128836.830000,5.155000,3185.094000,124821.012000,313.781000,1.077000,0.000000,1.163000,128836.817000
4.974000,3182.020000,124820.164000,323.500000,1.082000,0.000000,1.178000,128684.018000,5.099000,3182.030000,124793.307000,323.767000,1.085000,0.000000,1.172000,128684.035000
5.080000,3181.801000,124817.573000,323.032000,1.068000,0.000000,1.149000,128662.359000,4.973000,3181.303000,124793.006000,323.288000,1.097000,0.000000,1.181000,128662.252000
4.997000,3192.161000,124810.796000,322.786000,1.076000,0.000000,1.140000,128684.961000,4.880000,3192.160000,124790.976000,323.060000,1.087000,0.000000,1.169000,128684.847000
5.009000,3251.339000,124828.935000,323.380000,1.192000,0.000000,1.205000,128763.768000,4.867000,3251.222000,124811.567000,323.751000,1.215000,0.000000,1.227000,128761.993000
5.179000,3285.662000,124822.424000,323.161000,1.253000,0.000000,1.170000,128792.167000,5.234000,3285.596000,124790.303000,323.486000,1.103000,0.000000,1.160000,128819.132000
5.326000,3279.360000,124825.962000,322.998000,1.076000,0.000000,1.181000,128778.069000,5.187000,3279.144000,124798.126000,323.301000,1.087000,0.000000,1.177000,128777.963000
5.138000,3288.963000,124824.218000,323.043000,1.088000,0.000000,1.149000,128785.417000,5.118000,3281.382000,124797.634000,323.389000,1.083000,0.000000,1.173000,128785.412000
4.991000,3279.848000,124820.458000,322.689000,1.092000,0.000000,1.186000,128762.281000,4.973000,3279.671000,124800.261000,322.973000,1.087000,0.000000,1.177000,128762.286000
4.997000,3279.512000,124827.053000,322.691000,1.090000,0.000000,1.152000,128768.455000,4.986000,3279.276000,124797.874000,322.974000,1.083000,0.000000,1.174000,128768.474000
4.987000,3279.830000,124813.226000,322.766000,1.082000,0.000000,1.143000,128754.881000,4.991000,3279.657000,124792.966000,323.089000,1.089000,0.000000,1.170000,128754.882000
4.968000,3206.083000,124825.253000,323.208000,1.078000,0.000000,1.182000,128713.813000,4.823000,3205.910000,124807.343000,323.525000,1.079000,0.000000,1.172000,128713.682000
5.104000,3267.541000,124826.919000,323.386000,1.194000,0.000000,1.175000,128778.286000,5.024000,3249.751000,124838.917000,323.650000,1.215000,0.000000,1.204000,128777.478000
5.151000,3281.736000,124995.369000,323.549000,1.252000,0.000000,1.172000,128962.114000,5.196000,3281.351000,124789.546000,323.959000,1.108000,0.000000,1.165000,129018.893000
5.273000,3185.752000,124829.157000,323.034000,1.082000,0.000000,1.144000,128697.357000,5.258000,3185.512000,124798.322000,323.395000,1.083000,0.000000,1.169000,128697.348000
5.185000,3183.015000,124820.090000,322.943000,1.078000,0.000000,1.176000,128685.325000,5.216000,3182.851000,124798.041000,323.189000,1.082000,0.000000,1.171000,128685.343000
5.166000,3182.755000,124831.923000,323.030000,1.101000,0.000000,1.149000,128696.637000,5.187000,3182.524000,124798.216000,323.344000,1.084000,0.000000,1.172000,128696.646000
5.183000,3181.589000,124819.853000,322.820000,1.085000,0.000000,1.174000,128683.053000,5.206000,3181.421000,124798.397000,323.059000,1.082000,0.000000,1.168000,128683.055000
5.148000,3181.059000,124813.011000,322.965000,1.087000,0.000000,1.148000,128675.333000,5.169000,3180.834000,124794.384000,323.238000,1.088000,0.000000,1.176000,128675.342000
5.167000,3274.285000,124811.355000,323.107000,1.093000,0.000000,1.144000,128767.133000,5.069000,3274.194000,124810.440000,323.363000,1.220000,0.000000,1.216000,128747.473000
5.178000,3192.883000,124953.713000,322.938000,1.229000,0.000000,1.171000,128820.353000,5.257000,3208.376000,124790.984000,323.257000,1.088000,0.000000,1.166000,128836.915000
5.167000,3192.800000,124827.417000,323.114000,1.234000,0.000000,1.177000,128704.250000,5.055000,3192.908000,124790.085000,323.472000,1.082000,0.000000,1.165000,128730.609000
5.187000,3280.521000,124819.749000,322.909000,1.093000,0.000000,1.150000,128762.849000,5.169000,3280.189000,124798.816000,323.180000,1.082000,0.000000,1.170000,128762.842000
5.007000,3279.977000,124825.758000,322.829000,1.092000,0.000000,1.150000,128768.051000,5.041000,3279.737000,124797.653000,323.102000,1.081000,0.000000,1.169000,128768.072000
4.979000,3279.652000,124819.188000,322.615000,1.090000,0.000000,1.153000,128760.595000,4.992000,3279.489000,124799.056000,322.897000,1.081000,0.000000,1.173000,128760.596000
4.990000,3286.961000,124820.096000,322.712000,1.086000,0.000000,1.152000,128769.081000,5.043000,3279.605000,124797.545000,323.042000,1.081000,0.000000,1.171000,128769.100000
5.002000,3281.546000,124812.642000,322.605000,1.082000,0.000000,1.146000,128756.201000,4.996000,3281.451000,124792.609000,322.885000,1.075000,0.000000,1.166000,128756.216000
5.004000,3201.899000,124831.174000,323.378000,1.202000,0.000000,1.189000,128774.702000,4.984000,3201.790000,124890.040000,323.824000,1.241000,0.000000,1.226000,128774.730000
5.296000,3198.012000,124817.332000,323.158000,1.084000,0.000000,1.174000,128698.531000,5.350000,3197.731000,124791.745000,323.450000,1.084000,0.000000,1.166000,128698.527000
5.248000,3214.399000,124827.118000,323.001000,1.244000,0.000000,1.172000,128715.509000,5.126000,3240.517000,124789.555000,323.299000,1.095000,0.000000,1.164000,128741.866000
5.174000,3279.896000,124824.062000,322.730000,1.086000,0.000000,1.145000,128776.195000,5.029000,3279.698000,124797.402000,323.081000,1.085000,0.000000,1.173000,128776.061000
5.129000,3281.339000,124820.608000,322.782000,1.079000,0.000000,1.146000,128774.013000,5.120000,3281.173000,124797.161000,323.086000,1.080000,0.000000,1.170000,128774.018000
5.101000,3281.301000,124819.427000,322.872000,1.077000,0.000000,1.147000,128772.609000,5.111000,3281.058000,124797.473000,323.220000,1.082000,0.000000,1.173000,128772.624000
5.111000,3281.429000,124819.227000,322.590000,1.079000,0.000000,1.144000,128772.445000,5.118000,3281.187000,124797.110000,322.892000,1.080000,0.000000,1.168000,128772.468000
5.101000,3281.139000,124820.056000,322.661000,1.075000,0.000000,1.143000,128773.105000,5.105000,3280.898000,124792.598000,323.013000,1.086000,0.000000,1.170000,128773.122000
5.108000,3289.275000,124827.012000,323.186000,1.204000,0.000000,1.202000,128799.545000,5.107000,3289.248000,124801.834000,323.553000,1.227000,0.000000,1.236000,128797.130000
5.271000,3249.501000,124900.510000,323.107000,1.225000,0.000000,1.186000,128824.359000,5.264000,3249.305000,124790.292000,323.448000,1.093000,0.000000,1.185000,128855.079000
5.266000,3219.625000,126096.457000,341.820000,1.238000,0.000000,1.187000,130037.659000,5.247000,3213.049000,125462.699000,341.950000,1.256000,0.000000,1.222000,130037.638000
20.773000,3301.055000,125162.046000,313.245000,1.101000,0.000000,1.180000,129152.915000,20.850000,3300.653000,124823.173000,313.648000,1.231000,0.000000,1.208000,129152.744000
5.423000,3305.894000,125070.587000,333.305000,1.086000,0.000000,1.177000,129070.251000,5.475000,3306.566000,124799.757000,333.550000,1.073000,0.000000,1.162000,129070.244000
5.223000,3286.892000,125046.026000,323.000000,1.096000,0.000000,1.191000,129005.891000,5.144000,3286.779000,124867.165000,323.295000,1.087000,0.000000,1.175000,129005.778000
5.082000,3279.140000,125082.146000,323.067000,1.083000,0.000000,1.142000,129034.920000,5.041000,3278.950000,124899.961000,323.595000,1.078000,0.000000,1.166000,129034.908000
5.085000,3282.582000,125049.717000,322.727000,1.084000,0.000000,1.186000,129005.141000,5.098000,3282.844000,124898.712000,323.140000,1.082000,0.000000,1.174000,129005.158000
5.060000,3279.948000,124975.391000,323.162000,1.189000,0.000000,1.184000,128938.258000,5.072000,3279.790000,124824.475000,323.571000,1.215000,0.000000,1.205000,128934.765000
5.271000,3187.405000,124829.935000,332.639000,1.258000,0.000000,1.190000,128701.666000,5.364000,3186.888000,124794.826000,333.005000,1.090000,0.000000,1.176000,128728.703000
5.326000,3185.817000,124813.441000,323.062000,1.097000,0.000000,1.152000,128681.555000,5.183000,3185.594000,124791.329000,323.370000,1.077000,0.000000,1.166000,128681.416000
5.225000,3268.352000,124812.618000,322.480000,1.090000,0.000000,1.136000,128753.327000,5.074000,3268.106000,124790.438000,322.752000,1.066000,0.000000,1.155000,128753.195000
5.237000,3231.616000,124811.002000,322.486000,1.094000,0.000000,1.169000,128714.741000,5.094000,3231.515000,124789.716000,322.776000,1.065000,0.000000,1.151000,128714.614000
5.233000,3184.179000,124819.630000,322.568000,1.098000,0.000000,1.154000,128685.143000,5.078000,3183.934000,124797.085000,322.831000,1.088000,0.000000,1.171000,128685.021000
5.194000,3183.907000,124820.220000,322.723000,1.102000,0.000000,1.184000,128685.815000,5.175000,3183.672000,124798.189000,323.018000,1.079000,0.000000,1.167000,128685.818000
5.179000,3183.923000,124829.096000,323.141000,1.100000,0.000000,1.148000,128776.077000,5.164000,3183.674000,124893.424000,323.414000,1.229000,0.000000,1.210000,128759.062000
5.249000,3184.450000,124915.003000,323.127000,1.275000,0.000000,1.181000,128782.463000,5.237000,3184.096000,124796.561000,323.465000,1.088000,0.000000,1.172000,128799.194000
5.278000,3182.886000,124904.969000,330.979000,1.222000,0.000000,1.166000,128769.977000,5.293000,3182.712000,124793.455000,331.136000,1.085000,0.000000,1.165000,128800.896000
5.287000,3185.810000,124811.978000,322.545000,1.078000,0.000000,1.173000,128679.467000,5.150000,3185.143000,124791.063000,322.845000,1.073000,0.000000,1.161000,128679.328000
5.192000,3266.040000,124810.895000,322.466000,1.081000,0.000000,1.167000,128748.955000,5.150000,3265.949000,124789.566000,322.780000,1.075000,0.000000,1.161000,128748.935000
5.191000,3228.978000,124809.582000,322.595000,1.077000,0.000000,1.136000,128710.461000,5.148000,3228.928000,124788.710000,322.899000,1.073000,0.000000,1.163000,128710.437000
5.193000,3183.819000,124819.912000,322.679000,1.069000,0.000000,1.155000,128685.101000,5.048000,3183.135000,124796.695000,322.967000,1.094000,0.000000,1.184000,128684.970000
5.192000,3183.713000,124819.174000,322.455000,1.077000,0.000000,1.141000,128683.967000,5.168000,3183.484000,124797.408000,322.730000,1.075000,0.000000,1.164000,128683.956000
5.187000,3183.639000,124926.825000,323.268000,1.212000,0.000000,1.182000,128793.831000,5.185000,3183.398000,124896.105000,323.625000,1.235000,0.000000,1.210000,128785.785000
5.196000,3280.717000,124837.002000,322.936000,1.093000,0.000000,1.174000,128790.323000,5.266000,3280.443000,124802.943000,323.292000,1.078000,0.000000,1.167000,128790.318000
5.200000,3280.250000,124824.444000,333.742000,1.245000,0.000000,1.173000,128799.478000,5.185000,3280.062000,124793.840000,334.367000,1.083000,0.000000,1.159000,128821.740000
5.146000,3280.889000,124822.136000,323.091000,1.094000,0.000000,1.162000,128775.659000,5.157000,3280.286000,124791.086000,323.343000,1.091000,0.000000,1.182000,128775.666000
5.123000,3213.540000,124810.267000,322.688000,1.089000,0.000000,1.138000,128705.691000,5.029000,3213.250000,124789.167000,322.986000,1.082000,0.000000,1.166000,128705.572000
5.128000,3253.329000,124809.235000,322.430000,1.081000,0.000000,1.181000,128743.785000,5.019000,3253.064000,124788.572000,322.715000,1.081000,0.000000,1.168000,128743.663000
5.124000,3279.789000,124818.197000,322.522000,1.083000,0.000000,1.138000,128769.121000,5.015000,3279.492000,124796.261000,322.803000,1.068000,0.000000,1.157000,128768.988000
5.073000,3279.481000,124819.473000,322.717000,1.092000,0.000000,1.193000,128770.763000,5.117000,3279.238000,124797.234000,322.984000,1.095000,0.000000,1.183000,128770.792000
5.055000,3279.434000,124836.884000,323.051000,1.179000,0.000000,1.174000,128799.120000,5.084000,3279.193000,124810.110000,323.449000,1.216000,0.000000,1.214000,128796.983000
5.258000,3183.626000,124830.017000,323.024000,1.257000,0.000000,1.183000,128696.923000,5.293000,3182.996000,124798.327000,323.402000,1.093000,0.000000,1.173000,128723.114000
5.241000,3183.375000,124821.996000,337.209000,1.087000,0.000000,1.131000,128722.014000,5.217000,3183.195000,124851.877000,337.212000,1.076000,0.000000,1.159000,128722.021000
5.377000,3184.431000,124861.636000,323.013000,1.089000,0.000000,1.178000,128759.544000,5.384000,3184.205000,124893.214000,323.426000,1.082000,0.000000,1.170000,128759.557000
5.258000,3272.311000,124812.622000,322.181000,1.087000,0.000000,1.178000,128834.085000,5.102000,3271.938000,124889.473000,322.963000,1.086000,0.000000,1.171000,128833.949000
5.120000,3249.947000,124811.085000,322.505000,1.089000,0.000000,1.148000,128819.835000,5.010000,3249.937000,124888.729000,322.748000,1.084000,0.000000,1.171000,128819.725000
5.130000,3283.687000,124809.678000,321.281000,1.085000,0.000000,1.180000,128859.151000,4.988000,3283.764000,124888.811000,328.501000,1.086000,0.000000,1.168000,128859.017000
5.120000,3281.210000,124819.743000,322.872000,1.100000,0.000000,1.150000,128850.203000,4.986000,3281.027000,124897.508000,323.203000,1.084000,0.000000,1.168000,128850.066000
5.109000,3280.527000,124994.152000,323.027000,1.185000,0.000000,1.190000,128958.275000,5.138000,3280.278000,124827.455000,323.748000,1.220000,0.000000,1.219000,128958.062000
5.266000,3183.876000,124919.009000,323.203000,1.259000,0.000000,1.181000,128786.743000,5.305000,3183.553000,124800.518000,323.745000,1.099000,0.000000,1.170000,128810.902000
5.279000,3184.100000,125618.889000,344.366000,1.243000,0.000000,1.187000,129526.473000,5.308000,3183.928000,125403.532000,344.261000,1.264000,0.000000,1.221000,129526.484000
20.806000,3179.942000,124848.338000,323.236000,1.086000,0.000000,1.215000,128727.609000,20.841000,3179.646000,124825.311000,323.631000,1.224000,0.000000,1.238000,128727.556000
5.329000,3081.961000,124823.294000,323.459000,1.087000,0.000000,1.194000,128597.223000,5.394000,3081.499000,124832.669000,323.821000,1.098000,0.000000,1.180000,128597.220000
5.214000,3171.114000,124818.570000,323.078000,1.089000,0.000000,1.177000,128662.553000,5.262000,3170.908000,124791.275000,323.427000,1.081000,0.000000,1.169000,128662.550000
5.120000,3191.060000,124810.204000,323.143000,1.081000,0.000000,1.137000,128673.637000,4.993000,3191.013000,124789.791000,323.433000,1.080000,0.000000,1.161000,128673.525000
5.204000,3181.754000,124820.414000,323.169000,1.089000,0.000000,1.191000,128779.633000,5.040000,3181.516000,124896.981000,323.437000,1.247000,0.000000,1.218000,128760.215000
5.183000,3182.040000,124840.048000,323.026000,1.244000,0.000000,1.181000,128695.391000,5.222000,3181.482000,124797.561000,323.501000,1.089000,0.000000,1.167000,128712.988000
5.190000,3182.549000,124837.538000,323.055000,1.240000,0.000000,1.188000,128694.051000,5.187000,3182.377000,124799.269000,323.440000,1.096000,0.000000,1.174000,128719.762000
5.228000,3184.707000,124826.656000,322.630000,1.104000,0.000000,1.184000,128683.997000,5.236000,3184.487000,124798.451000,322.973000,1.080000,0.000000,1.165000,128684.008000
5.093000,3188.603000,124814.583000,322.636000,1.093000,0.000000,1.190000,128684.549000,5.105000,3181.983000,124793.801000,322.964000,1.074000,0.000000,1.176000,128684.548000
5.108000,3184.087000,124817.904000,322.708000,1.082000,0.000000,1.144000,128673.827000,5.004000,3183.507000,124790.979000,323.012000,1.086000,0.000000,1.169000,128673.722000
5.100000,3192.448000,124809.830000,322.805000,1.082000,0.000000,1.146000,128674.469000,5.081000,3192.493000,124790.165000,323.122000,1.081000,0.000000,1.168000,128674.466000
5.088000,3198.111000,124813.748000,322.509000,1.091000,0.000000,1.167000,128684.117000,4.945000,3197.912000,124792.084000,322.895000,1.079000,0.000000,1.161000,128683.991000
5.070000,3184.943000,124921.521000,323.482000,1.233000,0.000000,1.199000,128780.130000,4.923000,3184.820000,124838.701000,323.818000,1.256000,0.000000,1.225000,128777.319000
5.137000,3182.817000,124830.039000,323.299000,1.213000,0.000000,1.207000,128686.353000,5.159000,3182.466000,124811.181000,323.714000,1.232000,0.000000,1.223000,128685.164000
5.252000,3182.332000,124842.959000,322.874000,1.240000,0.000000,1.205000,128709.397000,5.294000,3181.982000,124800.762000,323.230000,1.095000,0.000000,1.195000,128736.356000
5.274000,3185.015000,124825.436000,322.730000,1.078000,0.000000,1.182000,128692.653000,5.297000,3184.146000,124797.926000,323.106000,1.081000,0.000000,1.168000,128692.666000
5.197000,3181.945000,124819.665000,322.606000,1.076000,0.000000,1.146000,128683.137000,5.200000,3181.821000,124792.723000,322.892000,1.085000,0.000000,1.168000,128683.145000
5.192000,3288.495000,124810.584000,322.738000,1.076000,0.000000,1.145000,128771.173000,5.168000,3288.412000,124789.424000,323.009000,1.087000,0.000000,1.173000,128771.167000
5.203000,3191.685000,124810.422000,322.535000,1.078000,0.000000,1.177000,128683.351000,5.060000,3191.526000,124788.873000,322.840000,1.083000,0.000000,1.168000,128683.224000
5.181000,3211.554000,124810.771000,323.331000,1.076000,0.000000,1.141000,128888.649000,5.035000,3211.441000,125004.350000,323.613000,1.085000,0.000000,1.167000,128888.515000
5.203000,3181.961000,124883.674000,324.166000,1.182000,0.000000,1.181000,128768.918000,5.219000,3181.514000,124901.749000,324.733000,1.219000,0.000000,1.210000,128767.482000
5.385000,3186.669000,124916.889000,323.256000,1.238000,0.000000,1.188000,128777.717000,5.430000,3186.250000,124798.458000,323.623000,1.087000,0.000000,1.176000,128802.243000
5.168000,3182.884000,124820.528000,323.190000,1.089000,0.000000,1.192000,128676.089000,5.159000,3182.514000,124799.004000,323.336000,1.084000,0.000000,1.174000,128676.072000
5.289000,3182.088000,124821.128000,322.920000,1.090000,0.000000,1.143000,128675.281000,5.320000,3181.821000,124797.844000,323.235000,1.080000,0.000000,1.162000,128675.300000
5.126000,3182.129000,124812.632000,322.793000,1.078000,0.000000,1.198000,128666.263000,5.133000,3181.855000,124792.492000,323.101000,1.086000,0.000000,1.175000,128666.274000
5.073000,3191.705000,124819.553000,322.647000,1.087000,0.000000,1.179000,128683.487000,5.063000,3191.588000,124790.308000,322.953000,1.080000,0.000000,1.166000,128683.467000
5.155000,3193.628000,124809.461000,322.700000,1.085000,0.000000,1.148000,128675.077000,5.021000,3193.667000,124788.828000,323.001000,1.077000,0.000000,1.166000,128674.963000
5.082000,3194.605000,124816.141000,322.835000,1.087000,0.000000,1.177000,128682.933000,4.936000,3194.512000,124788.582000,323.141000,1.081000,0.000000,1.163000,128682.806000
5.083000,3183.544000,124909.412000,323.211000,1.189000,0.000000,1.191000,128766.250000,4.981000,3183.386000,124810.380000,323.640000,1.222000,0.000000,1.222000,128763.754000
5.136000,3184.045000,124838.933000,323.107000,1.252000,0.000000,1.171000,128696.021000,5.143000,3183.688000,124799.222000,323.440000,1.092000,0.000000,1.159000,128719.992000
5.212000,3182.667000,124830.965000,322.723000,1.086000,0.000000,1.159000,128686.161000,5.256000,3182.458000,124797.902000,323.065000,1.093000,0.000000,1.180000,128686.176000
5.156000,3182.460000,124821.602000,322.626000,1.093000,0.000000,1.173000,128676.035000,5.159000,3182.339000,124797.760000,322.954000,1.074000,0.000000,1.157000,128676.025000
5.086000,3181.650000,124819.234000,322.630000,1.083000,0.000000,1.158000,128672.851000,5.102000,3181.418000,124792.617000,323.006000,1.086000,0.000000,1.176000,128672.864000
5.083000,3191.923000,124809.980000,322.471000,1.081000,0.000000,1.147000,128674.173000,5.124000,3191.873000,124789.650000,322.818000,1.079000,0.000000,1.165000,128674.166000
5.078000,3191.476000,124809.912000,322.405000,1.085000,0.000000,1.141000,128673.001000,4.981000,3191.407000,124788.734000,322.752000,1.075000,0.000000,1.163000,128672.870000
5.068000,3192.045000,124809.999000,322.904000,1.083000,0.000000,1.144000,128717.029000,4.978000,3191.999000,124834.992000,323.212000,1.230000,0.000000,1.199000,128698.935000
5.086000,3181.227000,124909.333000,323.178000,1.235000,0.000000,1.193000,128763.961000,5.115000,3180.885000,124810.394000,323.581000,1.102000,0.000000,1.184000,128780.530000
5.278000,3181.568000,124916.994000,322.940000,1.241000,0.000000,1.174000,128772.110000,5.269000,3181.335000,124798.110000,323.318000,1.089000,0.000000,1.159000,128796.646000
5.162000,3183.603000,125536.322000,343.241000,1.238000,0.000000,1.202000,129433.105000,5.174000,3183.413000,125417.670000,343.359000,1.256000,0.000000,1.232000,129433.114000
20.855000,3278.751000,124917.506000,323.437000,1.099000,0.000000,1.200000,128932.995000,20.972000,3278.209000,124974.773000,323.756000,1.213000,0.000000,1.221000,128932.975000
5.056000,3184.237000,124827.229000,323.645000,1.088000,0.000000,1.194000,128693.093000,5.055000,3183.684000,124818.480000,323.893000,1.082000,0.000000,1.181000,128693.076000
5.152000,3182.224000,124812.150000,323.074000,1.078000,0.000000,1.154000,128676.187000,5.205000,3182.282000,124790.243000,323.376000,1.088000,0.000000,1.171000,128676.174000
5.192000,3259.036000,124810.468000,322.870000,1.088000,0.000000,1.132000,128741.633000,5.201000,3258.933000,124789.212000,323.224000,1.072000,0.000000,1.157000,128741.610000
5.192000,3220.406000,124826.186000,323.449000,1.188000,0.000000,1.211000,128720.473000,5.089000,3220.343000,124809.677000,323.711000,1.222000,0.000000,1.210000,128717.296000
5.255000,3184.117000,124836.806000,323.848000,1.184000,0.000000,1.177000,128704.709000,5.336000,3183.323000,124813.274000,324.172000,1.212000,0.000000,1.202000,128702.816000
5.358000,3084.231000,124919.521000,323.721000,1.226000,0.000000,1.184000,128677.816000,5.401000,3083.879000,124799.999000,323.849000,1.101000,0.000000,1.180000,128705.398000
5.198000,3084.219000,124819.915000,322.453000,1.077000,0.000000,1.169000,128576.741000,5.166000,3083.999000,124799.322000,323.113000,1.078000,0.000000,1.160000,128576.734000
5.104000,3083.652000,124829.521000,323.285000,1.074000,0.000000,1.169000,128614.137000,5.115000,3083.418000,124858.050000,323.593000,1.075000,0.000000,1.161000,128614.149000
5.075000,3084.835000,124858.314000,323.805000,1.096000,0.000000,1.156000,128616.974000,5.151000,3084.501000,124793.467000,324.186000,1.095000,0.000000,1.180000,128616.982000
5.078000,3189.066000,124812.947000,323.010000,1.090000,0.000000,1.175000,128674.867000,5.088000,3188.827000,124790.836000,323.321000,1.079000,0.000000,1.166000,128674.856000
5.080000,3192.821000,124814.447000,323.273000,1.100000,0.000000,1.199000,128679.909000,5.118000,3192.801000,124792.923000,323.535000,1.097000,0.000000,1.185000,128679.924000
5.075000,3193.050000,124830.402000,323.650000,1.173000,0.000000,1.185000,128707.519000,5.102000,3193.052000,124824.693000,323.865000,1.209000,0.000000,1.217000,128704.549000
5.164000,3281.743000,124866.673000,322.992000,1.231000,0.000000,1.186000,128822.130000,5.220000,3281.389000,124808.658000,323.654000,1.094000,0.000000,1.182000,128848.712000
5.267000,3181.809000,124849.111000,323.246000,1.078000,0.000000,1.169000,128713.459000,5.299000,3181.431000,124798.542000,323.581000,1.070000,0.000000,1.158000,128713.450000
5.241000,3183.276000,124820.972000,323.153000,1.085000,0.000000,1.195000,128687.153000,5.233000,3183.127000,124797.965000,323.459000,1.097000,0.000000,1.187000,128687.162000
5.223000,3182.609000,124818.819000,322.739000,1.091000,0.000000,1.136000,128682.761000,5.214000,3182.373000,124797.972000,323.061000,1.070000,0.000000,1.160000,128682.766000
5.235000,3182.914000,124813.601000,322.881000,1.081000,0.000000,1.182000,128678.009000,5.255000,3182.673000,124793.008000,323.169000,1.093000,0.000000,1.176000,128678.034000
5.219000,3274.282000,124810.665000,322.748000,1.073000,0.000000,1.171000,128756.707000,5.075000,3274.173000,124790.118000,323.019000,1.085000,0.000000,1.169000,128756.600000
5.214000,3236.432000,124822.292000,322.772000,1.092000,0.000000,1.175000,128730.649000,5.048000,3236.285000,124789.321000,323.116000,1.079000,0.000000,1.167000,128730.515000
5.263000,3195.846000,124826.023000,323.185000,1.200000,0.000000,1.194000,128705.550000,5.084000,3195.989000,124808.734000,323.596000,1.218000,0.000000,1.221000,128703.371000
5.197000,3283.290000,124835.384000,321.950000,1.244000,0.000000,1.191000,128794.532000,5.231000,3282.653000,124797.693000,325.782000,1.104000,0.000000,1.185000,128820.828000
5.168000,3282.135000,124818.988000,322.661000,1.088000,0.000000,1.168000,128773.271000,5.159000,3281.769000,124796.506000,323.011000,1.071000,0.000000,1.156000,128773.282000
5.154000,3282.240000,124827.007000,322.760000,1.094000,0.000000,1.156000,128781.175000,5.158000,3281.995000,124797.816000,323.093000,1.099000,0.000000,1.185000,128781.208000
5.136000,3282.027000,124819.734000,322.660000,1.088000,0.000000,1.170000,128773.599000,5.101000,3281.887000,124797.184000,322.971000,1.071000,0.000000,1.157000,128773.592000
5.124000,3282.001000,124812.042000,322.651000,1.084000,0.000000,1.144000,128765.531000,5.158000,3281.751000,124791.923000,322.974000,1.091000,0.000000,1.175000,128765.556000
5.119000,3204.245000,124809.768000,322.658000,1.086000,0.000000,1.138000,128695.387000,4.966000,3204.104000,124789.189000,322.966000,1.085000,0.000000,1.167000,128695.263000
5.286000,3244.143000,124807.856000,322.802000,1.082000,0.000000,1.139000,128733.681000,5.133000,3244.049000,124788.685000,323.070000,1.079000,0.000000,1.167000,128733.550000
5.114000,3311.952000,124830.760000,323.404000,1.193000,0.000000,1.178000,128925.027000,4.967000,3295.232000,124946.529000,323.634000,1.214000,0.000000,1.205000,128924.059000
5.218000,3282.253000,124834.635000,323.120000,1.233000,0.000000,1.179000,128790.949000,5.218000,3281.830000,124798.883000,323.450000,1.090000,0.000000,1.171000,128812.652000
5.204000,3281.282000,124819.800000,322.728000,1.092000,0.000000,1.170000,128773.067000,5.212000,3281.113000,124796.722000,322.964000,1.084000,0.000000,1.165000,128773.084000
5.095000,3280.568000,124828.284000,322.685000,1.088000,0.000000,1.143000,128780.853000,5.111000,3280.339000,124797.403000,322.981000,1.088000,0.000000,1.169000,128780.862000
5.106000,3282.261000,124819.295000,322.632000,1.094000,0.000000,1.174000,128773.205000,5.104000,3282.089000,124797.321000,322.862000,1.086000,0.000000,1.167000,128773.211000
5.088000,3281.794000,124812.236000,322.762000,1.090000,0.000000,1.182000,128765.515000,5.095000,3281.557000,124792.177000,323.037000,1.084000,0.000000,1.172000,128765.520000
5.093000,3195.205000,124810.591000,322.617000,1.090000,0.000000,1.160000,128687.241000,5.073000,3194.615000,124788.975000,322.929000,1.070000,0.000000,1.153000,128687.218000
5.094000,3234.176000,124811.246000,322.986000,1.090000,0.000000,1.148000,128734.843000,4.951000,3234.108000,124800.952000,323.260000,1.223000,0.000000,1.218000,128716.775000
5.094000,3297.410000,124909.244000,323.770000,1.173000,0.000000,1.167000,128972.651000,5.062000,3318.912000,125000.037000,324.071000,1.209000,0.000000,1.200000,128993.838000
5.187000,3183.555000,124845.435000,322.856000,1.251000,0.000000,1.194000,128703.438000,5.240000,3183.226000,124799.219000,323.539000,1.104000,0.000000,1.182000,128758.146000
5.262000,3188.251000,126009.580000,331.465000,1.248000,0.000000,1.226000,129908.067000,5.287000,3187.965000,125535.747000,331.579000,1.263000,0.000000,1.256000,129908.094000
20.933000,3282.405000,124909.137000,323.508000,1.201000,0.000000,1.193000,128892.404000,21.066000,3281.822000,124909.158000,323.921000,1.226000,0.000000,1.217000,128892.419000
5.264000,3183.460000,124839.042000,323.262000,1.084000,0.000000,1.187000,128717.372000,5.336000,3182.823000,124851.747000,323.718000,1.084000,0.000000,1.181000,128717.344000
5.243000,3188.032000,124820.663000,322.987000,1.075000,0.000000,1.148000,128690.975000,5.257000,3181.772000,124798.716000,323.297000,1.087000,0.000000,1.173000,128690.952000
5.268000,3183.674000,124813.341000,322.758000,1.065000,0.000000,1.170000,128688.585000,5.295000,3183.573000,124792.722000,323.132000,1.081000,0.000000,1.167000,128688.607000
5.167000,3182.800000,124903.120000,323.478000,1.199000,0.000000,1.191000,128769.470000,5.071000,3182.558000,124890.921000,323.843000,1.224000,0.000000,1.216000,128772.678000
5.292000,3255.902000,124810.590000,323.061000,1.084000,0.000000,1.132000,128739.737000,5.373000,3255.575000,124789.437000,323.381000,1.072000,0.000000,1.154000,128739.734000
5.193000,3232.743000,124966.467000,322.932000,1.244000,0.000000,1.180000,128873.009000,5.157000,3257.211000,124789.916000,323.271000,1.087000,0.000000,1.168000,128898.152000
5.189000,3280.718000,124820.519000,322.913000,1.100000,0.000000,1.151000,128773.857000,5.067000,3280.618000,124796.782000,323.163000,1.089000,0.000000,1.175000,128773.729000
5.069000,3280.420000,124818.808000,322.930000,1.100000,0.000000,1.189000,128771.029000,5.085000,3280.182000,124797.528000,323.211000,1.085000,0.000000,1.173000,128771.034000
5.067000,3280.249000,124817.857000,322.739000,1.104000,0.000000,1.152000,128769.437000,5.098000,3280.009000,124797.404000,322.985000,1.089000,0.000000,1.173000,128769.459000
5.071000,3280.264000,124818.886000,322.741000,1.100000,0.000000,1.188000,128770.793000,5.089000,3280.026000,124798.392000,323.025000,1.085000,0.000000,1.169000,128770.798000
5.064000,3279.487000,124816.611000,344.912000,1.096000,0.000000,1.157000,128800.309000,5.094000,3279.243000,124797.505000,345.560000,1.096000,0.000000,1.182000,128800.336000
5.111000,3278.871000,124824.827000,323.666000,1.206000,0.000000,1.205000,128858.282000,5.179000,3278.508000,124894.866000,324.148000,1.231000,0.000000,1.237000,128856.303000
5.221000,3267.596000,124825.672000,323.528000,1.298000,0.000000,1.178000,128768.195000,5.259000,3267.283000,124790.452000,323.883000,1.103000,0.000000,1.168000,128800.401000
5.296000,3233.669000,124813.591000,322.998000,1.090000,0.000000,1.134000,128720.239000,5.156000,3233.610000,124789.618000,323.309000,1.079000,0.000000,1.165000,128720.135000
5.160000,3194.667000,124818.031000,323.017000,1.083000,0.000000,1.170000,128685.447000,5.013000,3194.783000,124788.947000,323.330000,1.084000,0.000000,1.169000,128685.314000
5.217000,3182.812000,124819.148000,323.060000,1.085000,0.000000,1.138000,128683.829000,5.065000,3182.646000,124797.042000,323.357000,1.073000,0.000000,1.159000,128683.706000
5.201000,3182.839000,124819.958000,323.009000,1.087000,0.000000,1.403000,128684.765000,5.195000,3182.590000,124797.607000,323.262000,1.095000,0.000000,1.395000,128684.790000
5.203000,3182.642000,124819.043000,322.990000,1.085000,0.000000,1.130000,128683.381000,5.172000,3182.405000,124797.292000,323.292000,1.069000,0.000000,1.151000,128683.384000
5.201000,3182.589000,124812.659000,322.940000,1.091000,0.000000,1.177000,128678.427000,5.193000,3182.340000,124792.445000,323.188000,1.084000,0.000000,1.165000,128678.452000
5.216000,3181.792000,124984.456000,323.419000,1.200000,0.000000,1.190000,128849.645000,5.091000,3181.544000,124802.251000,323.813000,1.218000,0.000000,1.211000,128847.944000
5.298000,3264.510000,124822.117000,323.519000,1.282000,0.000000,1.166000,128761.292000,5.255000,3264.310000,124790.157000,323.855000,1.083000,0.000000,1.154000,128782.837000
5.236000,3227.676000,124810.217000,322.946000,1.079000,0.000000,1.168000,128710.863000,5.142000,3227.619000,124789.047000,323.238000,1.077000,0.000000,1.160000,128710.754000
5.244000,3182.886000,124829.055000,323.192000,1.082000,0.000000,1.149000,128694.103000,5.034000,3182.650000,124796.403000,323.500000,1.087000,0.000000,1.173000,128693.912000
5.250000,3181.324000,124827.952000,323.099000,1.084000,0.000000,1.185000,128691.511000,5.235000,3181.204000,124797.037000,323.417000,1.088000,0.000000,1.176000,128691.502000
5.188000,3183.117000,124827.562000,323.185000,1.091000,0.000000,1.143000,128722.895000,5.186000,3182.767000,124857.825000,323.432000,1.077000,0.000000,1.165000,128722.889000
5.189000,3182.114000,124864.737000,323.211000,1.100000,0.000000,1.188000,128729.756000,5.234000,3181.788000,124799.385000,323.637000,1.083000,0.000000,1.174000,128729.756000
5.168000,3185.136000,124819.612000,323.443000,1.108000,0.000000,1.150000,128701.599000,5.200000,3185.178000,124812.041000,323.727000,1.224000,0.000000,1.216000,128683.713000
5.222000,3183.072000,124840.162000,323.534000,1.198000,0.000000,1.195000,128707.905000,5.315000,3183.562000,124803.061000,323.987000,1.237000,0.000000,1.226000,128724.099000
5.258000,3263.645000,124824.224000,323.438000,1.249000,0.000000,1.186000,128762.779000,5.273000,3263.374000,124790.040000,323.781000,1.098000,0.000000,1.179000,128784.570000
5.268000,3220.860000,124821.815000,323.395000,1.074000,0.000000,1.179000,128716.057000,5.160000,3220.863000,124790.524000,323.341000,1.083000,0.000000,1.171000,128715.930000
5.283000,3184.668000,124819.681000,322.853000,1.084000,0.000000,1.173000,128686.159000,5.124000,3184.338000,124796.643000,323.142000,1.073000,0.000000,1.156000,128686.016000
5.196000,3184.364000,124820.418000,322.947000,1.082000,0.000000,1.161000,128686.305000,5.216000,3184.118000,124798.930000,323.183000,1.092000,0.000000,1.180000,128686.324000
5.203000,3184.141000,124819.077000,322.897000,1.084000,0.000000,1.177000,128684.911000,5.193000,3183.897000,124797.658000,323.182000,1.070000,0.000000,1.158000,128684.920000
5.192000,3184.041000,124818.899000,322.879000,1.082000,0.000000,1.157000,128684.549000,5.206000,3183.786000,124797.405000,323.113000,1.090000,0.000000,1.176000,128684.566000
5.191000,3184.290000,124905.375000,323.267000,1.205000,0.000000,1.195000,128773.245000,5.187000,3184.011000,124806.599000,323.717000,1.240000,0.000000,1.230000,128771.336000
5.341000,3184.323000,124811.456000,323.132000,1.085000,0.000000,1.195000,128678.529000,5.392000,3183.965000,124789.278000,323.446000,1.097000,0.000000,1.183000,128678.505000
5.174000,3251.857000,124906.740000,323.075000,1.230000,0.000000,1.171000,128832.769000,5.135000,3251.683000,124790.476000,323.392000,1.088000,0.000000,1.168000,128858.468000
5.319000,3215.661000,125854.019000,341.960000,1.237000,0.000000,1.188000,129782.527000,5.162000,3215.600000,125379.838000,343.191000,1.252000,0.000000,1.217000,129782.402000
20.899000,3372.672000,125185.946000,323.777000,1.217000,0.000000,1.228000,129259.890000,20.937000,3372.369000,125044.223000,324.018000,1.235000,0.000000,1.223000,129259.901000
5.185000,3281.266000,124832.428000,323.268000,1.090000,0.000000,1.183000,128795.428000,5.252000,3280.938000,124841.334000,323.637000,1.086000,0.000000,1.172000,128795.435000
5.105000,3281.261000,124826.928000,322.925000,1.072000,0.000000,1.146000,128780.653000,5.027000,3280.856000,124798.406000,323.236000,1.091000,0.000000,1.172000,128780.545000
5.147000,3280.281000,124820.152000,322.733000,1.086000,0.000000,1.179000,128772.225000,5.126000,3279.802000,124800.615000,323.073000,1.082000,0.000000,1.168000,128772.216000
5.075000,3279.490000,124844.732000,323.754000,1.203000,0.000000,1.190000,128862.906000,5.117000,3279.251000,124898.211000,324.378000,1.220000,0.000000,1.215000,128860.503000
5.364000,3187.994000,124827.915000,331.459000,1.230000,0.000000,1.190000,128698.680000,5.394000,3182.349000,124794.821000,331.734000,1.087000,0.000000,1.180000,128725.042000
5.294000,3184.464000,124813.678000,323.138000,1.080000,0.000000,1.145000,128680.369000,5.259000,3184.248000,124802.303000,323.403000,1.075000,0.000000,1.163000,128680.361000
5.195000,3270.320000,124811.076000,322.585000,1.086000,0.000000,1.151000,128753.509000,5.222000,3269.418000,124789.029000,322.894000,1.077000,0.000000,1.170000,128753.509000
5.194000,3231.845000,124809.827000,322.498000,1.080000,0.000000,1.180000,128713.839000,5.033000,3231.799000,124788.934000,322.791000,1.073000,0.000000,1.164000,128713.709000
5.196000,3183.402000,124826.900000,322.824000,1.084000,0.000000,1.152000,128691.737000,5.029000,3183.172000,124796.752000,323.075000,1.083000,0.000000,1.169000,128691.616000
5.207000,3189.761000,124820.392000,322.749000,1.086000,0.000000,1.191000,128692.083000,5.173000,3182.139000,124797.087000,323.067000,1.083000,0.000000,1.173000,128692.076000
5.217000,3184.217000,124834.009000,323.073000,1.077000,0.000000,1.161000,128700.632000,5.206000,3183.630000,124803.360000,323.408000,1.095000,0.000000,1.188000,128700.656000
5.189000,3184.462000,124839.044000,323.614000,1.181000,0.000000,1.181000,128707.206000,5.174000,3184.287000,124812.202000,323.862000,1.216000,0.000000,1.213000,128705.304000
5.279000,3183.220000,124909.723000,331.248000,1.250000,0.000000,1.170000,128774.877000,5.277000,3182.918000,124793.715000,331.413000,1.082000,0.000000,1.160000,128800.338000
5.291000,3182.457000,124812.965000,323.334000,1.098000,0.000000,1.180000,128738.605000,5.291000,3182.239000,124874.017000,323.622000,1.086000,0.000000,1.171000,128738.603000
5.229000,3263.399000,125093.312000,323.621000,1.097000,0.000000,1.180000,129031.494000,5.231000,3263.329000,124891.477000,324.104000,1.071000,0.000000,1.165000,129031.481000
5.131000,3197.043000,124817.009000,323.132000,1.081000,0.000000,1.181000,128758.791000,5.063000,3196.861000,124889.109000,323.447000,1.076000,0.000000,1.165000,128758.685000
5.107000,3195.624000,124810.945000,323.082000,1.096000,0.000000,1.174000,128756.967000,4.995000,3195.723000,124888.810000,323.387000,1.069000,0.000000,1.158000,128756.841000
5.093000,3184.016000,124819.547000,323.074000,1.101000,0.000000,1.148000,128753.247000,4.972000,3183.858000,124897.467000,323.325000,1.078000,0.000000,1.165000,128753.127000
5.100000,3185.035000,124819.660000,323.211000,1.098000,0.000000,1.194000,128782.475000,5.116000,3184.020000,124907.879000,323.480000,1.237000,0.000000,1.212000,128764.645000
5.090000,3181.696000,124935.175000,324.136000,1.181000,0.000000,1.175000,128791.498000,5.130000,3181.313000,124811.954000,324.809000,1.214000,0.000000,1.203000,128806.259000
5.222000,3183.869000,124839.283000,323.542000,1.250000,0.000000,1.195000,128697.242000,5.229000,3183.085000,124810.626000,323.899000,1.105000,0.000000,1.178000,128722.856000
5.182000,3182.949000,124812.304000,323.008000,1.091000,0.000000,1.140000,128667.669000,5.238000,3182.569000,124792.478000,323.351000,1.075000,0.000000,1.157000,128667.665000
5.087000,3192.422000,124810.433000,322.862000,1.091000,0.000000,1.146000,128675.441000,5.063000,3191.855000,124789.968000,323.169000,1.077000,0.000000,1.164000,128675.425000
5.077000,3191.413000,124822.028000,322.775000,1.082000,0.000000,1.175000,128686.365000,4.954000,3191.318000,124789.595000,323.282000,1.076000,0.000000,1.162000,128686.250000
5.115000,3194.581000,124809.542000,323.084000,1.080000,0.000000,1.146000,128676.625000,4.981000,3194.730000,124788.991000,323.401000,1.077000,0.000000,1.164000,128676.499000
5.095000,3183.415000,124817.636000,323.192000,1.088000,0.000000,1.198000,128673.197000,4.944000,3183.104000,124797.536000,323.427000,1.099000,0.000000,1.181000,128673.073000
5.092000,3183.234000,124835.804000,323.317000,1.204000,0.000000,1.200000,128692.486000,5.091000,3182.999000,124811.379000,323.737000,1.241000,0.000000,1.233000,128691.284000
5.188000,3182.703000,124819.398000,323.061000,1.093000,0.000000,1.178000,128674.497000,5.183000,3182.441000,124797.952000,323.406000,1.079000,0.000000,1.160000,128674.499000
5.146000,3182.236000,124823.668000,323.383000,1.240000,0.000000,1.195000,128689.675000,5.131000,3181.997000,124793.570000,323.755000,1.084000,0.000000,1.181000,128716.277000
5.300000,3190.959000,124820.245000,323.128000,1.089000,0.000000,1.186000,128694.343000,5.177000,3182.404000,124789.833000,323.503000,1.088000,0.000000,1.170000,128694.237000
5.200000,3263.023000,124816.531000,323.143000,1.081000,0.000000,1.180000,128752.717000,5.023000,3263.007000,124789.276000,323.445000,1.084000,0.000000,1.166000,128752.575000
5.181000,3223.171000,124815.859000,323.117000,1.081000,0.000000,1.184000,128711.587000,5.041000,3223.136000,124789.060000,323.395000,1.084000,0.000000,1.171000,128711.477000
5.221000,3185.106000,124817.974000,321.718000,1.089000,0.000000,1.156000,128690.099000,5.063000,3184.892000,124796.849000,328.265000,1.082000,0.000000,1.172000,128689.974000
5.209000,3184.143000,124819.201000,322.861000,1.087000,0.000000,1.150000,128684.791000,5.205000,3183.892000,124796.918000,323.174000,1.090000,0.000000,1.172000,128684.818000
5.191000,3182.637000,124915.365000,323.586000,1.203000,0.000000,1.214000,128781.911000,5.174000,3182.395000,124811.097000,323.950000,1.240000,0.000000,1.245000,128779.907000
5.288000,3184.715000,124830.507000,323.331000,1.236000,0.000000,1.176000,128699.390000,5.263000,3184.437000,124798.750000,323.705000,1.074000,0.000000,1.157000,128725.438000
5.238000,3185.771000,124821.829000,323.205000,1.093000,0.000000,1.197000,128693.711000,5.248000,3184.936000,124793.064000,323.509000,1.079000,0.000000,1.179000,128693.703000
5.255000,3282.551000,125671.982000,342.668000,1.212000,0.000000,1.195000,129665.953000,5.284000,3282.322000,125417.807000,342.287000,1.227000,0.000000,1.222000,129665.947000
21.636000,3250.827000,125189.755000,323.983000,1.180000,0.000000,1.185000,129133.581000,21.684000,3250.340000,125164.977000,323.797000,1.216000,0.000000,1.220000,129133.637000
5.313000,3206.408000,124824.733000,323.828000,1.097000,0.000000,1.199000,128716.070000,5.334000,3206.445000,124816.678000,324.220000,1.090000,0.000000,1.190000,128716.065000
5.109000,3267.646000,124812.119000,323.025000,1.089000,0.000000,1.188000,128762.609000,5.031000,3262.706000,124791.176000,323.310000,1.087000,0.000000,1.173000,128762.491000
5.102000,3281.604000,124820.240000,323.173000,1.093000,0.000000,1.191000,128838.939000,4.979000,3281.492000,124884.903000,323.467000,1.100000,0.000000,1.176000,128838.807000
5.071000,3282.592000,125024.661000,323.830000,1.197000,0.000000,1.153000,128991.470000,5.089000,3282.358000,125003.174000,324.125000,1.225000,0.000000,1.214000,128989.682000
5.267000,3187.681000,124836.274000,323.657000,1.245000,0.000000,1.177000,128708.381000,5.326000,3187.705000,124799.300000,324.049000,1.086000,0.000000,1.165000,128734.782000
5.265000,3189.446000,124824.493000,323.333000,1.077000,0.000000,1.140000,128696.503000,5.259000,3189.177000,124798.185000,323.609000,1.081000,0.000000,1.164000,128696.500000
5.253000,3182.325000,124813.767000,330.830000,1.082000,0.000000,1.169000,128676.760000,5.234000,3182.235000,124792.629000,331.070000,1.072000,0.000000,1.152000,128676.750000
5.214000,3182.769000,124812.468000,322.963000,1.086000,0.000000,1.149000,128677.091000,5.248000,3182.521000,124790.873000,323.209000,1.086000,0.000000,1.171000,128677.096000
5.209000,3260.759000,124818.290000,322.808000,1.078000,0.000000,1.139000,128751.873000,5.188000,3260.646000,124788.968000,323.107000,1.081000,0.000000,1.164000,128751.853000
5.252000,3223.073000,124819.890000,322.824000,1.082000,0.000000,1.139000,128715.405000,5.123000,3223.079000,124788.940000,323.139000,1.079000,0.000000,1.163000,128715.292000
5.250000,3182.855000,124826.606000,323.267000,1.082000,0.000000,1.162000,128737.071000,5.211000,3182.692000,124854.260000,323.593000,1.218000,0.000000,1.217000,128718.732000
5.122000,3279.851000,124854.901000,323.811000,1.193000,0.000000,1.191000,128818.347000,5.227000,3279.444000,124824.955000,324.305000,1.224000,0.000000,1.216000,128828.999000
5.377000,3183.080000,124919.684000,323.469000,1.245000,0.000000,1.185000,128787.112000,5.406000,3182.736000,124799.186000,323.859000,1.087000,0.000000,1.166000,128811.916000
5.256000,3182.772000,124821.180000,323.081000,1.090000,0.000000,1.149000,128686.205000,5.266000,3182.594000,124800.379000,323.402000,1.085000,0.000000,1.169000,128686.200000
5.197000,3182.260000,124829.549000,322.880000,1.094000,0.000000,1.139000,128693.676000,5.211000,3182.023000,124792.367000,323.197000,1.079000,0.000000,1.167000,128693.698000
5.185000,3183.836000,124811.751000,322.817000,1.083000,0.000000,1.174000,128677.461000,5.205000,3183.676000,124790.323000,323.102000,1.078000,0.000000,1.165000,128677.464000
5.151000,3261.944000,124809.993000,322.715000,1.081000,0.000000,1.171000,128744.249000,5.135000,3261.848000,124789.164000,323.028000,1.075000,0.000000,1.157000,128744.226000
5.155000,3223.619000,124816.730000,322.774000,1.072000,0.000000,1.141000,128712.463000,5.032000,3223.518000,124788.875000,323.075000,1.078000,0.000000,1.163000,128712.332000
5.177000,3181.683000,124870.236000,323.511000,1.184000,0.000000,1.178000,128735.427000,5.064000,3181.514000,124809.642000,323.874000,1.211000,0.000000,1.207000,128733.230000
5.156000,3280.968000,124834.048000,323.176000,1.086000,0.000000,1.175000,128787.955000,5.193000,3280.653000,124795.602000,323.471000,1.086000,0.000000,1.169000,128787.979000
5.087000,3281.216000,124911.561000,323.456000,1.249000,0.000000,1.190000,128857.130000,5.056000,3280.977000,124798.787000,323.820000,1.092000,0.000000,1.171000,128879.072000
5.032000,3290.464000,124820.295000,323.047000,1.086000,0.000000,1.144000,128773.593000,5.027000,3281.465000,124797.561000,323.367000,1.084000,0.000000,1.166000,128773.598000
5.031000,3279.993000,124814.122000,330.626000,1.082000,0.000000,1.146000,128784.010000,4.996000,3279.870000,124792.349000,330.748000,1.072000,0.000000,1.171000,128784.010000
5.033000,3281.153000,124811.639000,323.147000,1.086000,0.000000,1.160000,128755.205000,4.998000,3280.470000,124790.288000,323.403000,1.096000,0.000000,1.180000,128755.200000
5.035000,3289.133000,124810.199000,322.965000,1.080000,0.000000,1.141000,128762.075000,4.978000,3289.051000,124789.120000,323.226000,1.085000,0.000000,1.171000,128762.052000
5.032000,3251.361000,124810.413000,323.014000,1.086000,0.000000,1.144000,128743.479000,4.864000,3251.269000,124788.610000,323.315000,1.085000,0.000000,1.168000,128743.349000
5.132000,3288.324000,124820.385000,323.455000,1.193000,0.000000,1.192000,128792.280000,4.956000,3288.400000,124800.915000,323.900000,1.210000,0.000000,1.219000,128789.954000
5.373000,3280.490000,124825.212000,323.383000,1.243000,0.000000,1.191000,128769.972000,5.150000,3279.961000,124796.791000,323.763000,1.101000,0.000000,1.179000,128791.624000
5.234000,3082.419000,124833.966000,322.991000,1.087000,0.000000,1.184000,128598.551000,5.208000,3082.182000,124797.270000,323.328000,1.081000,0.000000,1.161000,128598.534000
5.254000,3183.733000,124828.168000,322.678000,1.087000,0.000000,1.191000,128693.821000,5.297000,3183.555000,124797.931000,323.005000,1.097000,0.000000,1.179000,128693.844000
5.177000,3183.521000,124813.551000,331.391000,1.080000,0.000000,1.150000,128699.584000,5.184000,3183.352000,124835.038000,331.425000,1.091000,0.000000,1.177000,128699.581000
5.165000,3183.376000,124860.658000,323.065000,1.085000,0.000000,1.180000,128717.716000,5.223000,3183.164000,124791.284000,323.463000,1.084000,0.000000,1.166000,128717.712000
5.200000,3270.220000,124812.559000,322.942000,1.094000,0.000000,1.171000,128756.005000,5.092000,3270.072000,124790.139000,323.443000,1.075000,0.000000,1.158000,128755.892000
5.166000,3223.850000,124815.893000,322.660000,1.081000,0.000000,1.141000,128702.439000,5.090000,3223.811000,124788.862000,322.974000,1.075000,0.000000,1.162000,128702.328000
5.186000,3083.998000,124830.396000,323.487000,1.169000,0.000000,1.169000,128664.839000,5.087000,3083.332000,124894.599000,323.835000,1.208000,0.000000,1.201000,128661.184000
5.235000,3184.458000,124992.170000,323.466000,1.267000,0.000000,1.200000,128860.341000,5.278000,3183.598000,124797.771000,323.803000,1.104000,0.000000,1.184000,128886.790000
5.276000,3183.702000,124824.723000,322.498000,1.094000,0.000000,1.179000,128671.873000,5.277000,3183.145000,124798.948000,323.275000,1.073000,0.000000,1.160000,128671.876000
5.208000,3084.829000,125461.362000,346.088000,1.241000,0.000000,1.199000,129262.371000,5.218000,3084.494000,125337.221000,346.387000,1.247000,0.000000,1.233000,129262.369000
20.533000,3282.700000,125107.433000,323.979000,1.210000,0.000000,1.196000,129091.300000,20.579000,3281.845000,125097.526000,324.308000,1.237000,0.000000,1.228000,129091.244000
5.357000,3084.610000,124833.328000,323.404000,1.095000,0.000000,1.165000,128608.872000,5.336000,3084.285000,124841.534000,323.850000,1.096000,0.000000,1.191000,128608.857000
5.250000,3187.142000,124813.388000,323.134000,1.088000,0.000000,1.146000,128664.213000,5.293000,3186.946000,124791.865000,323.389000,1.083000,0.000000,1.172000,128664.205000
5.449000,3144.479000,124810.493000,322.713000,1.092000,0.000000,1.175000,128617.977000,5.144000,3144.368000,124790.219000,323.003000,1.081000,0.000000,1.164000,128617.848000
5.087000,3130.233000,124845.635000,324.161000,1.198000,0.000000,1.188000,128676.616000,5.038000,3111.609000,124886.740000,324.518000,1.215000,0.000000,1.215000,128672.659000
5.376000,3183.571000,124833.137000,323.380000,1.256000,0.000000,1.193000,128691.241000,5.472000,3183.243000,124800.748000,323.788000,1.097000,0.000000,1.187000,128719.182000
5.155000,3183.531000,124819.737000,323.058000,1.086000,0.000000,1.154000,128675.657000,5.133000,3183.348000,124798.243000,323.416000,1.089000,0.000000,1.178000,128675.648000
5.101000,3183.044000,124821.137000,322.963000,1.084000,0.000000,1.148000,128676.413000,5.112000,3182.808000,124798.095000,323.286000,1.081000,0.000000,1.171000,128676.430000
5.104000,3182.814000,124825.617000,338.395000,1.106000,0.000000,1.143000,128696.806000,5.077000,3182.580000,124793.400000,338.978000,1.071000,0.000000,1.159000,128696.812000
5.143000,3185.419000,124818.657000,323.138000,1.096000,0.000000,1.156000,128676.671000,4.999000,3185.046000,124791.445000,323.415000,1.095000,0.000000,1.182000,128676.562000
5.068000,3193.274000,124809.448000,322.887000,1.094000,0.000000,1.179000,128684.739000,4.959000,3193.084000,124789.897000,323.202000,1.082000,0.000000,1.170000,128684.627000
5.168000,3228.368000,124818.530000,323.623000,1.098000,0.000000,1.154000,128726.431000,5.034000,3228.302000,124807.672000,323.930000,1.226000,0.000000,1.218000,128709.066000
5.170000,3183.571000,124928.622000,323.496000,1.250000,0.000000,1.193000,128796.077000,5.167000,3183.203000,124798.842000,323.889000,1.094000,0.000000,1.179000,128813.020000
5.271000,3184.211000,124837.369000,323.433000,1.231000,0.000000,1.185000,128695.754000,5.309000,3183.992000,124799.140000,323.824000,1.091000,0.000000,1.176000,128722.820000
5.207000,3187.800000,124820.520000,323.034000,1.084000,0.000000,1.149000,128680.957000,5.216000,3187.570000,124799.556000,323.357000,1.087000,0.000000,1.174000,128680.969000
5.160000,3184.398000,124821.218000,323.245000,1.085000,0.000000,1.151000,128678.065000,5.167000,3184.186000,124798.940000,323.568000,1.082000,0.000000,1.174000,128678.078000
5.159000,3184.203000,124813.187000,323.055000,1.093000,0.000000,1.138000,128684.739000,5.162000,3183.970000,124792.677000,323.371000,1.085000,0.000000,1.167000,128684.754000
5.170000,3182.827000,124812.141000,323.040000,1.082000,0.000000,1.147000,128676.661000,5.022000,3182.689000,124790.492000,323.330000,1.088000,0.000000,1.177000,128676.539000
5.162000,3192.172000,124810.196000,322.892000,1.088000,0.000000,1.141000,128684.205000,5.038000,3192.060000,124789.640000,323.183000,1.088000,0.000000,1.171000,128684.069000
5.158000,3218.354000,124826.909000,323.305000,1.198000,0.000000,1.186000,128784.330000,5.040000,3218.255000,124881.036000,323.703000,1.211000,0.000000,1.207000,128782.081000
5.173000,3280.924000,124828.264000,323.456000,1.094000,0.000000,1.162000,129001.327000,5.181000,3280.617000,125047.598000,323.741000,1.088000,0.000000,1.177000,129001.305000
5.139000,3288.895000,124848.444000,323.213000,1.237000,0.000000,1.172000,128811.929000,5.151000,3281.301000,124899.616000,323.670000,1.091000,0.000000,1.165000,128866.561000
5.264000,3186.799000,124821.495000,329.561000,1.078000,0.000000,1.146000,128772.891000,5.253000,3186.382000,124897.970000,323.628000,1.085000,0.000000,1.173000,128772.882000
5.240000,3183.118000,124820.729000,322.880000,1.078000,0.000000,1.175000,128762.333000,5.242000,3182.931000,124897.848000,323.205000,1.077000,0.000000,1.166000,128762.330000
5.239000,3182.342000,124819.577000,331.193000,1.085000,0.000000,1.139000,128754.900000,5.223000,3181.676000,124892.498000,331.571000,1.067000,0.000000,1.159000,128754.904000
5.235000,3181.525000,124817.477000,323.218000,1.092000,0.000000,1.193000,128754.703000,5.120000,3181.362000,124891.562000,323.467000,1.091000,0.000000,1.177000,128754.595000
5.256000,3273.124000,124809.991000,323.025000,1.088000,0.000000,1.178000,128834.433000,5.103000,3273.039000,124889.048000,323.286000,1.080000,0.000000,1.170000,128834.312000
5.194000,3237.182000,124990.600000,323.393000,1.189000,0.000000,1.185000,128911.821000,5.041000,3237.106000,124834.376000,323.778000,1.233000,0.000000,1.221000,128909.573000
5.177000,3277.556000,124827.861000,323.271000,1.267000,0.000000,1.189000,128789.456000,5.177000,3277.429000,124789.977000,323.607000,1.083000,0.000000,1.169000,128810.807000
5.197000,3280.385000,124825.879000,323.002000,1.102000,0.000000,1.161000,128779.081000,5.169000,3280.090000,124799.221000,323.293000,1.091000,0.000000,1.178000,128779.064000
5.084000,3281.278000,124820.815000,322.919000,1.091000,0.000000,1.190000,128774.571000,5.093000,3281.151000,124797.481000,323.223000,1.084000,0.000000,1.170000,128774.566000
5.068000,3280.962000,124820.058000,322.898000,1.097000,0.000000,1.155000,128773.199000,5.114000,3280.722000,124799.527000,323.178000,1.088000,0.000000,1.174000,128773.210000
5.066000,3281.227000,124829.095000,322.838000,1.093000,0.000000,1.189000,128782.757000,5.099000,3280.988000,124797.739000,323.162000,1.086000,0.000000,1.171000,128782.769000
5.106000,3282.129000,124812.678000,322.854000,1.087000,0.000000,1.153000,128767.061000,5.112000,3281.928000,124792.762000,323.147000,1.088000,0.000000,1.172000,128767.060000
5.082000,3196.413000,124810.185000,323.082000,1.089000,0.000000,1.146000,128689.065000,5.051000,3196.313000,124789.460000,323.369000,1.088000,0.000000,1.169000,128689.043000
5.085000,3235.830000,124845.045000,323.852000,1.180000,0.000000,1.192000,128812.178000,4.942000,3235.755000,124892.319000,324.271000,1.213000,0.000000,1.217000,128811.632000
5.199000,3289.886000,124990.820000,323.292000,1.256000,0.000000,1.192000,128955.407000,5.283000,3289.688000,124789.904000,323.613000,1.091000,0.000000,1.179000,128979.869000
5.150000,3282.150000,124826.870000,323.020000,1.091000,0.000000,1.184000,128781.625000,5.046000,3281.958000,124798.374000,323.304000,1.095000,0.000000,1.178000,128781.498000
5.071000,3281.360000,125598.627000,345.496000,1.235000,0.000000,1.195000,129614.119000,5.100000,3281.203000,125233.907000,344.639000,1.253000,0.000000,1.224000,129614.126000
22.877000,3283.554000,125001.863000,324.349000,1.187000,0.000000,1.190000,128989.414000,23.048000,3283.075000,125000.843000,324.549000,1.227000,0.000000,1.222000,128989.498000
5.348000,3280.807000,124841.857000,323.221000,1.078000,0.000000,1.145000,128796.337000,5.395000,3280.280000,124810.823000,323.587000,1.094000,0.000000,1.176000,128796.321000
5.197000,3182.966000,124824.530000,313.331000,1.086000,0.000000,1.181000,128679.864000,5.204000,3182.862000,124824.054000,313.603000,1.076000,0.000000,1.165000,128679.876000
5.189000,3182.096000,124814.287000,323.261000,1.252000,0.000000,1.154000,128708.489000,5.133000,3181.687000,124815.602000,323.486000,1.333000,0.000000,1.215000,128689.264000
5.276000,3181.908000,124831.173000,323.588000,1.228000,0.000000,1.178000,128687.186000,5.375000,3181.527000,124792.480000,323.961000,1.094000,0.000000,1.178000,128704.990000
5.192000,3193.692000,124902.257000,323.578000,1.253000,0.000000,1.174000,128770.895000,5.148000,3193.688000,124791.436000,323.832000,1.091000,0.000000,1.162000,128798.096000
5.162000,3199.794000,124816.577000,323.007000,1.082000,0.000000,1.178000,128689.029000,5.176000,3199.673000,124789.514000,323.327000,1.082000,0.000000,1.169000,128689.035000
5.158000,3181.316000,124827.966000,322.922000,1.089000,0.000000,1.198000,128681.655000,5.020000,3181.156000,124797.341000,323.228000,1.097000,0.000000,1.182000,128681.526000
5.153000,3181.185000,124826.650000,323.057000,1.095000,0.000000,1.144000,128680.033000,5.154000,3180.976000,124797.431000,323.335000,1.076000,0.000000,1.163000,128680.032000
5.141000,3181.412000,124874.909000,323.154000,1.079000,0.000000,1.179000,128729.403000,5.161000,3181.236000,124858.521000,323.638000,1.085000,0.000000,1.167000,128729.410000
5.141000,3182.982000,124866.309000,323.179000,1.085000,0.000000,1.151000,128722.143000,5.205000,3182.685000,124799.856000,323.551000,1.083000,0.000000,1.169000,128722.144000
5.125000,3185.060000,124992.276000,323.406000,1.192000,0.000000,1.231000,128860.719000,5.161000,3184.625000,124819.747000,323.668000,1.237000,0.000000,1.232000,128860.393000
5.260000,3289.780000,124816.771000,322.948000,1.077000,0.000000,1.173000,128769.883000,5.318000,3289.474000,124789.840000,323.276000,1.083000,0.000000,1.171000,128769.877000
5.253000,3273.204000,124992.474000,323.040000,1.237000,0.000000,1.173000,128930.134000,5.083000,3273.120000,124792.274000,323.433000,1.086000,0.000000,1.164000,128954.459000
5.272000,3142.229000,124810.696000,322.680000,1.088000,0.000000,1.177000,128616.239000,5.154000,3142.168000,124789.105000,322.985000,1.080000,0.000000,1.165000,128616.134000
5.219000,3082.133000,124819.044000,322.796000,1.082000,0.000000,1.143000,128582.481000,5.077000,3081.900000,124797.187000,323.098000,1.078000,0.000000,1.160000,128582.355000
5.218000,3181.866000,124825.844000,322.810000,1.086000,0.000000,1.195000,128689.653000,5.237000,3181.622000,124797.694000,323.104000,1.093000,0.000000,1.181000,128689.672000
5.233000,3183.432000,124819.512000,322.750000,1.080000,0.000000,1.145000,128684.699000,5.206000,3183.329000,124797.805000,323.052000,1.077000,0.000000,1.165000,128684.687000
5.248000,3183.854000,124819.490000,322.690000,1.084000,0.000000,1.198000,128684.751000,5.249000,3183.458000,124797.687000,323.002000,1.093000,0.000000,1.184000,128684.768000
5.237000,3183.730000,124830.097000,323.109000,1.186000,0.000000,1.191000,128696.794000,5.208000,3183.489000,124804.638000,323.546000,1.223000,0.000000,1.222000,128695.189000
5.294000,3279.587000,124908.910000,323.327000,1.246000,0.000000,1.181000,128853.559000,5.245000,3279.451000,124790.100000,323.660000,1.088000,0.000000,1.168000,128878.061000
5.150000,3147.496000,124810.666000,322.784000,1.092000,0.000000,1.173000,128620.865000,5.034000,3147.387000,124789.334000,323.090000,1.081000,0.000000,1.163000,128620.736000
5.112000,3102.958000,124810.145000,322.767000,1.090000,0.000000,1.141000,128575.687000,4.989000,3102.975000,124788.621000,322.995000,1.078000,0.000000,1.165000,128575.557000
5.098000,3083.256000,124819.165000,322.776000,1.100000,0.000000,1.195000,128574.159000,4.977000,3083.025000,124797.087000,323.050000,1.086000,0.000000,1.175000,128574.028000
5.113000,3183.225000,124819.940000,322.602000,1.102000,0.000000,1.147000,128674.871000,5.159000,3182.991000,124797.275000,322.841000,1.080000,0.000000,1.168000,128674.890000
5.102000,3183.236000,124819.780000,322.699000,1.102000,0.000000,1.195000,128674.701000,5.134000,3183.003000,124797.205000,322.971000,1.086000,0.000000,1.175000,128674.718000
5.067000,3183.419000,124821.225000,330.840000,1.083000,0.000000,1.142000,128685.902000,5.111000,3183.185000,124792.206000,331.399000,1.087000,0.000000,1.171000,128685.931000
5.146000,3084.603000,124917.502000,323.540000,1.190000,0.000000,1.176000,128676.029000,5.128000,3084.428000,124893.864000,323.994000,1.213000,0.000000,1.206000,128674.860000
5.191000,3197.861000,124827.708000,323.855000,1.241000,0.000000,1.184000,128700.838000,5.249000,3197.557000,124790.462000,323.693000,1.101000,0.000000,1.177000,128725.893000
5.158000,3191.983000,124818.403000,322.686000,1.085000,0.000000,1.178000,128673.495000,5.016000,3191.935000,124788.925000,322.945000,1.087000,0.000000,1.174000,128673.365000
5.120000,3082.278000,124818.894000,322.783000,1.085000,0.000000,1.188000,128573.195000,4.997000,3081.973000,124798.299000,323.080000,1.090000,0.000000,1.178000,128573.079000
5.113000,3183.123000,124819.087000,322.672000,1.095000,0.000000,1.143000,128673.799000,5.142000,3182.152000,124796.758000,322.926000,1.083000,0.000000,1.167000,128673.818000
5.110000,3189.707000,124824.332000,322.611000,1.079000,0.000000,1.186000,128686.013000,5.119000,3181.810000,124797.567000,322.964000,1.087000,0.000000,1.176000,128686.024000
5.143000,3182.190000,124827.237000,322.779000,1.082000,0.000000,1.145000,128681.651000,5.126000,3181.855000,124797.645000,323.014000,1.081000,0.000000,1.172000,128681.648000
5.119000,3185.170000,124814.291000,323.083000,1.078000,0.000000,1.171000,128674.597000,5.077000,3185.002000,124799.527000,323.351000,1.225000,0.000000,1.200000,128656.212000
5.098000,3194.508000,124821.805000,323.034000,1.256000,0.000000,1.182000,128699.976000,5.095000,3194.289000,124790.518000,323.445000,1.095000,0.000000,1.163000,128717.476000
5.254000,3246.764000,124832.257000,322.735000,1.221000,0.000000,1.171000,128743.042000,5.218000,3246.299000,124790.302000,323.241000,1.081000,0.000000,1.164000,128764.341000
5.273000,3124.036000,124849.514000,323.502000,1.072000,0.000000,1.186000,128638.737000,5.252000,3118.690000,124831.644000,324.110000,1.096000,0.000000,1.182000,128638.741000
5.036000,3283.547000,125427.939000,351.206000,1.232000,0.000000,1.187000,129439.855000,5.079000,3283.214000,125383.147000,351.467000,1.265000,0.000000,1.218000,129439.856000
20.660000,3179.958000,125211.229000,324.306000,1.180000,0.000000,1.180000,129083.500000,20.726000,3179.148000,125211.952000,324.512000,1.220000,0.000000,1.218000,129083.348000
5.404000,3183.256000,124839.027000,323.193000,1.087000,0.000000,1.158000,128686.517000,5.416000,3183.125000,124821.938000,324.025000,1.101000,0.000000,1.189000,128686.508000
5.056000,3181.230000,124867.197000,323.490000,1.097000,0.000000,1.173000,128721.708000,5.047000,3180.990000,124821.573000,323.835000,1.078000,0.000000,1.165000,128721.679000
5.181000,3187.431000,124825.881000,323.570000,1.171000,0.000000,1.192000,128750.704000,5.205000,3187.019000,124897.783000,323.954000,1.212000,0.000000,1.227000,128749.355000
5.100000,3282.269000,124818.583000,323.024000,1.080000,0.000000,1.193000,128764.275000,5.113000,3281.952000,124792.352000,323.530000,1.095000,0.000000,1.178000,128764.267000
4.995000,3191.987000,124989.928000,323.442000,1.249000,0.000000,1.177000,128847.067000,4.887000,3191.978000,124791.042000,323.777000,1.091000,0.000000,1.164000,128872.985000
5.084000,3194.219000,124810.058000,323.178000,1.100000,0.000000,1.149000,128677.549000,5.062000,3194.167000,124789.285000,323.467000,1.081000,0.000000,1.167000,128677.527000
5.141000,3195.467000,124809.575000,322.805000,1.100000,0.000000,1.177000,128677.735000,5.018000,3195.488000,124788.335000,323.120000,1.075000,0.000000,1.162000,128677.607000
5.037000,3183.223000,124818.549000,322.835000,1.095000,0.000000,1.146000,128663.877000,4.919000,3182.920000,124797.259000,323.088000,1.078000,0.000000,1.167000,128663.761000
5.036000,3183.273000,124818.413000,322.721000,1.102000,0.000000,1.188000,128663.897000,5.040000,3183.042000,124797.423000,323.028000,1.086000,0.000000,1.176000,128663.902000
5.027000,3183.417000,124819.576000,322.671000,1.100000,0.000000,1.148000,128664.935000,5.047000,3183.175000,124797.191000,322.933000,1.078000,0.000000,1.168000,128664.954000
5.046000,3183.353000,124985.266000,331.957000,1.184000,0.000000,1.196000,128850.905000,5.046000,3183.122000,124830.832000,331.843000,1.236000,0.000000,1.232000,128849.413000
5.041000,3184.289000,124821.010000,323.759000,1.243000,0.000000,1.181000,128669.794000,5.129000,3183.915000,124791.381000,324.048000,1.092000,0.000000,1.170000,128692.000000
5.122000,3172.733000,124812.543000,323.038000,1.091000,0.000000,1.169000,128648.871000,5.114000,3172.609000,124790.290000,323.353000,1.075000,0.000000,1.161000,128648.867000
5.263000,3133.627000,124812.675000,323.266000,1.085000,0.000000,1.167000,128609.183000,5.246000,3133.415000,124790.015000,323.256000,1.076000,0.000000,1.160000,128609.163000
5.129000,3081.173000,124826.439000,323.557000,1.088000,0.000000,1.153000,128580.361000,5.020000,3081.074000,124797.160000,323.306000,1.103000,0.000000,1.185000,128580.242000
5.092000,3182.939000,124826.197000,321.649000,1.094000,0.000000,1.170000,128683.279000,5.084000,3182.783000,124797.500000,325.141000,1.074000,0.000000,1.162000,128683.268000
5.061000,3181.961000,124820.257000,322.930000,1.094000,0.000000,1.162000,128674.055000,5.099000,3181.728000,124797.464000,323.188000,1.104000,0.000000,1.192000,128674.074000
5.061000,3181.277000,124819.702000,323.022000,1.100000,0.000000,1.170000,128672.825000,5.098000,3181.049000,124797.490000,323.312000,1.072000,0.000000,1.160000,128672.832000
5.051000,3180.803000,124839.275000,323.611000,1.193000,0.000000,1.180000,128694.539000,5.101000,3180.562000,124834.379000,324.261000,1.216000,0.000000,1.206000,128693.791000
5.208000,3194.440000,124909.080000,323.672000,1.232000,0.000000,1.180000,128769.307000,5.302000,3194.086000,124790.217000,323.905000,1.100000,0.000000,1.173000,128793.745000
5.180000,3150.481000,124822.087000,322.973000,1.093000,0.000000,1.163000,128635.933000,5.183000,3150.305000,124789.671000,323.287000,1.077000,0.000000,1.159000,128635.909000
5.134000,3104.920000,124810.729000,322.851000,1.091000,0.000000,1.128000,128578.349000,5.037000,3104.948000,124788.369000,323.166000,1.072000,0.000000,1.156000,128578.241000
5.061000,3082.877000,124819.382000,322.930000,1.093000,0.000000,1.173000,128574.127000,4.960000,3082.646000,124797.080000,323.228000,1.081000,0.000000,1.165000,128574.007000
5.071000,3182.701000,124819.407000,323.037000,1.093000,0.000000,1.140000,128674.081000,5.093000,3182.466000,124796.648000,323.346000,1.083000,0.000000,1.168000,128674.094000
5.056000,3182.804000,124819.839000,322.830000,1.093000,0.000000,1.138000,128674.273000,5.097000,3182.570000,124797.154000,323.131000,1.081000,0.000000,1.166000,128674.286000
5.072000,3182.790000,124853.000000,362.729000,1.091000,0.000000,1.155000,128794.216000,5.097000,3182.522000,124898.665000,345.072000,1.249000,0.000000,1.218000,128775.845000
4.999000,3185.172000,124912.300000,324.675000,1.246000,0.000000,1.163000,128773.163000,5.066000,3185.131000,124797.615000,324.203000,1.102000,0.000000,1.161000,128790.124000
5.137000,3193.151000,124903.843000,322.992000,1.242000,0.000000,1.187000,128770.863000,5.158000,3192.890000,124793.271000,323.325000,1.078000,0.000000,1.174000,128801.157000
5.161000,3191.028000,124810.569000,322.793000,1.093000,0.000000,1.134000,128664.413000,5.079000,3190.955000,124789.428000,323.084000,1.069000,0.000000,1.156000,128664.302000
5.069000,3092.241000,124811.349000,329.828000,1.086000,0.000000,1.132000,128572.997000,4.973000,3092.387000,124788.594000,322.956000,1.069000,0.000000,1.155000,128572.867000
5.248000,3082.502000,124820.439000,322.838000,1.080000,0.000000,1.147000,128574.977000,5.149000,3082.032000,124796.948000,323.180000,1.089000,0.000000,1.173000,128574.851000
5.094000,3182.627000,124819.807000,322.673000,1.082000,0.000000,1.146000,128674.079000,5.106000,3182.387000,124797.618000,322.971000,1.082000,0.000000,1.167000,128674.087000
5.090000,3182.518000,124820.200000,322.831000,1.080000,0.000000,1.147000,128674.537000,5.095000,3182.277000,124797.425000,323.127000,1.091000,0.000000,1.172000,128674.546000
5.097000,3182.497000,124813.659000,323.123000,1.155000,0.000000,1.185000,128699.802000,5.119000,3182.258000,124805.126000,323.379000,1.239000,0.000000,1.216000,128697.907000
5.149000,3183.483000,124873.412000,323.370000,1.080000,0.000000,1.197000,128719.909000,5.124000,3183.193000,124790.111000,323.615000,1.100000,0.000000,1.184000,128719.910000
5.003000,3257.455000,124828.333000,323.234000,1.246000,0.000000,1.164000,128759.964000,4.844000,3257.522000,124790.112000,323.544000,1.100000,0.000000,1.165000,128785.992000
5.208000,3200.122000,124814.458000,322.876000,1.091000,0.000000,1.180000,128678.235000,5.054000,3196.572000,124788.838000,323.186000,1.088000,0.000000,1.176000,128678.111000
4.995000,3185.377000,125359.874000,365.597000,1.236000,0.000000,1.207000,129309.679000,4.838000,3185.214000,125386.873000,365.865000,1.262000,0.000000,1.238000,129309.560000
20.640000,3284.774000,125445.804000,324.369000,1.231000,0.000000,1.193000,129423.187000,20.696000,3284.173000,125245.829000,324.659000,1.246000,0.000000,1.223000,129423.154000
5.085000,3184.099000,124868.641000,323.665000,1.096000,0.000000,1.176000,128736.477000,5.155000,3183.492000,124808.465000,323.889000,1.080000,0.000000,1.164000,128736.467000
5.302000,3189.901000,124861.660000,323.306000,1.093000,0.000000,1.182000,128725.012000,5.334000,3189.452000,124808.787000,323.668000,1.088000,0.000000,1.176000,128725.035000
5.158000,3187.557000,124912.994000,323.500000,1.198000,0.000000,1.199000,128774.970000,5.045000,3186.866000,124900.458000,323.908000,1.221000,0.000000,1.227000,128771.779000
5.174000,3184.842000,124821.082000,323.662000,1.243000,0.000000,1.196000,128697.801000,5.246000,3183.912000,124794.257000,323.977000,1.094000,0.000000,1.184000,128724.642000
5.285000,3181.764000,124926.600000,323.134000,1.089000,0.000000,1.176000,128772.043000,5.141000,3181.749000,124790.901000,323.439000,1.074000,0.000000,1.162000,128771.909000
5.046000,3191.229000,124811.957000,323.019000,1.091000,0.000000,1.137000,128676.049000,4.914000,3191.210000,124789.409000,323.335000,1.074000,0.000000,1.161000,128675.932000
4.990000,3191.278000,124816.978000,322.929000,1.095000,0.000000,1.174000,128680.853000,4.841000,3191.244000,124788.273000,323.219000,1.074000,0.000000,1.160000,128680.715000
4.978000,3181.915000,124819.254000,323.151000,1.099000,0.000000,1.151000,128663.777000,4.800000,3181.684000,124797.004000,323.421000,1.080000,0.000000,1.168000,128663.587000
4.966000,3181.771000,124819.448000,323.168000,1.101000,0.000000,1.149000,128663.603000,4.993000,3181.517000,124796.720000,323.415000,1.080000,0.000000,1.166000,128663.624000
4.975000,3181.734000,124820.478000,323.113000,1.101000,0.000000,1.154000,128664.451000,4.988000,3181.494000,124797.823000,323.384000,1.083000,0.000000,1.169000,128664.460000
4.975000,3181.897000,124964.567000,324.290000,1.176000,0.000000,1.200000,128821.609000,5.003000,3181.643000,124825.278000,324.593000,1.217000,0.000000,1.230000,128821.026000
5.603000,3191.064000,124915.318000,323.567000,1.253000,0.000000,1.204000,128781.871000,5.476000,3190.607000,124794.872000,324.149000,1.097000,0.000000,1.187000,128806.370000
5.180000,3194.309000,124821.177000,323.337000,1.104000,0.000000,1.181000,128679.287000,5.033000,3194.171000,124791.034000,323.632000,1.074000,0.000000,1.167000,128679.163000
5.226000,3203.213000,124811.409000,322.995000,1.093000,0.000000,1.145000,128678.013000,5.113000,3203.232000,124790.349000,323.309000,1.080000,0.000000,1.165000,128677.896000
5.221000,3117.272000,124853.425000,323.647000,1.095000,0.000000,1.148000,128635.670000,5.095000,3117.246000,124848.452000,323.432000,1.083000,0.000000,1.175000,128635.546000
5.222000,3085.874000,124825.739000,323.028000,1.084000,0.000000,1.175000,128594.051000,5.296000,3085.560000,124798.392000,323.371000,1.074000,0.000000,1.164000,128594.048000
5.199000,3182.386000,124819.665000,322.814000,1.082000,0.000000,1.176000,128683.921000,5.210000,3182.023000,124798.102000,323.129000,1.082000,0.000000,1.172000,128683.944000
5.176000,3187.118000,124820.834000,322.761000,1.084000,0.000000,1.181000,128689.491000,5.177000,3186.815000,124797.421000,323.086000,1.077000,0.000000,1.168000,128689.496000
5.191000,3182.162000,124828.239000,330.575000,1.184000,0.000000,1.185000,128692.046000,5.206000,3181.951000,124823.527000,330.879000,1.222000,0.000000,1.217000,128689.322000
5.283000,3183.641000,124834.269000,323.427000,1.263000,0.000000,1.199000,128691.974000,5.328000,3183.206000,124791.742000,323.716000,1.091000,0.000000,1.183000,128716.320000
5.155000,3191.042000,124811.023000,322.726000,1.097000,0.000000,1.174000,128665.269000,5.064000,3190.890000,124789.403000,323.363000,1.083000,0.000000,1.167000,128665.149000
5.091000,3127.137000,124811.343000,322.897000,1.099000,0.000000,1.148000,128601.085000,4.964000,3127.052000,124788.984000,323.156000,1.081000,0.000000,1.171000,128600.953000
5.080000,3081.828000,124828.360000,322.970000,1.095000,0.000000,1.191000,128582.411000,4.945000,3081.592000,124796.764000,323.298000,1.083000,0.000000,1.173000,128582.277000
5.098000,3183.488000,124820.025000,322.766000,1.099000,0.000000,1.154000,128675.397000,5.106000,3183.213000,124797.196000,323.019000,1.085000,0.000000,1.176000,128675.400000
5.054000,3183.491000,124820.113000,322.893000,1.101000,0.000000,1.189000,128675.521000,5.067000,3183.256000,124799.236000,323.182000,1.083000,0.000000,1.174000,128675.522000
5.061000,3183.539000,124820.658000,322.998000,1.099000,0.000000,1.148000,128682.953000,5.112000,3183.253000,124809.731000,323.209000,1.211000,0.000000,1.206000,128664.901000
5.058000,3182.537000,124828.686000,323.325000,1.242000,0.000000,1.185000,128685.022000,5.097000,3182.202000,124791.758000,323.763000,1.101000,0.000000,1.183000,128701.462000
5.158000,3191.504000,124822.275000,323.254000,1.259000,0.000000,1.181000,128678.481000,5.124000,3191.390000,124790.664000,323.596000,1.096000,0.000000,1.170000,128700.164000
5.131000,3147.469000,124818.285000,323.239000,1.077000,0.000000,1.183000,128629.197000,5.121000,3147.366000,124789.007000,323.547000,1.087000,0.000000,1.173000,128629.196000
5.090000,3105.314000,124810.983000,322.850000,1.081000,0.000000,1.178000,128579.135000,4.964000,3105.288000,124788.706000,323.142000,1.083000,0.000000,1.168000,128579.021000
