100,10,1000,1,1,2,2,2,5
100,10,100,1,1,2,2,2,5
100,10,101,1,1,2,2,2,5
100,10,102,1,1,2,2,2,5
100,10,103,1,1,2,2,2,5
100,10,104,1,1,2,2,2,5
100,10,105,1,1,2,2,2,5
100,10,106,1,1,2,2,2,5
100,10,107,1,1,2,2,2,5
100,10,108,1,1,2,2,2,5
100,10,109,1,1,2,2,2,5
100,10,10,1,1,2,2,2,5
100,10,110,1,1,2,2,2,5
100,10,111,1,1,2,2,2,5
100,10,112,1,1,2,2,2,5
100,10,113,1,1,2,2,2,5
100,10,114,1,1,2,2,2,5
100,10,115,1,1,2,2,2,5
100,10,116,1,1,2,2,2,5
100,10,117,1,1,2,2,2,5
100,10,118,1,1,2,2,2,5
100,10,119,1,1,2,2,2,5
100,10,11,1,1,2,2,2,5
100,10,120,1,1,2,2,2,5
100,10,121,1,1,2,2,2,5
100,10,122,1,1,2,2,2,5
100,10,123,1,1,2,2,2,5
100,10,124,1,1,2,2,2,5
100,10,125,1,1,2,2,2,5
100,10,126,1,1,2,2,2,5
100,10,127,1,1,2,2,2,5
100,10,128,1,1,2,2,2,5
100,10,129,1,1,2,2,2,5
100,10,12,1,1,2,2,2,5
100,10,130,1,1,2,2,2,5
100,10,131,1,1,2,2,2,5
100,10,132,1,1,2,2,2,5
100,10,133,1,1,2,2,2,5
100,10,134,1,1,2,2,2,5
100,10,135,1,1,2,2,2,5
100,10,136,1,1,2,2,2,5
100,10,137,1,1,2,2,2,5
100,10,138,1,1,2,2,2,5
100,10,139,1,1,2,2,2,5
100,10,13,1,1,2,2,2,5
100,10,140,1,1,2,2,2,5
100,10,141,1,1,2,2,2,5
100,10,142,1,1,2,2,2,5
100,10,143,1,1,2,2,2,5
100,10,144,1,1,2,2,2,5
100,10,145,1,1,2,2,2,5
100,10,146,1,1,2,2,2,5
100,10,147,1,1,2,2,2,5
100,10,148,1,1,2,2,2,5
100,10,149,1,1,2,2,2,5
100,10,14,1,1,2,2,2,5
100,10,150,1,1,2,2,2,5
100,10,151,1,1,2,2,2,5
100,10,152,1,1,2,2,2,5
100,10,153,1,1,2,2,2,5
100,10,154,1,1,2,2,2,5
100,10,155,1,1,2,2,2,5
100,10,156,1,1,2,2,2,5
100,10,157,1,1,2,2,2,5
100,10,158,1,1,2,2,2,5
100,10,159,1,1,2,2,2,5
100,10,15,1,1,2,2,2,5
100,10,160,1,1,2,2,2,5
100,10,161,1,1,2,2,2,5
100,10,162,1,1,2,2,2,5
100,10,163,1,1,2,2,2,5
100,10,164,1,1,2,2,2,5
100,10,165,1,1,2,2,2,5
100,10,166,1,1,2,2,2,5
100,10,167,1,1,2,2,2,5
100,10,168,1,1,2,2,2,5
100,10,169,1,1,2,2,2,5
100,10,16,1,1,2,2,2,5
100,10,170,1,1,2,2,2,5
100,10,171,1,1,2,2,2,5
100,10,172,1,1,2,2,2,5
100,10,173,1,1,2,2,2,5
100,10,174,1,1,2,2,2,5
100,10,175,1,1,2,2,2,5
100,10,176,1,1,2,2,2,5
100,10,177,1,1,2,2,2,5
100,10,178,1,1,2,2,2,5
100,10,179,1,1,2,2,2,5
100,10,17,1,1,2,2,2,5
100,10,180,1,1,2,2,2,5
100,10,181,1,1,2,2,2,5
100,10,182,1,1,2,2,2,5
100,10,183,1,1,2,2,2,5
100,10,184,1,1,2,2,2,5
100,10,185,1,1,2,2,2,5
100,10,186,1,1,2,2,2,5
100,10,187,1,1,2,2,2,5
100,10,188,1,1,2,2,2,5
100,10,189,1,1,2,2,2,5
100,10,18,1,1,2,2,2,5
100,10,190,1,1,2,2,2,5
100,10,191,1,1,2,2,2,5
100,10,192,1,1,2,2,2,5
100,10,193,1,1,2,2,2,5
100,10,194,1,1,2,2,2,5
100,10,195,1,1,2,2,2,5
100,10,196,1,1,2,2,2,5
100,10,197,1,1,2,2,2,5
100,10,198,1,1,2,2,2,5
100,10,199,1,1,2,2,2,5
100,10,19,1,1,2,2,2,5
100,10,1,1,1,2,2,2,5
100,10,200,1,1,2,2,2,5
100,10,201,1,1,2,2,2,5
100,10,202,1,1,2,2,2,5
100,10,203,1,1,2,2,2,5
100,10,204,1,1,2,2,2,5
100,10,205,1,1,2,2,2,5
100,10,206,1,1,2,2,2,5
100,10,207,1,1,2,2,2,5
100,10,208,1,1,2,2,2,5
100,10,209,1,1,2,2,2,5
100,10,20,1,1,2,2,2,5
100,10,210,1,1,2,2,2,5
100,10,211,1,1,2,2,2,5
100,10,212,1,1,2,2,2,5
100,10,213,1,1,2,2,2,5
100,10,214,1,1,2,2,2,5
100,10,215,1,1,2,2,2,5
100,10,216,1,1,2,2,2,5
100,10,217,1,1,2,2,2,5
100,10,218,1,1,2,2,2,5
100,10,219,1,1,2,2,2,5
100,10,21,1,1,2,2,2,5
100,10,220,1,1,2,2,2,5
100,10,221,1,1,2,2,2,5
100,10,222,1,1,2,2,2,5
100,10,223,1,1,2,2,2,5
100,10,224,1,1,2,2,2,5
100,10,225,1,1,2,2,2,5
100,10,226,1,1,2,2,2,5
100,10,227,1,1,2,2,2,5
100,10,228,1,1,2,2,2,5
100,10,229,1,1,2,2,2,5
100,10,22,1,1,2,2,2,5
100,10,230,1,1,2,2,2,5
100,10,231,1,1,2,2,2,5
100,10,232,1,1,2,2,2,5
100,10,233,1,1,2,2,2,5
100,10,234,1,1,2,2,2,5
100,10,235,1,1,2,2,2,5
100,10,236,1,1,2,2,2,5
100,10,237,1,1,2,2,2,5
100,10,238,1,1,2,2,2,5
100,10,239,1,1,2,2,2,5
100,10,23,1,1,2,2,2,5
100,10,240,1,1,2,2,2,5
100,10,241,1,1,2,2,2,5
100,10,242,1,1,2,2,2,5
100,10,243,1,1,2,2,2,5
100,10,244,1,1,2,2,2,5
100,10,245,1,1,2,2,2,5
100,10,246,1,1,2,2,2,5
100,10,247,1,1,2,2,2,5
100,10,248,1,1,2,2,2,5
100,10,249,1,1,2,2,2,5
100,10,24,1,1,2,2,2,5
100,10,250,1,1,2,2,2,5
100,10,251,1,1,2,2,2,5
100,10,252,1,1,2,2,2,5
100,10,253,1,1,2,2,2,5
100,10,254,1,1,2,2,2,5
100,10,255,1,1,2,2,2,5
100,10,256,1,1,2,2,2,5
100,10,257,1,1,2,2,2,5
100,10,258,1,1,2,2,2,5
100,10,259,1,1,2,2,2,5
100,10,25,1,1,2,2,2,5
100,10,260,1,1,2,2,2,5
100,10,261,1,1,2,2,2,5
100,10,262,1,1,2,2,2,5
100,10,263,1,1,2,2,2,5
100,10,264,1,1,2,2,2,5
100,10,265,1,1,2,2,2,5
100,10,266,1,1,2,2,2,5
100,10,267,1,1,2,2,2,5
100,10,268,1,1,2,2,2,5
100,10,269,1,1,2,2,2,5
100,10,26,1,1,2,2,2,5
100,10,270,1,1,2,2,2,5
100,10,271,1,1,2,2,2,5
100,10,272,1,1,2,2,2,5
100,10,273,1,1,2,2,2,5
100,10,274,1,1,2,2,2,5
100,10,275,1,1,2,2,2,5
100,10,276,1,1,2,2,2,5
100,10,277,1,1,2,2,2,5
100,10,278,1,1,2,2,2,5
100,10,279,1,1,2,2,2,5
100,10,27,1,1,2,2,2,5
100,10,280,1,1,2,2,2,5
100,10,281,1,1,2,2,2,5
100,10,282,1,1,2,2,2,5
100,10,283,1,1,2,2,2,5
100,10,284,1,1,2,2,2,5
100,10,285,1,1,2,2,2,5
100,10,286,1,1,2,2,2,5
100,10,287,1,1,2,2,2,5
100,10,288,1,1,2,2,2,5
100,10,289,1,1,2,2,2,5
100,10,28,1,1,2,2,2,5
100,10,290,1,1,2,2,2,5
100,10,291,1,1,2,2,2,5
100,10,292,1,1,2,2,2,5
100,10,293,1,1,2,2,2,5
100,10,294,1,1,2,2,2,5
100,10,295,1,1,2,2,2,5
100,10,296,1,1,2,2,2,5
100,10,297,1,1,2,2,2,5
100,10,298,1,1,2,2,2,5
100,10,299,1,1,2,2,2,5
100,10,29,1,1,2,2,2,5
100,10,2,1,1,2,2,2,5
100,10,300,1,1,2,2,2,5
100,10,301,1,1,2,2,2,5
100,10,302,1,1,2,2,2,5
100,10,303,1,1,2,2,2,5
100,10,304,1,1,2,2,2,5
100,10,305,1,1,2,2,2,5
100,10,306,1,1,2,2,2,5
100,10,307,1,1,2,2,2,5
100,10,308,1,1,2,2,2,5
100,10,309,1,1,2,2,2,5
100,10,30,1,1,2,2,2,5
100,10,310,1,1,2,2,2,5
100,10,311,1,1,2,2,2,5
100,10,312,1,1,2,2,2,5
100,10,313,1,1,2,2,2,5
100,10,314,1,1,2,2,2,5
100,10,315,1,1,2,2,2,5
100,10,316,1,1,2,2,2,5
100,10,317,1,1,2,2,2,5
100,10,318,1,1,2,2,2,5
100,10,319,1,1,2,2,2,5
100,10,31,1,1,2,2,2,5
100,10,320,1,1,2,2,2,5
100,10,321,1,1,2,2,2,5
100,10,322,1,1,2,2,2,5
100,10,323,1,1,2,2,2,5
100,10,324,1,1,2,2,2,5
100,10,325,1,1,2,2,2,5
100,10,326,1,1,2,2,2,5
100,10,327,1,1,2,2,2,5
100,10,328,1,1,2,2,2,5
100,10,329,1,1,2,2,2,5
100,10,32,1,1,2,2,2,5
100,10,330,1,1,2,2,2,5
100,10,331,1,1,2,2,2,5
100,10,332,1,1,2,2,2,5
100,10,333,1,1,2,2,2,5
100,10,334,1,1,2,2,2,5
100,10,335,1,1,2,2,2,5
100,10,336,1,1,2,2,2,5
100,10,337,1,1,2,2,2,5
100,10,338,1,1,2,2,2,5
100,10,339,1,1,2,2,2,5
100,10,33,1,1,2,2,2,5
100,10,340,1,1,2,2,2,5
100,10,341,1,1,2,2,2,5
100,10,342,1,1,2,2,2,5
100,10,343,1,1,2,2,2,5
100,10,344,1,1,2,2,2,5
100,10,345,1,1,2,2,2,5
100,10,346,1,1,2,2,2,5
100,10,347,1,1,2,2,2,5
100,10,348,1,1,2,2,2,5
100,10,349,1,1,2,2,2,5
100,10,34,1,1,2,2,2,5
100,10,350,1,1,2,2,2,5
100,10,351,1,1,2,2,2,5
100,10,352,1,1,2,2,2,5
100,10,353,1,1,2,2,2,5
100,10,354,1,1,2,2,2,5
100,10,355,1,1,2,2,2,5
100,10,356,1,1,2,2,2,5
100,10,357,1,1,2,2,2,5
100,10,358,1,1,2,2,2,5
100,10,359,1,1,2,2,2,5
100,10,35,1,1,2,2,2,5
100,10,360,1,1,2,2,2,5
100,10,361,1,1,2,2,2,5
100,10,362,1,1,2,2,2,5
100,10,363,1,1,2,2,2,5
100,10,364,1,1,2,2,2,5
100,10,365,1,1,2,2,2,5
100,10,366,1,1,2,2,2,5
100,10,367,1,1,2,2,2,5
100,10,368,1,1,2,2,2,5
100,10,369,1,1,2,2,2,5
100,10,36,1,1,2,2,2,5
100,10,370,1,1,2,2,2,5
100,10,371,1,1,2,2,2,5
100,10,372,1,1,2,2,2,5
100,10,373,1,1,2,2,2,5
100,10,374,1,1,2,2,2,5
100,10,375,1,1,2,2,2,5
100,10,376,1,1,2,2,2,5
100,10,377,1,1,2,2,2,5
100,10,378,1,1,2,2,2,5
100,10,379,1,1,2,2,2,5
100,10,37,1,1,2,2,2,5
100,10,380,1,1,2,2,2,5
100,10,381,1,1,2,2,2,5
100,10,382,1,1,2,2,2,5
100,10,383,1,1,2,2,2,5
100,10,384,1,1,2,2,2,5
100,10,385,1,1,2,2,2,5
100,10,386,1,1,2,2,2,5
100,10,387,1,1,2,2,2,5
100,10,388,1,1,2,2,2,5
100,10,389,1,1,2,2,2,5
100,10,38,1,1,2,2,2,5
100,10,390,1,1,2,2,2,5
100,10,391,1,1,2,2,2,5
100,10,392,1,1,2,2,2,5
100,10,393,1,1,2,2,2,5
100,10,394,1,1,2,2,2,5
100,10,395,1,1,2,2,2,5
100,10,396,1,1,2,2,2,5
100,10,397,1,1,2,2,2,5
100,10,398,1,1,2,2,2,5
100,10,399,1,1,2,2,2,5
100,10,39,1,1,2,2,2,5
100,10,3,1,1,2,2,2,5
100,10,400,1,1,2,2,2,5
100,10,401,1,1,2,2,2,5
100,10,402,1,1,2,2,2,5
100,10,403,1,1,2,2,2,5
100,10,404,1,1,2,2,2,5
100,10,405,1,1,2,2,2,5
100,10,406,1,1,2,2,2,5
100,10,407,1,1,2,2,2,5
100,10,408,1,1,2,2,2,5
100,10,409,1,1,2,2,2,5
100,10,40,1,1,2,2,2,5
100,10,410,1,1,2,2,2,5
100,10,411,1,1,2,2,2,5
100,10,412,1,1,2,2,2,5
100,10,413,1,1,2,2,2,5
100,10,414,1,1,2,2,2,5
100,10,415,1,1,2,2,2,5
100,10,416,1,1,2,2,2,5
100,10,417,1,1,2,2,2,5
100,10,418,1,1,2,2,2,5
100,10,419,1,1,2,2,2,5
100,10,41,1,1,2,2,2,5
100,10,420,1,1,2,2,2,5
100,10,421,1,1,2,2,2,5
100,10,422,1,1,2,2,2,5
100,10,423,1,1,2,2,2,5
100,10,424,1,1,2,2,2,5
100,10,425,1,1,2,2,2,5
100,10,426,1,1,2,2,2,5
100,10,427,1,1,2,2,2,5
100,10,428,1,1,2,2,2,5
100,10,429,1,1,2,2,2,5
100,10,42,1,1,2,2,2,5
100,10,430,1,1,2,2,2,5
100,10,431,1,1,2,2,2,5
100,10,432,1,1,2,2,2,5
100,10,433,1,1,2,2,2,5
100,10,434,1,1,2,2,2,5
100,10,435,1,1,2,2,2,5
100,10,436,1,1,2,2,2,5
100,10,437,1,1,2,2,2,5
100,10,438,1,1,2,2,2,5
100,10,439,1,1,2,2,2,5
100,10,43,1,1,2,2,2,5
100,10,440,1,1,2,2,2,5
100,10,441,1,1,2,2,2,5
100,10,442,1,1,2,2,2,5
100,10,443,1,1,2,2,2,5
100,10,444,1,1,2,2,2,5
100,10,445,1,1,2,2,2,5
100,10,446,1,1,2,2,2,5
100,10,447,1,1,2,2,2,5
100,10,448,1,1,2,2,2,5
100,10,449,1,1,2,2,2,5
100,10,44,1,1,2,2,2,5
100,10,450,1,1,2,2,2,5
100,10,451,1,1,2,2,2,5
100,10,452,1,1,2,2,2,5
100,10,453,1,1,2,2,2,5
100,10,454,1,1,2,2,2,5
100,10,455,1,1,2,2,2,5
100,10,456,1,1,2,2,2,5
100,10,457,1,1,2,2,2,5
100,10,458,1,1,2,2,2,5
100,10,459,1,1,2,2,2,5
100,10,45,1,1,2,2,2,5
100,10,460,1,1,2,2,2,5
100,10,461,1,1,2,2,2,5
100,10,462,1,1,2,2,2,5
100,10,463,1,1,2,2,2,5
100,10,464,1,1,2,2,2,5
100,10,465,1,1,2,2,2,5
100,10,466,1,1,2,2,2,5
100,10,467,1,1,2,2,2,5
100,10,468,1,1,2,2,2,5
100,10,469,1,1,2,2,2,5
100,10,46,1,1,2,2,2,5
100,10,470,1,1,2,2,2,5
100,10,471,1,1,2,2,2,5
100,10,472,1,1,2,2,2,5
100,10,473,1,1,2,2,2,5
100,10,474,1,1,2,2,2,5
100,10,475,1,1,2,2,2,5
100,10,476,1,1,2,2,2,5
100,10,477,1,1,2,2,2,5
100,10,478,1,1,2,2,2,5
100,10,479,1,1,2,2,2,5
100,10,47,1,1,2,2,2,5
100,10,480,1,1,2,2,2,5
100,10,481,1,1,2,2,2,5
100,10,482,1,1,2,2,2,5
100,10,483,1,1,2,2,2,5
100,10,484,1,1,2,2,2,5
100,10,485,1,1,2,2,2,5
100,10,486,1,1,2,2,2,5
100,10,487,1,1,2,2,2,5
100,10,488,1,1,2,2,2,5
100,10,489,1,1,2,2,2,5
100,10,48,1,1,2,2,2,5
100,10,490,1,1,2,2,2,5
100,10,491,1,1,2,2,2,5
100,10,492,1,1,2,2,2,5
100,10,493,1,1,2,2,2,5
100,10,494,1,1,2,2,2,5
100,10,495,1,1,2,2,2,5
100,10,496,1,1,2,2,2,5
100,10,497,1,1,2,2,2,5
100,10,498,1,1,2,2,2,5
100,10,499,1,1,2,2,2,5
100,10,49,1,1,2,2,2,5
100,10,4,1,1,2,2,2,5
100,10,500,1,1,2,2,2,5
100,10,501,1,1,2,2,2,5
100,10,502,1,1,2,2,2,5
100,10,503,1,1,2,2,2,5
100,10,504,1,1,2,2,2,5
100,10,505,1,1,2,2,2,5
100,10,506,1,1,2,2,2,5
100,10,507,1,1,2,2,2,5
100,10,508,1,1,2,2,2,5
100,10,509,1,1,2,2,2,5
100,10,50,1,1,2,2,2,5
100,10,510,1,1,2,2,2,5
100,10,511,1,1,2,2,2,5
100,10,512,1,1,2,2,2,5
100,10,513,1,1,2,2,2,5
100,10,514,1,1,2,2,2,5
100,10,515,1,1,2,2,2,5
100,10,516,1,1,2,2,2,5
100,10,517,1,1,2,2,2,5
100,10,518,1,1,2,2,2,5
100,10,519,1,1,2,2,2,5
100,10,51,1,1,2,2,2,5
100,10,520,1,1,2,2,2,5
100,10,521,1,1,2,2,2,5
100,10,522,1,1,2,2,2,5
100,10,523,1,1,2,2,2,5
100,10,524,1,1,2,2,2,5
100,10,525,1,1,2,2,2,5
100,10,526,1,1,2,2,2,5
100,10,527,1,1,2,2,2,5
100,10,528,1,1,2,2,2,5
100,10,529,1,1,2,2,2,5
100,10,52,1,1,2,2,2,5
100,10,530,1,1,2,2,2,5
100,10,531,1,1,2,2,2,5
100,10,532,1,1,2,2,2,5
100,10,533,1,1,2,2,2,5
100,10,534,1,1,2,2,2,5
100,10,535,1,1,2,2,2,5
100,10,536,1,1,2,2,2,5
100,10,537,1,1,2,2,2,5
100,10,538,1,1,2,2,2,5
100,10,539,1,1,2,2,2,5
100,10,53,1,1,2,2,2,5
100,10,540,1,1,2,2,2,5
100,10,541,1,1,2,2,2,5
100,10,542,1,1,2,2,2,5
100,10,543,1,1,2,2,2,5
100,10,544,1,1,2,2,2,5
100,10,545,1,1,2,2,2,5
100,10,546,1,1,2,2,2,5
100,10,547,1,1,2,2,2,5
100,10,548,1,1,2,2,2,5
100,10,549,1,1,2,2,2,5
100,10,54,1,1,2,2,2,5
100,10,550,1,1,2,2,2,5
100,10,551,1,1,2,2,2,5
100,10,552,1,1,2,2,2,5
100,10,553,1,1,2,2,2,5
100,10,554,1,1,2,2,2,5
100,10,555,1,1,2,2,2,5
100,10,556,1,1,2,2,2,5
100,10,557,1,1,2,2,2,5
100,10,558,1,1,2,2,2,5
100,10,559,1,1,2,2,2,5
100,10,55,1,1,2,2,2,5
100,10,560,1,1,2,2,2,5
100,10,561,1,1,2,2,2,5
100,10,562,1,1,2,2,2,5
100,10,563,1,1,2,2,2,5
100,10,564,1,1,2,2,2,5
100,10,565,1,1,2,2,2,5
100,10,566,1,1,2,2,2,5
100,10,567,1,1,2,2,2,5
100,10,568,1,1,2,2,2,5
100,10,569,1,1,2,2,2,5
100,10,56,1,1,2,2,2,5
100,10,570,1,1,2,2,2,5
100,10,571,1,1,2,2,2,5
100,10,572,1,1,2,2,2,5
100,10,573,1,1,2,2,2,5
100,10,574,1,1,2,2,2,5
100,10,575,1,1,2,2,2,5
100,10,576,1,1,2,2,2,5
100,10,577,1,1,2,2,2,5
100,10,578,1,1,2,2,2,5
100,10,579,1,1,2,2,2,5
100,10,57,1,1,2,2,2,5
100,10,580,1,1,2,2,2,5
100,10,581,1,1,2,2,2,5
100,10,582,1,1,2,2,2,5
100,10,583,1,1,2,2,2,5
100,10,584,1,1,2,2,2,5
100,10,585,1,1,2,2,2,5
100,10,586,1,1,2,2,2,5
100,10,587,1,1,2,2,2,5
100,10,588,1,1,2,2,2,5
100,10,589,1,1,2,2,2,5
100,10,58,1,1,2,2,2,5
100,10,590,1,1,2,2,2,5
100,10,591,1,1,2,2,2,5
100,10,592,1,1,2,2,2,5
100,10,593,1,1,2,2,2,5
100,10,594,1,1,2,2,2,5
100,10,595,1,1,2,2,2,5
100,10,596,1,1,2,2,2,5
100,10,597,1,1,2,2,2,5
100,10,598,1,1,2,2,2,5
100,10,599,1,1,2,2,2,5
100,10,59,1,1,2,2,2,5
100,10,5,1,1,2,2,2,5
100,10,600,1,1,2,2,2,5
100,10,601,1,1,2,2,2,5
100,10,602,1,1,2,2,2,5
100,10,603,1,1,2,2,2,5
100,10,604,1,1,2,2,2,5
100,10,605,1,1,2,2,2,5
100,10,606,1,1,2,2,2,5
100,10,607,1,1,2,2,2,5
100,10,608,1,1,2,2,2,5
100,10,609,1,1,2,2,2,5
100,10,60,1,1,2,2,2,5
100,10,610,1,1,2,2,2,5
100,10,611,1,1,2,2,2,5
100,10,612,1,1,2,2,2,5
100,10,613,1,1,2,2,2,5
100,10,614,1,1,2,2,2,5
100,10,615,1,1,2,2,2,5
100,10,616,1,1,2,2,2,5
100,10,617,1,1,2,2,2,5
100,10,618,1,1,2,2,2,5
100,10,619,1,1,2,2,2,5
100,10,61,1,1,2,2,2,5
100,10,620,1,1,2,2,2,5
100,10,621,1,1,2,2,2,5
100,10,622,1,1,2,2,2,5
100,10,623,1,1,2,2,2,5
100,10,624,1,1,2,2,2,5
100,10,625,1,1,2,2,2,5
100,10,626,1,1,2,2,2,5
100,10,627,1,1,2,2,2,5
100,10,628,1,1,2,2,2,5
100,10,629,1,1,2,2,2,5
100,10,62,1,1,2,2,2,5
100,10,630,1,1,2,2,2,5
100,10,631,1,1,2,2,2,5
100,10,632,1,1,2,2,2,5
100,10,633,1,1,2,2,2,5
100,10,634,1,1,2,2,2,5
100,10,635,1,1,2,2,2,5
100,10,636,1,1,2,2,2,5
100,10,637,1,1,2,2,2,5
100,10,638,1,1,2,2,2,5
100,10,639,1,1,2,2,2,5
100,10,63,1,1,2,2,2,5
100,10,640,1,1,2,2,2,5
100,10,641,1,1,2,2,2,5
100,10,642,1,1,2,2,2,5
100,10,643,1,1,2,2,2,5
100,10,644,1,1,2,2,2,5
100,10,645,1,1,2,2,2,5
100,10,646,1,1,2,2,2,5
100,10,647,1,1,2,2,2,5
100,10,648,1,1,2,2,2,5
100,10,649,1,1,2,2,2,5
100,10,64,1,1,2,2,2,5
100,10,650,1,1,2,2,2,5
100,10,651,1,1,2,2,2,5
100,10,652,1,1,2,2,2,5
100,10,653,1,1,2,2,2,5
100,10,654,1,1,2,2,2,5
100,10,655,1,1,2,2,2,5
100,10,656,1,1,2,2,2,5
100,10,657,1,1,2,2,2,5
100,10,658,1,1,2,2,2,5
100,10,659,1,1,2,2,2,5
100,10,65,1,1,2,2,2,5
100,10,660,1,1,2,2,2,5
100,10,661,1,1,2,2,2,5
100,10,662,1,1,2,2,2,5
100,10,663,1,1,2,2,2,5
100,10,664,1,1,2,2,2,5
100,10,665,1,1,2,2,2,5
100,10,666,1,1,2,2,2,5
100,10,667,1,1,2,2,2,5
100,10,668,1,1,2,2,2,5
100,10,669,1,1,2,2,2,5
100,10,66,1,1,2,2,2,5
100,10,670,1,1,2,2,2,5
100,10,671,1,1,2,2,2,5
100,10,672,1,1,2,2,2,5
100,10,673,1,1,2,2,2,5
100,10,674,1,1,2,2,2,5
100,10,675,1,1,2,2,2,5
100,10,676,1,1,2,2,2,5
100,10,677,1,1,2,2,2,5
100,10,678,1,1,2,2,2,5
100,10,679,1,1,2,2,2,5
100,10,67,1,1,2,2,2,5
100,10,680,1,1,2,2,2,5
100,10,681,1,1,2,2,2,5
100,10,682,1,1,2,2,2,5
100,10,683,1,1,2,2,2,5
100,10,684,1,1,2,2,2,5
100,10,685,1,1,2,2,2,5
100,10,686,1,1,2,2,2,5
100,10,687,1,1,2,2,2,5
100,10,688,1,1,2,2,2,5
100,10,689,1,1,2,2,2,5
100,10,68,1,1,2,2,2,5
100,10,690,1,1,2,2,2,5
100,10,691,1,1,2,2,2,5
100,10,692,1,1,2,2,2,5
100,10,693,1,1,2,2,2,5
100,10,694,1,1,2,2,2,5
100,10,695,1,1,2,2,2,5
100,10,696,1,1,2,2,2,5
100,10,697,1,1,2,2,2,5
100,10,698,1,1,2,2,2,5
100,10,699,1,1,2,2,2,5
100,10,69,1,1,2,2,2,5
100,10,6,1,1,2,2,2,5
100,10,700,1,1,2,2,2,5
100,10,701,1,1,2,2,2,5
100,10,702,1,1,2,2,2,5
100,10,703,1,1,2,2,2,5
100,10,704,1,1,2,2,2,5
100,10,705,1,1,2,2,2,5
100,10,706,1,1,2,2,2,5
100,10,707,1,1,2,2,2,5
100,10,708,1,1,2,2,2,5
100,10,709,1,1,2,2,2,5
100,10,70,1,1,2,2,2,5
100,10,710,1,1,2,2,2,5
100,10,711,1,1,2,2,2,5
100,10,712,1,1,2,2,2,5
100,10,713,1,1,2,2,2,5
100,10,714,1,1,2,2,2,5
100,10,715,1,1,2,2,2,5
100,10,716,1,1,2,2,2,5
100,10,717,1,1,2,2,2,5
100,10,718,1,1,2,2,2,5
100,10,719,1,1,2,2,2,5
100,10,71,1,1,2,2,2,5
100,10,720,1,1,2,2,2,5
100,10,721,1,1,2,2,2,5
100,10,722,1,1,2,2,2,5
100,10,723,1,1,2,2,2,5
100,10,724,1,1,2,2,2,5
100,10,725,1,1,2,2,2,5
100,10,726,1,1,2,2,2,5
100,10,727,1,1,2,2,2,5
100,10,728,1,1,2,2,2,5
100,10,729,1,1,2,2,2,5
100,10,72,1,1,2,2,2,5
100,10,730,1,1,2,2,2,5
100,10,731,1,1,2,2,2,5
100,10,732,1,1,2,2,2,5
100,10,733,1,1,2,2,2,5
100,10,734,1,1,2,2,2,5
100,10,735,1,1,2,2,2,5
100,10,736,1,1,2,2,2,5
100,10,737,1,1,2,2,2,5
100,10,738,1,1,2,2,2,5
100,10,739,1,1,2,2,2,5
100,10,73,1,1,2,2,2,5
100,10,740,1,1,2,2,2,5
100,10,741,1,1,2,2,2,5
100,10,742,1,1,2,2,2,5
100,10,743,1,1,2,2,2,5
100,10,744,1,1,2,2,2,5
100,10,745,1,1,2,2,2,5
100,10,746,1,1,2,2,2,5
100,10,747,1,1,2,2,2,5
100,10,748,1,1,2,2,2,5
100,10,749,1,1,2,2,2,5
100,10,74,1,1,2,2,2,5
100,10,750,1,1,2,2,2,5
100,10,751,1,1,2,2,2,5
100,10,752,1,1,2,2,2,5
100,10,753,1,1,2,2,2,5
100,10,754,1,1,2,2,2,5
100,10,755,1,1,2,2,2,5
100,10,756,1,1,2,2,2,5
100,10,757,1,1,2,2,2,5
100,10,758,1,1,2,2,2,5
100,10,759,1,1,2,2,2,5
100,10,75,1,1,2,2,2,5
100,10,760,1,1,2,2,2,5
100,10,761,1,1,2,2,2,5
100,10,762,1,1,2,2,2,5
100,10,763,1,1,2,2,2,5
100,10,764,1,1,2,2,2,5
100,10,765,1,1,2,2,2,5
100,10,766,1,1,2,2,2,5
100,10,767,1,1,2,2,2,5
100,10,768,1,1,2,2,2,5
100,10,769,1,1,2,2,2,5
100,10,76,1,1,2,2,2,5
100,10,770,1,1,2,2,2,5
100,10,771,1,1,2,2,2,5
100,10,772,1,1,2,2,2,5
100,10,773,1,1,2,2,2,5
100,10,774,1,1,2,2,2,5
100,10,775,1,1,2,2,2,5
100,10,776,1,1,2,2,2,5
100,10,777,1,1,2,2,2,5
100,10,778,1,1,2,2,2,5
100,10,779,1,1,2,2,2,5
100,10,77,1,1,2,2,2,5
100,10,780,1,1,2,2,2,5
100,10,781,1,1,2,2,2,5
100,10,782,1,1,2,2,2,5
100,10,783,1,1,2,2,2,5
100,10,784,1,1,2,2,2,5
100,10,785,1,1,2,2,2,5
100,10,786,1,1,2,2,2,5
100,10,787,1,1,2,2,2,5
100,10,788,1,1,2,2,2,5
100,10,789,1,1,2,2,2,5
100,10,78,1,1,2,2,2,5
100,10,790,1,1,2,2,2,5
100,10,791,1,1,2,2,2,5
100,10,792,1,1,2,2,2,5
100,10,793,1,1,2,2,2,5
100,10,794,1,1,2,2,2,5
100,10,795,1,1,2,2,2,5
100,10,796,1,1,2,2,2,5
100,10,797,1,1,2,2,2,5
100,10,798,1,1,2,2,2,5
100,10,799,1,1,2,2,2,5
100,10,79,1,1,2,2,2,5
100,10,7,1,1,2,2,2,5
100,10,800,1,1,2,2,2,5
100,10,801,1,1,2,2,2,5
100,10,802,1,1,2,2,2,5
100,10,803,1,1,2,2,2,5
100,10,804,1,1,2,2,2,5
100,10,805,1,1,2,2,2,5
100,10,806,1,1,2,2,2,5
100,10,807,1,1,2,2,2,5
100,10,808,1,1,2,2,2,5
100,10,809,1,1,2,2,2,5
100,10,80,1,1,2,2,2,5
100,10,810,1,1,2,2,2,5
100,10,811,1,1,2,2,2,5
100,10,812,1,1,2,2,2,5
100,10,813,1,1,2,2,2,5
100,10,814,1,1,2,2,2,5
100,10,815,1,1,2,2,2,5
100,10,816,1,1,2,2,2,5
100,10,817,1,1,2,2,2,5
100,10,818,1,1,2,2,2,5
100,10,819,1,1,2,2,2,5
100,10,81,1,1,2,2,2,5
100,10,820,1,1,2,2,2,5
100,10,821,1,1,2,2,2,5
100,10,822,1,1,2,2,2,5
100,10,823,1,1,2,2,2,5
100,10,824,1,1,2,2,2,5
100,10,825,1,1,2,2,2,5
100,10,826,1,1,2,2,2,5
100,10,827,1,1,2,2,2,5
100,10,828,1,1,2,2,2,5
100,10,829,1,1,2,2,2,5
100,10,82,1,1,2,2,2,5
100,10,830,1,1,2,2,2,5
100,10,831,1,1,2,2,2,5
100,10,832,1,1,2,2,2,5
100,10,833,1,1,2,2,2,5
100,10,834,1,1,2,2,2,5
100,10,835,1,1,2,2,2,5
100,10,836,1,1,2,2,2,5
100,10,837,1,1,2,2,2,5
100,10,838,1,1,2,2,2,5
100,10,839,1,1,2,2,2,5
100,10,83,1,1,2,2,2,5
100,10,840,1,1,2,2,2,5
100,10,841,1,1,2,2,2,5
100,10,842,1,1,2,2,2,5
100,10,843,1,1,2,2,2,5
100,10,844,1,1,2,2,2,5
100,10,845,1,1,2,2,2,5
100,10,846,1,1,2,2,2,5
100,10,847,1,1,2,2,2,5
100,10,848,1,1,2,2,2,5
100,10,849,1,1,2,2,2,5
100,10,84,1,1,2,2,2,5
100,10,850,1,1,2,2,2,5
100,10,851,1,1,2,2,2,5
100,10,852,1,1,2,2,2,5
100,10,853,1,1,2,2,2,5
100,10,854,1,1,2,2,2,5
100,10,855,1,1,2,2,2,5
100,10,856,1,1,2,2,2,5
100,10,857,1,1,2,2,2,5
100,10,858,1,1,2,2,2,5
100,10,859,1,1,2,2,2,5
100,10,85,1,1,2,2,2,5
100,10,860,1,1,2,2,2,5
100,10,861,1,1,2,2,2,5
100,10,862,1,1,2,2,2,5
100,10,863,1,1,2,2,2,5
100,10,864,1,1,2,2,2,5
100,10,865,1,1,2,2,2,5
100,10,866,1,1,2,2,2,5
100,10,867,1,1,2,2,2,5
100,10,868,1,1,2,2,2,5
100,10,869,1,1,2,2,2,5
100,10,86,1,1,2,2,2,5
100,10,870,1,1,2,2,2,5
100,10,871,1,1,2,2,2,5
100,10,872,1,1,2,2,2,5
100,10,873,1,1,2,2,2,5
100,10,874,1,1,2,2,2,5
100,10,875,1,1,2,2,2,5
100,10,876,1,1,2,2,2,5
100,10,877,1,1,2,2,2,5
100,10,878,1,1,2,2,2,5
100,10,879,1,1,2,2,2,5
100,10,87,1,1,2,2,2,5
100,10,880,1,1,2,2,2,5
100,10,881,1,1,2,2,2,5
100,10,882,1,1,2,2,2,5
100,10,883,1,1,2,2,2,5
100,10,884,1,1,2,2,2,5
100,10,885,1,1,2,2,2,5
100,10,886,1,1,2,2,2,5
100,10,887,1,1,2,2,2,5
100,10,888,1,1,2,2,2,5
100,10,889,1,1,2,2,2,5
100,10,88,1,1,2,2,2,5
100,10,890,1,1,2,2,2,5
100,10,891,1,1,2,2,2,5
100,10,892,1,1,2,2,2,5
100,10,893,1,1,2,2,2,5
100,10,894,1,1,2,2,2,5
100,10,895,1,1,2,2,2,5
100,10,896,1,1,2,2,2,5
100,10,897,1,1,2,2,2,5
100,10,898,1,1,2,2,2,5
100,10,899,1,1,2,2,2,5
100,10,89,1,1,2,2,2,5
100,10,8,1,1,2,2,2,5
100,10,900,1,1,2,2,2,5
100,10,901,1,1,2,2,2,5
100,10,902,1,1,2,2,2,5
100,10,903,1,1,2,2,2,5
100,10,904,1,1,2,2,2,5
100,10,905,1,1,2,2,2,5
100,10,906,1,1,2,2,2,5
100,10,907,1,1,2,2,2,5
100,10,908,1,1,2,2,2,5
100,10,909,1,1,2,2,2,5
100,10,90,1,1,2,2,2,5
100,10,910,1,1,2,2,2,5
100,10,911,1,1,2,2,2,5
100,10,912,1,1,2,2,2,5
100,10,913,1,1,2,2,2,5
100,10,914,1,1,2,2,2,5
100,10,915,1,1,2,2,2,5
100,10,916,1,1,2,2,2,5
100,10,917,1,1,2,2,2,5
100,10,918,1,1,2,2,2,5
100,10,919,1,1,2,2,2,5
100,10,91,1,1,2,2,2,5
100,10,920,1,1,2,2,2,5
100,10,921,1,1,2,2,2,5
100,10,922,1,1,2,2,2,5
100,10,923,1,1,2,2,2,5
100,10,924,1,1,2,2,2,5
100,10,925,1,1,2,2,2,5
100,10,926,1,1,2,2,2,5
100,10,927,1,1,2,2,2,5
100,10,928,1,1,2,2,2,5
100,10,929,1,1,2,2,2,5
100,10,92,1,1,2,2,2,5
100,10,930,1,1,2,2,2,5
100,10,931,1,1,2,2,2,5
100,10,932,1,1,2,2,2,5
100,10,933,1,1,2,2,2,5
100,10,934,1,1,2,2,2,5
100,10,935,1,1,2,2,2,5
100,10,936,1,1,2,2,2,5
100,10,937,1,1,2,2,2,5
100,10,938,1,1,2,2,2,5
100,10,939,1,1,2,2,2,5
100,10,93,1,1,2,2,2,5
100,10,940,1,1,2,2,2,5
100,10,941,1,1,2,2,2,5
100,10,942,1,1,2,2,2,5
100,10,943,1,1,2,2,2,5
100,10,944,1,1,2,2,2,5
100,10,945,1,1,2,2,2,5
100,10,946,1,1,2,2,2,5
100,10,947,1,1,2,2,2,5
100,10,948,1,1,2,2,2,5
100,10,949,1,1,2,2,2,5
100,10,94,1,1,2,2,2,5
100,10,950,1,1,2,2,2,5
100,10,951,1,1,2,2,2,5
100,10,952,1,1,2,2,2,5
100,10,953,1,1,2,2,2,5
100,10,954,1,1,2,2,2,5
100,10,955,1,1,2,2,2,5
100,10,956,1,1,2,2,2,5
100,10,957,1,1,2,2,2,5
100,10,958,1,1,2,2,2,5
100,10,959,1,1,2,2,2,5
100,10,95,1,1,2,2,2,5
100,10,960,1,1,2,2,2,5
100,10,961,1,1,2,2,2,5
100,10,962,1,1,2,2,2,5
100,10,963,1,1,2,2,2,5
100,10,964,1,1,2,2,2,5
100,10,965,1,1,2,2,2,5
100,10,966,1,1,2,2,2,5
100,10,967,1,1,2,2,2,5
100,10,968,1,1,2,2,2,5
100,10,969,1,1,2,2,2,5
100,10,96,1,1,2,2,2,5
100,10,970,1,1,2,2,2,5
100,10,971,1,1,2,2,2,5
100,10,972,1,1,2,2,2,5
100,10,973,1,1,2,2,2,5
100,10,974,1,1,2,2,2,5
100,10,975,1,1,2,2,2,5
100,10,976,1,1,2,2,2,5
100,10,977,1,1,2,2,2,5
100,10,978,1,1,2,2,2,5
100,10,979,1,1,2,2,2,5
100,10,97,1,1,2,2,2,5
100,10,980,1,1,2,2,2,5
100,10,981,1,1,2,2,2,5
100,10,982,1,1,2,2,2,5
100,10,983,1,1,2,2,2,5
100,10,984,1,1,2,2,2,5
100,10,985,1,1,2,2,2,5
100,10,986,1,1,2,2,2,5
100,10,987,1,1,2,2,2,5
100,10,988,1,1,2,2,2,5
100,10,989,1,1,2,2,2,5
100,10,98,1,1,2,2,2,5
100,10,990,1,1,2,2,2,5
100,10,991,1,1,2,2,2,5
100,10,992,1,1,2,2,2,5
100,10,993,1,1,2,2,2,5
100,10,994,1,1,2,2,2,5
100,10,995,1,1,2,2,2,5
100,10,996,1,1,2,2,2,5
100,10,997,1,1,2,2,2,5
100,10,998,1,1,2,2,2,5
100,10,999,1,1,2,2,2,5
100,10,99,1,1,2,2,2,5
100,10,9,1,1,2,2,2,5
