Th 0 BCAST_S,Th 0 BCAST_E,Th 0 BCAST_D,Th 0 BARRIER_S,Th 0 BARRIER_E,Th 0 BARRIER_D,Th 0 SCATTER_S,Th 0 SCATTER_E,Th 0 SCATTER_D,Th 0 COMPUTE_S,Th 0 COMPUTE_E,Th 0 COMPUTE_D,Th 0 GATHER_S,Th 0 GATHER_E,Th 0 GATHER_D,Th 1 BCAST_S,Th 1 BCAST_E,Th 1 BCAST_D,Th 1 BARRIER_S,Th 1 BARRIER_E,Th 1 BARRIER_D,Th 1 SCATTER_S,Th 1 SCATTER_E,Th 1 SCATTER_D,Th 1 COMPUTE_S,Th 1 COMPUTE_E,Th 1 COMPUTE_D,Th 1 GATHER_S,Th 1 GATHER_E,Th 1 GATHER_D,Th 2 BCAST_S,Th 2 BCAST_E,Th 2 BCAST_D,Th 2 BARRIER_S,Th 2 BARRIER_E,Th 2 BARRIER_D,Th 2 SCATTER_S,Th 2 SCATTER_E,Th 2 SCATTER_D,Th 2 COMPUTE_S,Th 2 COMPUTE_E,Th 2 COMPUTE_D,Th 2 GATHER_S,Th 2 GATHER_E,Th 2 GATHER_D,Th 3 BCAST_S,Th 3 BCAST_E,Th 3 BCAST_D,Th 3 BARRIER_S,Th 3 BARRIER_E,Th 3 BARRIER_D,Th 3 SCATTER_S,Th 3 SCATTER_E,Th 3 SCATTER_D,Th 3 COMPUTE_S,Th 3 COMPUTE_E,Th 3 COMPUTE_D,Th 3 GATHER_S,Th 3 GATHER_E,Th 3 GATHER_D
3.614000,1639.413000,1635.799000,1807.683000,2609.068000,801.385000,2654.312000,2770.762000,116.450000,2793.802000,8102.350000,5308.548000,8207.441000,8347.060000,139.619000,2.761000,1966.761000,1964.000000,1968.223000,1974.701000,6.478000,1976.495000,2081.032000,104.537000,2082.711000,7287.375000,5204.664000,7289.330000,7636.220000,346.890000,2.828000,243.153000,240.325000,244.923000,1209.731000,964.808000,1211.095000,1338.255000,127.160000,1339.556000,6472.162000,5132.606000,6475.269000,6961.567000,486.298000,2.711000,247.102000,244.391000,248.462000,258.722000,10.260000,259.939000,432.878000,172.939000,434.094000,5537.348000,5103.254000,5539.157000,6060.974000,521.817000
2.266000,2129.434000,2127.168000,2159.122000,2162.512000,3.390000,2177.646000,2280.225000,102.579000,2301.862000,7131.063000,4829.201000,7162.132000,7269.997000,107.865000,2.506000,2137.479000,2134.973000,2138.950000,2162.822000,23.872000,2164.020000,2214.588000,50.568000,2215.966000,7028.733000,4812.767000,7029.990000,7201.085000,171.095000,2.125000,293.798000,291.673000,295.163000,326.655000,31.492000,327.858000,410.852000,82.994000,412.080000,5356.124000,4944.044000,5357.369000,5399.175000,41.806000,2.107000,289.055000,286.948000,290.408000,317.605000,27.197000,318.839000,435.738000,116.899000,436.941000,5380.680000,4943.739000,5381.869000,5425.624000,43.755000
2.145000,282.126000,279.981000,305.114000,308.240000,3.126000,323.845000,426.568000,102.723000,447.985000,5254.067000,4806.082000,5287.391000,5391.813000,104.422000,1.933000,278.873000,276.940000,279.935000,308.561000,28.626000,309.551000,360.428000,50.877000,361.563000,5223.514000,4861.951000,5224.765000,5324.860000,100.095000,1.958000,282.435000,280.477000,283.485000,308.529000,25.044000,309.532000,393.284000,83.752000,394.343000,5269.007000,4874.664000,5270.292000,5358.152000,87.860000,1.950000,278.372000,276.422000,279.429000,308.565000,29.136000,309.557000,427.216000,117.659000,428.274000,5228.528000,4800.254000,5229.795000,5392.520000,162.725000
2.124000,273.433000,271.309000,294.081000,296.901000,2.820000,311.967000,417.200000,105.233000,437.683000,5375.366000,4937.683000,5397.292000,5500.233000,102.941000,1.958000,274.557000,272.599000,275.649000,297.349000,21.700000,298.402000,349.178000,50.776000,350.253000,5142.073000,4791.820000,5143.180000,5433.936000,290.756000,1.937000,273.669000,271.732000,274.719000,297.114000,22.395000,298.178000,382.919000,84.741000,384.040000,5176.360000,4792.320000,5177.470000,5467.788000,290.318000,1.946000,274.064000,272.118000,275.097000,297.255000,22.158000,298.277000,417.816000,119.539000,418.901000,5210.421000,4791.520000,5211.551000,5500.987000,289.436000
2.084000,273.131000,271.047000,293.741000,296.506000,2.765000,311.414000,416.316000,104.902000,437.283000,5236.565000,4799.282000,5260.388000,5366.639000,106.251000,1.931000,274.069000,272.138000,275.141000,296.722000,21.581000,297.701000,348.351000,50.650000,349.375000,5142.168000,4792.793000,5143.353000,5299.922000,156.569000,1.918000,273.287000,271.369000,274.304000,296.637000,22.333000,297.621000,382.043000,84.422000,383.086000,5176.279000,4793.193000,5177.446000,5333.005000,155.559000,1.929000,273.618000,271.689000,274.641000,296.710000,22.069000,297.701000,416.786000,119.085000,417.831000,5210.434000,4792.603000,5211.603000,5367.164000,155.561000
2.111000,273.175000,271.064000,294.627000,297.479000,2.852000,312.602000,416.452000,103.850000,439.641000,5225.635000,4785.994000,5247.550000,5348.295000,100.745000,1.939000,266.147000,264.208000,267.237000,297.794000,30.557000,298.808000,348.800000,49.992000,349.845000,5135.366000,4785.521000,5136.459000,5283.958000,147.499000,1.916000,273.407000,271.491000,274.437000,297.681000,23.244000,298.692000,381.503000,82.811000,382.579000,5168.169000,4785.590000,5169.275000,5315.881000,146.606000,1.928000,265.709000,263.781000,266.738000,297.752000,31.014000,298.764000,415.249000,116.485000,416.322000,5201.933000,4785.611000,5203.029000,5348.968000,145.939000
2.106000,273.135000,271.029000,293.886000,296.720000,2.834000,311.594000,416.380000,104.786000,436.505000,5275.266000,4838.761000,5302.633000,5406.271000,103.638000,1.911000,265.930000,264.019000,267.012000,296.843000,29.831000,297.817000,348.386000,50.569000,349.407000,5154.893000,4805.486000,5156.171000,5339.411000,183.240000,1.900000,273.308000,271.408000,274.332000,296.853000,22.521000,297.838000,382.129000,84.291000,383.177000,5192.471000,4809.294000,5193.745000,5372.702000,178.957000,1.914000,265.541000,263.627000,266.563000,296.879000,30.316000,297.862000,416.836000,118.974000,417.883000,5222.899000,4805.016000,5224.130000,5406.880000,182.750000
2.108000,273.150000,271.042000,294.609000,297.543000,2.934000,315.456000,420.720000,105.264000,441.940000,5227.981000,4786.041000,5249.236000,5350.270000,101.034000,1.955000,266.119000,264.164000,267.215000,297.841000,30.626000,298.850000,352.700000,53.850000,353.748000,5139.318000,4785.570000,5140.410000,5285.752000,145.342000,1.942000,273.350000,271.408000,274.415000,297.703000,23.288000,298.716000,386.348000,87.632000,387.420000,5173.005000,4785.585000,5174.087000,5317.643000,143.556000,1.952000,265.641000,263.689000,266.680000,297.776000,31.096000,298.797000,421.142000,122.345000,422.218000,5207.830000,4785.612000,5208.928000,5350.750000,141.822000
2.101000,273.196000,271.095000,294.063000,296.903000,2.840000,312.252000,429.624000,117.372000,452.582000,5240.623000,4788.041000,5261.832000,5386.260000,124.428000,1.919000,266.077000,264.158000,267.157000,297.160000,30.003000,298.139000,361.133000,62.994000,362.260000,5149.904000,4787.644000,5150.996000,5298.388000,147.392000,1.893000,273.496000,271.603000,274.515000,297.170000,22.655000,298.154000,395.207000,97.053000,396.358000,5184.082000,4787.724000,5185.195000,5331.630000,146.435000,1.907000,265.678000,263.771000,266.699000,297.183000,30.484000,298.171000,430.174000,132.003000,431.348000,5350.102000,4918.754000,5351.206000,5386.898000,35.692000
2.091000,273.090000,270.999000,294.266000,297.098000,2.832000,312.091000,416.856000,104.765000,437.480000,5232.870000,4795.390000,5255.949000,5358.224000,102.275000,1.946000,266.053000,264.107000,267.144000,297.370000,30.226000,298.371000,349.000000,50.629000,350.017000,5143.841000,4793.824000,5145.030000,5291.569000,146.539000,1.940000,273.278000,271.338000,274.314000,297.261000,22.947000,298.276000,382.631000,84.355000,383.686000,5176.967000,4793.281000,5178.128000,5324.693000,146.565000,1.945000,265.612000,263.667000,266.648000,297.339000,30.691000,298.347000,417.388000,119.041000,418.435000,5211.120000,4792.685000,5212.274000,5358.902000,146.628000
2.089000,273.139000,271.050000,294.553000,297.347000,2.794000,312.796000,417.783000,104.987000,438.745000,5355.767000,4917.022000,5376.185000,5480.030000,103.845000,1.944000,270.114000,268.170000,271.196000,297.601000,26.405000,298.612000,349.807000,51.195000,350.851000,5136.425000,4785.574000,5137.509000,5411.589000,274.080000,1.933000,273.284000,271.351000,274.318000,297.463000,23.145000,298.482000,383.450000,84.968000,384.524000,5170.088000,4785.564000,5171.191000,5445.548000,274.357000,1.937000,269.677000,267.740000,270.711000,297.583000,26.872000,298.597000,418.254000,119.657000,419.318000,5204.851000,4785.533000,5205.947000,5480.673000,274.726000
2.113000,273.118000,271.005000,293.850000,296.637000,2.787000,311.727000,416.515000,104.788000,436.615000,5327.180000,4890.565000,5349.608000,5453.931000,104.323000,1.946000,270.016000,268.070000,271.097000,296.786000,25.689000,297.761000,348.482000,50.721000,349.504000,5141.345000,4791.841000,5142.483000,5387.038000,244.555000,1.905000,273.307000,271.402000,274.329000,296.796000,22.467000,297.782000,382.228000,84.446000,383.276000,5174.956000,4791.680000,5176.111000,5420.228000,244.117000,1.896000,269.627000,267.731000,270.639000,296.826000,26.187000,297.804000,416.939000,119.135000,417.977000,5242.904000,4824.927000,5244.040000,5454.360000,210.320000
2.112000,273.106000,270.994000,294.358000,297.228000,2.870000,312.327000,417.152000,104.825000,438.012000,5226.044000,4788.032000,5246.826000,5348.574000,101.748000,1.933000,270.101000,268.168000,271.188000,297.460000,26.272000,298.471000,349.242000,50.771000,350.287000,5135.804000,4785.517000,5136.894000,5284.201000,147.307000,1.933000,273.270000,271.337000,274.307000,297.338000,23.031000,298.351000,382.882000,84.531000,383.953000,5169.561000,4785.608000,5170.655000,5316.142000,145.487000,1.939000,269.647000,267.708000,270.674000,297.429000,26.755000,298.440000,417.669000,119.229000,418.739000,5204.310000,4785.571000,5205.403000,5349.220000,143.817000
2.078000,272.962000,270.884000,293.755000,296.537000,2.782000,311.348000,413.105000,101.757000,434.071000,5234.359000,4800.288000,5256.753000,5359.916000,103.163000,1.904000,269.826000,267.922000,270.895000,296.672000,25.777000,297.642000,347.002000,49.360000,348.017000,5144.506000,4796.489000,5145.652000,5293.138000,147.486000,1.897000,273.132000,271.235000,274.151000,296.689000,22.538000,297.673000,379.795000,82.122000,380.840000,5176.610000,4795.770000,5177.787000,5326.387000,148.600000,1.890000,269.435000,267.545000,270.452000,296.712000,26.260000,297.694000,413.520000,115.826000,414.559000,5212.759000,4798.200000,5213.900000,5360.509000,146.609000
2.106000,273.078000,270.972000,294.328000,297.262000,2.934000,312.578000,417.482000,104.904000,437.623000,5223.576000,4785.953000,5245.123000,5346.016000,100.893000,1.945000,266.074000,264.129000,267.154000,297.395000,30.241000,298.401000,349.581000,51.180000,350.623000,5136.173000,4785.550000,5137.250000,5281.456000,144.206000,1.948000,273.242000,271.294000,274.286000,297.317000,23.031000,298.341000,383.177000,84.836000,384.258000,5169.837000,4785.579000,5170.931000,5313.402000,142.471000,1.931000,265.616000,263.685000,266.652000,297.379000,30.727000,298.393000,417.969000,119.576000,419.027000,5204.595000,4785.568000,5205.675000,5346.472000,140.797000
2.089000,273.127000,271.038000,293.543000,296.401000,2.858000,311.280000,412.935000,101.655000,434.211000,5229.304000,4795.093000,5252.174000,5355.585000,103.411000,1.907000,265.927000,264.020000,267.001000,296.502000,29.501000,297.475000,346.976000,49.501000,347.996000,5140.648000,4792.652000,5141.787000,5288.649000,146.862000,1.915000,273.207000,271.292000,274.240000,296.512000,22.272000,297.505000,379.709000,82.204000,380.762000,5173.489000,4792.727000,5174.620000,5321.902000,147.282000,1.877000,265.521000,263.644000,266.533000,296.544000,30.011000,297.530000,413.409000,115.879000,414.456000,5206.933000,4792.477000,5208.084000,5356.023000,147.939000
2.086000,273.006000,270.920000,294.277000,297.081000,2.804000,313.297000,418.051000,104.754000,438.676000,5224.662000,4785.986000,5245.781000,5346.472000,100.691000,1.942000,265.992000,264.050000,267.087000,297.328000,30.241000,298.337000,350.164000,51.827000,351.215000,5136.772000,4785.557000,5137.869000,5282.098000,144.229000,1.934000,273.163000,271.229000,274.203000,297.214000,23.011000,298.233000,383.781000,85.548000,384.857000,5170.422000,4785.565000,5171.514000,5314.021000,142.507000,1.949000,265.547000,263.598000,266.578000,297.298000,30.720000,298.314000,418.544000,120.230000,419.618000,5205.187000,4785.569000,5206.284000,5347.106000,140.822000
2.129000,272.989000,270.860000,293.613000,296.444000,2.831000,311.738000,413.323000,101.585000,433.571000,5233.375000,4799.804000,5256.284000,5359.610000,103.326000,1.921000,265.838000,263.917000,266.914000,296.555000,29.641000,297.528000,347.361000,49.833000,348.376000,5145.410000,4797.034000,5146.577000,5292.663000,146.086000,1.903000,273.145000,271.242000,274.171000,296.577000,22.406000,297.561000,380.100000,82.539000,381.146000,5177.395000,4796.249000,5178.570000,5325.855000,147.285000,1.905000,265.465000,263.560000,266.488000,296.610000,30.122000,297.598000,413.792000,116.194000,414.835000,5210.722000,4795.887000,5211.907000,5360.035000,148.128000
2.098000,273.123000,271.025000,294.765000,297.571000,2.806000,312.640000,414.371000,101.731000,435.310000,5223.308000,4787.998000,5243.941000,5344.716000,100.775000,1.946000,266.252000,264.306000,267.336000,297.928000,30.592000,298.937000,348.627000,49.690000,349.669000,5135.223000,4785.554000,5136.311000,5280.444000,144.133000,1.934000,273.400000,271.466000,274.437000,297.808000,23.371000,298.826000,381.215000,82.389000,382.286000,5167.858000,4785.572000,5168.955000,5312.384000,143.429000,1.962000,265.802000,263.840000,266.850000,297.911000,31.061000,298.944000,414.999000,116.055000,416.070000,5201.637000,4785.567000,5202.733000,5345.487000,142.754000
2.075000,264.809000,262.734000,285.744000,288.555000,2.811000,303.765000,405.419000,101.654000,425.345000,5222.535000,4797.190000,5245.134000,5348.502000,103.368000,1.903000,261.793000,259.890000,262.867000,288.694000,25.827000,289.666000,339.422000,49.756000,340.442000,5133.863000,4793.421000,5135.001000,5281.564000,146.563000,1.895000,265.003000,263.108000,266.028000,288.710000,22.682000,289.694000,372.145000,82.451000,373.190000,5166.283000,4793.093000,5167.437000,5314.815000,147.378000,1.893000,261.385000,259.492000,262.410000,288.730000,26.320000,289.719000,405.841000,116.122000,406.898000,5199.199000,4792.301000,5200.344000,5348.948000,148.604000
2.058000,264.850000,262.792000,285.525000,288.379000,2.854000,303.609000,405.352000,101.743000,425.795000,5211.733000,4785.938000,5233.068000,5333.816000,100.748000,1.945000,261.933000,259.988000,263.018000,288.644000,25.626000,289.658000,339.426000,49.768000,340.471000,5126.018000,4785.547000,5127.097000,5269.461000,142.364000,1.938000,265.048000,263.110000,266.088000,288.528000,22.440000,289.547000,372.031000,82.484000,373.099000,5158.670000,4785.571000,5159.758000,5301.412000,141.654000,1.949000,261.459000,259.510000,262.495000,288.611000,26.116000,289.627000,405.773000,116.146000,406.838000,5192.407000,4785.569000,5193.498000,5334.484000,140.986000
2.086000,282.673000,280.587000,304.536000,307.744000,3.208000,323.739000,425.416000,101.677000,446.250000,5234.250000,4788.000000,5255.184000,5382.231000,127.047000,1.903000,277.147000,275.244000,278.296000,307.885000,29.589000,308.907000,359.661000,50.754000,360.710000,5277.410000,4916.700000,5278.516000,5313.171000,34.655000,1.905000,283.082000,281.177000,284.212000,308.113000,23.901000,309.134000,392.386000,83.252000,393.460000,5312.226000,4918.766000,5313.317000,5347.945000,34.628000,1.892000,276.795000,274.903000,277.932000,308.025000,30.093000,309.051000,426.065000,117.014000,427.141000,5214.785000,4787.644000,5215.881000,5383.047000,167.166000
2.182000,273.152000,270.970000,293.604000,296.466000,2.862000,311.980000,416.700000,104.720000,436.884000,5235.104000,4798.220000,5257.735000,5360.884000,103.149000,1.892000,274.181000,272.289000,275.263000,296.661000,21.398000,297.645000,348.789000,51.144000,349.806000,5141.513000,4791.707000,5142.650000,5294.173000,151.523000,1.908000,273.416000,271.508000,274.436000,296.669000,22.233000,297.650000,382.525000,84.875000,383.567000,5175.146000,4791.579000,5176.287000,5327.400000,151.113000,1.939000,273.761000,271.822000,274.789000,296.681000,21.892000,297.672000,417.233000,119.561000,418.279000,5224.324000,4806.045000,5225.508000,5361.577000,136.069000
2.118000,273.107000,270.989000,293.467000,296.303000,2.836000,311.638000,416.445000,104.807000,436.577000,5224.564000,4787.987000,5245.574000,5350.452000,104.878000,1.951000,274.119000,272.168000,275.204000,296.558000,21.354000,297.569000,348.487000,50.918000,349.535000,5135.110000,4785.575000,5136.196000,5281.918000,145.722000,1.913000,273.254000,271.341000,274.285000,296.435000,22.150000,297.444000,382.126000,84.682000,383.205000,5168.761000,4785.556000,5169.848000,5315.881000,146.033000,1.967000,273.683000,271.716000,274.718000,296.541000,21.823000,297.565000,416.922000,119.357000,418.024000,5203.611000,4785.587000,5204.700000,5351.013000,146.313000
2.133000,273.032000,270.899000,294.007000,296.816000,2.809000,311.632000,413.304000,101.672000,433.663000,5232.040000,4798.377000,5255.636000,5359.810000,104.174000,1.908000,273.934000,272.026000,275.002000,296.955000,21.953000,297.934000,347.302000,49.368000,348.322000,5140.765000,4792.443000,5141.913000,5293.018000,151.105000,1.898000,273.196000,271.298000,274.219000,296.965000,22.746000,297.951000,380.073000,82.122000,381.122000,5173.669000,4792.547000,5174.802000,5326.261000,151.459000,1.918000,273.560000,271.642000,274.587000,297.004000,22.417000,298.001000,413.770000,115.769000,414.829000,5207.258000,4792.429000,5208.417000,5360.394000,151.977000
2.096000,273.127000,271.031000,293.864000,296.703000,2.839000,311.764000,416.588000,104.824000,437.445000,5225.380000,4787.935000,5246.608000,5350.458000,103.850000,1.967000,270.070000,268.103000,271.164000,296.937000,25.773000,297.954000,348.610000,50.656000,349.657000,5135.177000,4785.520000,5136.270000,5283.982000,147.712000,1.938000,273.289000,271.351000,274.325000,296.843000,22.518000,297.863000,382.257000,84.394000,383.329000,5168.933000,4785.604000,5170.027000,5315.944000,145.917000,1.951000,269.616000,267.665000,270.648000,296.912000,26.264000,297.932000,417.038000,119.106000,418.117000,5203.639000,4785.522000,5204.737000,5351.048000,146.311000
2.110000,273.028000,270.918000,293.717000,296.514000,2.797000,311.679000,413.303000,101.624000,433.515000,5304.761000,4871.246000,5327.585000,5430.749000,103.164000,1.913000,269.856000,267.943000,270.936000,296.637000,25.701000,297.607000,347.318000,49.711000,348.339000,5140.889000,4792.550000,5142.035000,5363.925000,221.890000,1.892000,273.198000,271.306000,274.222000,296.658000,22.436000,297.634000,380.060000,82.426000,381.104000,5172.667000,4791.563000,5173.816000,5397.205000,223.389000,1.904000,269.455000,267.551000,270.483000,296.675000,26.192000,297.662000,413.726000,116.064000,414.776000,5260.194000,4845.418000,5261.333000,5431.329000,169.996000
2.092000,273.129000,271.037000,293.880000,296.736000,2.856000,311.628000,416.434000,104.806000,436.483000,5353.501000,4917.018000,5374.134000,5474.941000,100.807000,1.949000,266.064000,264.115000,267.146000,296.959000,29.813000,297.969000,348.437000,50.468000,349.481000,5135.006000,4785.525000,5136.097000,5410.530000,274.433000,1.931000,273.276000,271.345000,274.311000,296.858000,22.547000,297.872000,382.090000,84.218000,383.159000,5168.766000,4785.607000,5169.861000,5442.487000,272.626000,1.947000,265.641000,263.694000,266.679000,296.950000,30.271000,297.971000,416.902000,118.931000,417.972000,5203.580000,4785.608000,5204.673000,5475.592000,270.919000
2.095000,273.083000,270.988000,293.772000,296.552000,2.780000,311.821000,416.513000,104.692000,436.963000,5233.426000,4796.463000,5256.853000,5360.064000,103.211000,1.938000,265.867000,263.929000,266.937000,296.671000,29.734000,297.645000,348.462000,50.817000,349.482000,5142.386000,4792.904000,5143.508000,5293.264000,149.756000,1.896000,273.232000,271.336000,274.257000,296.683000,22.426000,297.663000,382.247000,84.584000,383.292000,5175.745000,4792.453000,5176.895000,5326.533000,149.638000,1.898000,265.493000,263.595000,266.512000,296.723000,30.211000,297.701000,416.951000,119.250000,417.994000,5210.573000,4792.579000,5211.712000,5360.661000,148.949000
2.096000,273.104000,271.008000,293.517000,296.431000,2.914000,311.564000,413.240000,101.676000,433.837000,5219.844000,4786.007000,5240.988000,5341.801000,100.813000,1.946000,266.054000,264.108000,267.140000,296.675000,29.535000,297.684000,347.392000,49.708000,348.443000,5133.959000,4785.516000,5135.052000,5277.410000,142.358000,1.936000,273.272000,271.336000,274.306000,296.563000,22.257000,297.578000,379.999000,82.421000,381.067000,5166.639000,4785.572000,5167.724000,5309.351000,141.627000,1.942000,265.584000,263.642000,266.618000,296.630000,30.012000,297.646000,413.732000,116.086000,414.800000,5200.411000,4785.611000,5201.506000,5342.425000,140.919000
2.110000,273.022000,270.912000,293.605000,296.451000,2.846000,311.696000,416.403000,104.707000,436.875000,5233.798000,4796.923000,5256.804000,5360.060000,103.256000,1.911000,265.842000,263.931000,266.922000,296.573000,29.651000,297.545000,348.306000,50.761000,349.327000,5142.189000,4792.862000,5143.333000,5293.202000,149.869000,1.894000,273.188000,271.294000,274.214000,296.586000,22.372000,297.575000,382.057000,84.482000,383.103000,5175.367000,4792.264000,5176.521000,5326.453000,149.932000,1.914000,265.428000,263.514000,266.452000,296.598000,30.146000,297.585000,416.731000,119.146000,417.781000,5210.313000,4792.532000,5211.462000,5360.567000,149.105000
2.102000,273.173000,271.071000,294.779000,297.617000,2.838000,312.739000,417.548000,104.809000,437.720000,5354.774000,4917.054000,5375.572000,5476.328000,100.756000,1.952000,266.110000,264.158000,267.203000,297.870000,30.667000,298.886000,349.600000,50.714000,350.648000,5136.179000,4785.531000,5137.272000,5411.924000,274.652000,1.942000,273.322000,271.380000,274.359000,297.744000,23.385000,298.761000,383.250000,84.489000,384.319000,5169.894000,4785.575000,5170.989000,5443.875000,272.886000,1.949000,265.663000,263.714000,266.703000,297.842000,31.139000,298.867000,418.050000,119.183000,419.123000,5204.725000,4785.602000,5205.808000,5476.973000,271.165000
2.079000,264.868000,262.789000,285.640000,288.397000,2.757000,303.442000,405.227000,101.785000,425.616000,5221.328000,4795.712000,5244.542000,5347.670000,103.128000,1.924000,261.743000,259.819000,262.824000,288.533000,25.709000,289.518000,339.206000,49.688000,340.230000,5132.822000,4792.592000,5133.948000,5280.958000,147.010000,1.896000,265.008000,263.112000,266.033000,288.533000,22.500000,289.513000,371.949000,82.436000,372.994000,5165.410000,4792.416000,5166.559000,5314.134000,147.575000,1.907000,261.353000,259.446000,262.380000,288.573000,26.193000,289.565000,405.625000,116.060000,406.667000,5198.402000,4791.735000,5199.547000,5348.265000,148.718000
2.106000,264.990000,262.884000,285.994000,288.834000,2.840000,304.944000,406.686000,101.742000,427.685000,5213.662000,4785.977000,5235.152000,5347.413000,112.261000,1.954000,262.005000,260.051000,263.097000,289.058000,25.961000,290.070000,340.793000,50.723000,341.840000,5127.362000,4785.522000,5128.452000,5271.553000,143.101000,1.936000,265.186000,263.250000,266.220000,288.961000,22.741000,289.979000,373.465000,83.486000,374.533000,5160.105000,4785.572000,5161.190000,5303.525000,142.335000,1.937000,261.565000,259.628000,262.597000,289.033000,26.436000,290.044000,407.195000,117.151000,408.272000,5193.881000,4785.609000,5194.973000,5348.028000,153.055000
2.166000,273.279000,271.113000,294.539000,297.401000,2.862000,313.347000,415.025000,101.678000,435.250000,5352.303000,4917.053000,5373.746000,5477.762000,104.016000,2.031000,274.473000,272.442000,275.570000,297.837000,22.267000,298.849000,349.320000,50.471000,350.373000,5135.950000,4785.577000,5137.047000,5410.326000,273.279000,2.087000,273.589000,271.502000,274.647000,297.404000,22.757000,298.429000,381.631000,83.202000,382.747000,5170.439000,4787.692000,5171.547000,5443.076000,271.529000,1.927000,274.108000,272.181000,275.144000,297.866000,22.722000,298.888000,415.787000,116.899000,416.878000,5202.465000,4785.587000,5203.568000,5478.599000,275.031000
2.090000,272.966000,270.876000,293.843000,296.629000,2.786000,312.104000,416.801000,104.697000,437.711000,5340.241000,4902.530000,5363.527000,5467.800000,104.273000,1.899000,265.819000,263.920000,266.895000,296.775000,29.880000,297.745000,348.807000,51.062000,349.822000,5141.661000,4791.839000,5142.804000,5399.970000,257.166000,1.907000,273.137000,271.230000,274.167000,296.785000,22.618000,297.770000,382.538000,84.768000,383.592000,5178.429000,4794.837000,5179.627000,5433.278000,253.651000,1.913000,265.448000,263.535000,266.470000,296.817000,30.347000,297.803000,417.262000,119.459000,418.308000,5210.002000,4791.694000,5211.150000,5468.406000,257.256000
2.112000,273.093000,270.981000,294.120000,297.166000,3.046000,312.398000,417.196000,104.798000,438.269000,5224.224000,4785.955000,5245.239000,5349.015000,103.776000,1.921000,266.117000,264.196000,267.206000,297.207000,30.001000,298.210000,349.323000,51.113000,350.369000,5135.929000,4785.560000,5137.020000,5281.635000,144.615000,1.938000,273.317000,271.379000,274.356000,297.093000,22.737000,298.111000,382.958000,84.847000,384.031000,5169.605000,4785.574000,5170.693000,5315.604000,144.911000,1.918000,265.640000,263.722000,266.670000,297.148000,30.478000,298.158000,417.724000,119.566000,418.803000,5204.404000,4785.601000,5205.498000,5349.655000,144.157000
2.080000,272.966000,270.886000,294.397000,297.240000,2.843000,312.513000,414.130000,101.617000,435.241000,5233.323000,4798.082000,5256.454000,5359.628000,103.174000,1.899000,265.870000,263.971000,266.947000,297.411000,30.464000,298.382000,348.215000,49.833000,349.233000,5142.243000,4793.010000,5143.370000,5292.901000,149.531000,1.909000,273.185000,271.276000,274.218000,297.428000,23.210000,298.419000,380.942000,82.523000,381.993000,5174.503000,4792.510000,5175.658000,5326.140000,150.482000,1.901000,265.450000,263.549000,266.478000,297.432000,30.954000,298.417000,414.603000,116.186000,415.646000,5208.236000,4792.590000,5209.377000,5360.231000,150.854000
2.091000,273.078000,270.987000,294.437000,297.242000,2.805000,313.148000,414.876000,101.728000,435.395000,5223.405000,4788.010000,5244.412000,5347.281000,102.869000,1.958000,266.274000,264.316000,267.363000,297.742000,30.379000,298.760000,349.243000,50.483000,350.296000,5135.817000,4785.521000,5136.908000,5281.050000,144.142000,1.926000,273.473000,271.547000,274.503000,297.622000,23.119000,298.633000,381.857000,83.224000,382.933000,5168.492000,4785.559000,5169.589000,5315.056000,145.467000,1.961000,265.838000,263.877000,266.875000,297.711000,30.836000,298.735000,415.629000,116.894000,416.704000,5202.278000,4785.574000,5203.386000,5348.141000,144.755000
2.094000,272.975000,270.881000,293.945000,296.792000,2.847000,311.867000,416.532000,104.665000,436.954000,5234.547000,4797.593000,5258.218000,5361.380000,103.162000,1.911000,265.832000,263.921000,266.908000,296.908000,30.000000,297.881000,348.528000,50.647000,349.547000,5142.415000,4792.868000,5143.551000,5294.632000,151.081000,1.899000,273.137000,271.238000,274.163000,296.921000,22.758000,297.900000,382.270000,84.370000,383.318000,5240.332000,4857.014000,5241.467000,5327.862000,86.395000,1.911000,265.450000,263.539000,266.475000,296.948000,30.473000,297.932000,417.000000,119.068000,418.049000,5210.455000,4792.406000,5211.604000,5361.977000,150.373000
2.097000,273.025000,270.928000,293.734000,296.516000,2.782000,311.355000,416.097000,104.742000,436.878000,5222.821000,4785.943000,5244.114000,5345.067000,100.953000,1.940000,266.072000,264.132000,267.154000,296.799000,29.645000,297.806000,348.207000,50.401000,349.247000,5134.771000,4785.524000,5135.848000,5280.548000,144.700000,1.930000,273.227000,271.297000,274.260000,296.675000,22.415000,297.687000,381.838000,84.151000,382.911000,5168.488000,4785.577000,5169.582000,5312.496000,142.914000,1.938000,265.586000,263.648000,266.618000,296.740000,30.122000,297.759000,416.614000,118.855000,417.684000,5203.253000,4785.569000,5204.347000,5345.543000,141.196000
2.164000,273.012000,270.848000,293.919000,296.725000,2.806000,311.727000,413.371000,101.644000,433.815000,5229.439000,4795.624000,5252.219000,5355.262000,103.043000,1.899000,265.928000,264.029000,267.000000,296.874000,29.874000,297.852000,347.390000,49.538000,348.410000,5140.875000,4792.465000,5142.012000,5288.598000,146.586000,1.899000,273.209000,271.310000,274.232000,296.882000,22.650000,297.860000,380.135000,82.275000,381.182000,5173.606000,4792.424000,5174.754000,5321.775000,147.021000,1.901000,265.496000,263.595000,266.516000,296.890000,30.374000,297.877000,413.819000,115.942000,414.869000,5207.430000,4792.561000,5208.568000,5355.863000,147.295000
2.088000,273.052000,270.964000,293.601000,296.368000,2.767000,311.451000,413.089000,101.638000,433.603000,5350.664000,4917.061000,5371.921000,5472.645000,100.724000,1.952000,266.272000,264.320000,267.361000,296.836000,29.475000,297.849000,347.439000,49.590000,348.492000,5134.011000,4785.519000,5135.097000,5408.490000,273.393000,1.926000,273.437000,271.511000,274.469000,296.722000,22.253000,297.737000,380.045000,82.308000,381.117000,5166.681000,4785.564000,5167.771000,5440.436000,272.665000,1.934000,265.842000,263.908000,266.871000,296.811000,29.940000,297.825000,413.809000,115.984000,414.878000,5200.451000,4785.573000,5201.555000,5473.513000,271.958000
2.125000,264.971000,262.846000,286.462000,289.312000,2.850000,304.496000,403.104000,98.608000,423.289000,5219.028000,4795.739000,5241.863000,5345.034000,103.171000,1.903000,261.995000,260.092000,263.071000,289.495000,26.424000,290.472000,339.257000,48.785000,340.274000,5132.587000,4792.313000,5133.735000,5278.382000,144.647000,1.895000,265.211000,263.316000,266.237000,289.503000,23.266000,290.488000,370.954000,80.466000,372.002000,5164.282000,4792.280000,5165.430000,5311.612000,146.182000,1.905000,261.614000,259.709000,262.639000,289.536000,26.897000,290.520000,403.658000,113.138000,404.707000,5197.166000,4792.459000,5198.328000,5345.732000,147.404000
2.082000,265.018000,262.936000,285.844000,288.681000,2.837000,304.734000,406.508000,101.774000,426.990000,5212.946000,4785.956000,5234.206000,5334.928000,100.722000,1.948000,262.077000,260.129000,263.163000,288.901000,25.738000,289.910000,340.623000,50.713000,341.669000,5127.193000,4785.524000,5128.279000,5270.558000,142.279000,1.930000,265.175000,263.245000,266.208000,288.777000,22.569000,289.789000,373.246000,83.457000,374.319000,5159.890000,4785.571000,5160.986000,5302.494000,141.508000,1.961000,261.620000,259.659000,262.656000,288.867000,26.211000,289.892000,407.005000,117.113000,408.081000,5193.654000,4785.573000,5194.750000,5335.569000,140.819000
2.094000,264.875000,262.781000,286.099000,288.892000,2.793000,305.113000,403.732000,98.619000,423.796000,5220.131000,4796.335000,5243.071000,5346.425000,103.354000,1.904000,261.862000,259.958000,262.934000,289.054000,26.120000,290.025000,339.838000,49.813000,340.858000,5133.726000,4792.868000,5134.883000,5279.560000,144.677000,1.903000,265.075000,263.172000,266.100000,289.062000,22.962000,290.044000,371.531000,81.487000,372.580000,5173.572000,4800.992000,5174.733000,5312.961000,138.228000,1.912000,261.452000,259.540000,262.476000,289.081000,26.605000,290.074000,404.206000,114.132000,405.260000,5196.943000,4791.683000,5198.114000,5347.044000,148.930000
2.091000,264.931000,262.840000,286.240000,289.080000,2.840000,304.978000,406.751000,101.773000,427.174000,5222.930000,4795.756000,5246.199000,5351.282000,105.083000,1.949000,261.991000,260.042000,263.076000,289.349000,26.273000,290.361000,340.906000,50.545000,341.955000,5134.688000,4792.733000,5135.809000,5282.738000,146.929000,1.932000,265.105000,263.173000,266.140000,289.222000,23.082000,290.239000,373.493000,83.254000,374.585000,5167.714000,4793.129000,5168.871000,5316.792000,147.921000,1.938000,261.530000,259.592000,262.563000,289.304000,26.741000,290.321000,407.242000,116.921000,408.317000,5200.052000,4791.735000,5201.194000,5351.942000,150.748000
2.133000,273.069000,270.936000,294.695000,297.512000,2.817000,312.391000,414.054000,101.663000,434.219000,5220.199000,4785.980000,5241.704000,5344.431000,102.727000,1.949000,266.099000,264.150000,267.173000,297.815000,30.642000,298.825000,348.257000,49.432000,349.306000,5134.863000,4785.557000,5135.953000,5278.054000,142.101000,1.934000,273.253000,271.319000,274.291000,297.671000,23.380000,298.691000,380.825000,82.134000,381.893000,5167.496000,4785.603000,5168.586000,5310.980000,142.394000,1.932000,265.633000,263.701000,266.662000,297.770000,31.108000,298.782000,414.586000,115.804000,415.664000,5201.243000,4785.579000,5202.351000,5345.065000,142.714000
2.075000,272.951000,270.876000,294.119000,296.895000,2.776000,312.211000,416.868000,104.657000,437.088000,5234.525000,4797.437000,5257.991000,5361.265000,103.274000,1.917000,265.852000,263.935000,266.921000,297.055000,30.134000,298.025000,348.929000,50.904000,349.942000,5141.679000,4791.737000,5142.820000,5294.407000,151.587000,1.898000,273.151000,271.253000,274.175000,297.062000,22.887000,298.045000,382.653000,84.608000,383.697000,5175.260000,4791.563000,5176.411000,5327.577000,151.166000,1.915000,265.443000,263.528000,266.464000,297.081000,30.617000,298.064000,417.345000,119.281000,418.390000,5209.886000,4791.496000,5211.040000,5361.663000,150.623000
2.159000,273.183000,271.024000,294.461000,297.277000,2.816000,313.540000,418.328000,104.788000,438.901000,5226.876000,4787.975000,5247.646000,5348.394000,100.748000,1.929000,266.206000,264.277000,267.284000,297.625000,30.341000,298.626000,350.508000,51.882000,351.550000,5137.106000,4785.556000,5138.194000,5284.113000,145.919000,1.937000,273.443000,271.506000,274.482000,297.518000,23.036000,298.532000,384.161000,85.629000,385.236000,5170.816000,4785.580000,5171.915000,5316.074000,144.159000,1.931000,265.755000,263.824000,266.785000,297.595000,30.810000,298.612000,418.934000,120.322000,420.011000,5205.621000,4785.610000,5206.719000,5349.155000,142.436000
2.084000,272.998000,270.914000,294.381000,297.212000,2.831000,312.327000,417.175000,104.848000,437.935000,5317.795000,4879.860000,5341.050000,5444.102000,103.052000,1.910000,265.822000,263.912000,266.890000,297.363000,30.473000,298.340000,349.075000,50.735000,350.093000,5141.773000,4791.680000,5142.907000,5377.451000,234.544000,1.904000,273.165000,271.261000,274.194000,297.369000,23.175000,298.355000,382.822000,84.467000,383.871000,5175.440000,4791.569000,5176.584000,5410.614000,234.030000,1.914000,265.418000,263.504000,266.446000,297.392000,30.946000,298.385000,417.535000,119.150000,418.587000,5210.150000,4791.563000,5211.288000,5444.709000,233.421000
2.114000,273.134000,271.020000,294.444000,297.317000,2.873000,312.637000,414.272000,101.635000,434.524000,5351.583000,4917.059000,5372.148000,5473.234000,101.086000,1.936000,266.319000,264.383000,267.404000,297.741000,30.337000,298.749000,348.673000,49.924000,349.722000,5135.245000,4785.523000,5136.335000,5408.778000,272.443000,1.917000,273.533000,271.616000,274.567000,297.621000,23.054000,298.634000,381.262000,82.628000,382.330000,5167.929000,4785.599000,5169.018000,5440.707000,271.689000,1.921000,265.847000,263.926000,266.876000,297.690000,30.814000,298.704000,415.009000,116.305000,416.082000,5201.660000,4785.578000,5202.761000,5473.774000,271.013000
2.090000,273.080000,270.990000,294.218000,297.051000,2.833000,312.160000,416.844000,104.684000,437.331000,5237.952000,4800.621000,5261.013000,5364.041000,103.028000,1.915000,265.937000,264.022000,267.006000,297.192000,30.186000,298.164000,348.856000,50.692000,349.873000,5141.620000,4791.747000,5142.761000,5297.388000,154.627000,1.892000,273.253000,271.361000,274.275000,297.194000,22.919000,298.173000,382.621000,84.448000,383.669000,5175.198000,4791.529000,5176.343000,5330.569000,154.226000,1.912000,265.526000,263.614000,266.551000,297.216000,30.665000,298.200000,417.328000,119.128000,418.377000,5209.924000,4791.547000,5211.074000,5364.658000,153.584000
2.137000,273.133000,270.996000,294.287000,297.185000,2.898000,312.692000,414.533000,101.841000,435.048000,5220.975000,4785.927000,5241.804000,5342.569000,100.765000,1.929000,266.043000,264.114000,267.121000,297.394000,30.273000,298.395000,348.545000,50.150000,349.587000,5135.135000,4785.548000,5136.222000,5278.140000,141.918000,1.933000,273.273000,271.340000,274.310000,297.292000,22.982000,298.306000,381.171000,82.865000,382.242000,5167.820000,4785.578000,5168.914000,5310.092000,141.178000,1.931000,265.594000,263.663000,266.624000,297.366000,30.742000,298.383000,414.927000,116.544000,416.004000,5201.614000,4785.610000,5202.712000,5343.168000,140.456000
2.091000,272.998000,270.907000,293.470000,296.257000,2.787000,311.783000,413.507000,101.724000,434.426000,5268.880000,4834.454000,5291.430000,5394.741000,103.311000,1.907000,265.816000,263.909000,266.884000,296.389000,29.505000,297.364000,347.493000,50.129000,348.511000,5141.052000,4792.541000,5142.186000,5327.831000,185.645000,1.900000,273.145000,271.245000,274.172000,296.395000,22.223000,297.375000,380.246000,82.871000,381.293000,5173.839000,4792.546000,5174.992000,5361.029000,186.037000,1.913000,265.408000,263.495000,266.436000,296.414000,29.978000,297.405000,413.927000,116.522000,414.979000,5207.615000,4792.636000,5208.752000,5395.155000,186.403000
2.113000,273.099000,270.986000,294.313000,297.184000,2.871000,312.364000,414.044000,101.680000,434.994000,5221.009000,4786.015000,5241.912000,5342.644000,100.732000,1.952000,266.042000,264.090000,267.134000,297.401000,30.267000,298.411000,348.149000,49.738000,349.200000,5134.725000,4785.525000,5135.820000,5278.269000,142.449000,1.936000,273.269000,271.333000,274.309000,297.293000,22.984000,298.313000,380.762000,82.449000,381.834000,5167.437000,4785.603000,5168.535000,5310.222000,141.687000,1.967000,265.598000,263.631000,266.640000,297.370000,30.730000,298.391000,414.517000,116.126000,415.584000,5201.156000,4785.572000,5202.248000,5343.277000,141.029000
2.092000,273.029000,270.937000,293.835000,296.629000,2.794000,311.773000,413.586000,101.813000,434.264000,5231.131000,4796.867000,5253.640000,5356.891000,103.251000,1.919000,265.896000,263.977000,266.976000,296.778000,29.802000,297.754000,347.624000,49.870000,348.645000,5141.578000,4792.933000,5142.716000,5290.132000,147.416000,1.896000,273.217000,271.321000,274.239000,296.780000,22.541000,297.757000,380.365000,82.608000,381.415000,5174.288000,4792.873000,5175.420000,5323.371000,147.951000,1.905000,265.492000,263.587000,266.513000,296.802000,30.289000,297.780000,414.040000,116.260000,415.082000,5207.502000,4792.420000,5208.656000,5357.474000,148.818000
2.094000,273.186000,271.092000,293.784000,296.640000,2.856000,311.750000,413.420000,101.670000,434.265000,5351.284000,4917.019000,5372.854000,5473.716000,100.862000,1.944000,266.144000,264.200000,267.227000,296.903000,29.676000,297.909000,347.580000,49.671000,348.624000,5134.146000,4785.522000,5135.231000,5409.257000,274.026000,1.950000,273.369000,271.419000,274.408000,296.800000,22.392000,297.819000,380.191000,82.372000,381.272000,5166.888000,4785.616000,5167.988000,5441.226000,273.238000,1.947000,265.686000,263.739000,266.718000,296.875000,30.157000,297.895000,413.946000,116.051000,415.007000,5200.578000,4785.571000,5201.670000,5474.317000,272.647000
2.074000,283.726000,281.652000,306.031000,309.203000,3.172000,324.540000,426.208000,101.668000,446.728000,5365.833000,4919.105000,5386.801000,5489.776000,102.975000,1.906000,276.449000,274.543000,277.567000,309.179000,31.612000,310.197000,360.270000,50.073000,361.312000,5278.015000,4916.703000,5279.113000,5423.101000,143.988000,1.914000,283.989000,282.075000,285.122000,309.408000,24.286000,310.425000,392.991000,82.566000,394.058000,5181.713000,4787.655000,5182.809000,5456.268000,273.459000,1.898000,276.123000,274.225000,277.269000,309.334000,32.065000,310.371000,426.700000,116.329000,427.784000,5215.449000,4787.665000,5216.557000,5490.350000,273.793000
2.089000,273.070000,270.981000,294.090000,296.966000,2.876000,312.184000,416.906000,104.722000,437.260000,5232.809000,4795.549000,5256.291000,5359.422000,103.131000,1.938000,273.912000,271.974000,274.993000,297.039000,22.046000,298.032000,348.813000,50.781000,349.831000,5142.266000,4792.435000,5143.402000,5292.633000,149.231000,1.914000,273.218000,271.304000,274.239000,297.101000,22.862000,298.080000,382.576000,84.496000,383.615000,5175.939000,4792.324000,5177.098000,5325.899000,148.801000,1.930000,273.527000,271.597000,274.559000,297.088000,22.529000,298.085000,417.289000,119.204000,418.343000,5210.901000,4792.558000,5212.066000,5359.989000,147.923000
2.144000,273.306000,271.162000,293.759000,296.716000,2.957000,311.952000,413.549000,101.597000,434.096000,5220.042000,4785.946000,5241.354000,5346.135000,104.781000,1.941000,274.159000,272.218000,275.240000,296.793000,21.553000,297.804000,347.657000,49.853000,348.712000,5134.320000,4785.608000,5135.411000,5277.710000,142.299000,1.936000,273.456000,271.520000,274.494000,296.653000,22.159000,297.667000,380.284000,82.617000,381.356000,5166.883000,4785.527000,5167.978000,5311.694000,143.716000,1.967000,273.735000,271.768000,274.778000,296.766000,21.988000,297.790000,414.050000,116.260000,415.131000,5200.658000,4785.527000,5201.755000,5346.782000,145.027000
2.077000,273.098000,271.021000,293.329000,296.358000,3.029000,311.495000,416.352000,104.857000,437.143000,5233.362000,4796.219000,5256.527000,5360.735000,104.208000,1.928000,273.848000,271.920000,274.919000,296.301000,21.382000,297.280000,348.196000,50.916000,349.213000,5153.259000,4804.046000,5154.420000,5294.006000,139.586000,1.897000,273.254000,271.357000,274.278000,296.317000,22.039000,297.302000,381.991000,84.689000,383.037000,5176.018000,4792.981000,5177.168000,5327.249000,150.081000,1.914000,273.491000,271.577000,274.528000,296.356000,21.828000,297.347000,416.711000,119.364000,417.764000,5209.304000,4791.540000,5210.460000,5361.358000,150.898000
2.114000,273.263000,271.149000,294.333000,297.119000,2.786000,312.275000,417.030000,104.755000,437.479000,5354.535000,4917.056000,5375.855000,5477.628000,101.773000,1.952000,270.339000,268.387000,271.433000,297.585000,26.152000,298.594000,349.302000,50.708000,350.369000,5135.933000,4785.564000,5137.015000,5413.473000,276.458000,1.936000,273.650000,271.714000,274.689000,297.469000,22.780000,298.485000,382.953000,84.468000,384.022000,5169.593000,4785.571000,5170.690000,5445.411000,274.721000,1.952000,269.873000,267.921000,270.915000,297.536000,26.621000,298.552000,417.741000,119.189000,418.815000,5204.396000,4785.581000,5205.488000,5478.463000,272.975000
2.392000,273.433000,271.041000,294.822000,297.590000,2.768000,312.552000,414.308000,101.756000,435.441000,5228.891000,4793.450000,5252.094000,5355.188000,103.094000,1.913000,270.174000,268.261000,271.255000,297.749000,26.494000,298.722000,348.226000,49.504000,349.244000,5141.668000,4792.424000,5142.813000,5288.455000,145.642000,1.893000,273.608000,271.715000,274.631000,297.756000,23.125000,298.734000,380.970000,82.236000,382.013000,5174.633000,4792.620000,5175.784000,5321.705000,145.921000,1.905000,269.758000,267.853000,270.788000,297.769000,26.981000,298.754000,414.651000,115.897000,415.701000,5207.411000,4791.710000,5208.580000,5355.788000,147.208000
