Th 0 SCATTER_S,Th 0 SCATTER_E,Th 0 SCATTER_D,Th 0 COMPUTE_S,Th 0 COMPUTE_E,Th 0 COMPUTE_D,Th 0 GATHER_S,Th 0 GATHER_E,Th 0 GATHER_D,Th 1 SCATTER_S,Th 1 SCATTER_E,Th 1 SCATTER_D,Th 1 COMPUTE_S,Th 1 COMPUTE_E,Th 1 COMPUTE_D,Th 1 GATHER_S,Th 1 GATHER_E,Th 1 GATHER_D,Th 2 SCATTER_S,Th 2 SCATTER_E,Th 2 SCATTER_D,Th 2 COMPUTE_S,Th 2 COMPUTE_E,Th 2 COMPUTE_D,Th 2 GATHER_S,Th 2 GATHER_E,Th 2 GATHER_D,Th 3 SCATTER_S,Th 3 SCATTER_E,Th 3 SCATTER_D,Th 3 COMPUTE_S,Th 3 COMPUTE_E,Th 3 COMPUTE_D,Th 3 GATHER_S,Th 3 GATHER_E,Th 3 GATHER_D,Th 4 SCATTER_S,Th 4 SCATTER_E,Th 4 SCATTER_D,Th 4 COMPUTE_S,Th 4 COMPUTE_E,Th 4 COMPUTE_D,Th 4 GATHER_S,Th 4 GATHER_E,Th 4 GATHER_D,Th 5 SCATTER_S,Th 5 SCATTER_E,Th 5 SCATTER_D,Th 5 COMPUTE_S,Th 5 COMPUTE_E,Th 5 COMPUTE_D,Th 5 GATHER_S,Th 5 GATHER_E,Th 5 GATHER_D,Th 6 SCATTER_S,Th 6 SCATTER_E,Th 6 SCATTER_D,Th 6 COMPUTE_S,Th 6 COMPUTE_E,Th 6 COMPUTE_D,Th 6 GATHER_S,Th 6 GATHER_E,Th 6 GATHER_D,Th 7 SCATTER_S,Th 7 SCATTER_E,Th 7 SCATTER_D,Th 7 COMPUTE_S,Th 7 COMPUTE_E,Th 7 COMPUTE_D,Th 7 GATHER_S,Th 7 GATHER_E,Th 7 GATHER_D
3.955000,4314.786000,4310.831000,4316.408000,5582.245000,1265.837000,5583.955000,6387.558000,803.603000,2.699000,19.369000,16.670000,20.988000,1136.848000,1115.860000,1138.744000,5765.995000,4627.251000,2.942000,16.884000,13.942000,18.193000,1129.597000,1111.404000,1130.999000,4767.084000,3636.085000,2.899000,16.779000,13.880000,18.107000,1120.741000,1102.634000,1122.029000,4247.110000,3125.081000,2.620000,15.753000,13.133000,16.961000,1125.872000,1108.911000,1127.183000,4141.505000,3014.322000,2.952000,16.062000,13.110000,17.300000,1120.406000,1103.106000,1121.740000,3491.288000,2369.548000,2.897000,15.891000,12.994000,17.011000,963.070000,946.059000,964.347000,2851.189000,1886.842000,2.906000,15.290000,12.384000,16.423000,855.890000,839.467000,857.095000,2163.064000,1305.969000
2.805000,736.159000,733.354000,737.476000,1692.141000,954.665000,1693.285000,1765.767000,72.482000,2.489000,356.647000,354.158000,358.458000,1334.096000,975.638000,1335.328000,1954.239000,618.911000,2.153000,461.938000,459.785000,463.395000,1438.266000,974.871000,1439.567000,1964.707000,525.140000,2.042000,565.659000,563.617000,567.173000,1538.465000,971.292000,1539.628000,1975.846000,436.218000,2.074000,666.277000,664.203000,667.755000,1558.049000,890.294000,1559.195000,1981.163000,421.968000,2.065000,760.385000,758.320000,761.952000,1718.617000,956.665000,1719.766000,1991.977000,272.211000,2.037000,874.129000,872.092000,875.757000,1715.420000,839.663000,1716.606000,2001.533000,284.927000,2.013000,982.598000,980.585000,984.066000,1834.604000,850.538000,1835.782000,2011.697000,175.915000
2.119000,42.797000,40.678000,43.849000,996.955000,953.106000,998.013000,1064.152000,66.139000,2.002000,26.791000,24.789000,27.801000,985.342000,957.541000,986.427000,1026.248000,39.821000,2.053000,31.864000,29.811000,32.895000,987.430000,954.535000,988.552000,1035.269000,46.717000,2.090000,37.046000,34.956000,38.068000,989.296000,951.228000,990.383000,1044.174000,53.791000,2.002000,40.169000,38.167000,41.188000,927.081000,885.893000,928.151000,1050.794000,122.643000,2.000000,46.541000,44.541000,47.555000,1005.731000,958.176000,1006.839000,1061.166000,54.327000,1.946000,52.354000,50.408000,53.347000,885.822000,832.475000,886.896000,1070.628000,183.732000,2.016000,58.194000,56.178000,59.195000,900.313000,841.118000,901.356000,1079.669000,178.313000
2.129000,41.284000,39.155000,42.340000,1017.431000,975.091000,1018.665000,1209.465000,190.800000,2.007000,23.674000,21.667000,24.674000,992.678000,968.004000,993.924000,1044.273000,50.349000,2.012000,28.789000,26.777000,29.795000,1013.068000,983.273000,1014.350000,1025.548000,11.198000,1.969000,33.939000,31.970000,34.954000,1010.666000,975.712000,1012.027000,1034.136000,22.109000,1.962000,38.102000,36.140000,39.114000,953.406000,914.292000,954.658000,1038.135000,83.477000,1.990000,43.825000,41.835000,44.839000,1028.341000,983.502000,1029.582000,1061.143000,31.561000,1.929000,49.192000,47.263000,50.179000,903.717000,853.538000,904.959000,1060.610000,155.651000,1.910000,54.678000,52.768000,55.672000,929.079000,873.407000,930.230000,1074.436000,144.206000
2.089000,42.328000,40.239000,43.377000,996.981000,953.604000,998.051000,1064.088000,66.037000,1.899000,27.388000,25.489000,28.399000,969.303000,940.904000,970.346000,1026.814000,56.468000,1.935000,32.459000,30.524000,33.530000,916.105000,882.575000,917.176000,1035.846000,118.670000,1.940000,37.563000,35.623000,38.751000,913.051000,874.300000,914.108000,1044.814000,130.706000,1.975000,41.380000,39.405000,42.442000,991.527000,949.085000,992.590000,1052.302000,59.712000,1.991000,47.437000,45.446000,48.551000,926.761000,878.210000,927.839000,1062.501000,134.662000,2.077000,53.151000,51.074000,54.199000,883.859000,829.660000,884.914000,1071.809000,186.895000,1.945000,58.730000,56.785000,59.778000,891.135000,831.357000,892.198000,1080.608000,188.410000
2.055000,41.288000,39.233000,42.329000,1000.329000,958.000000,1001.404000,1067.391000,65.987000,1.902000,20.221000,18.319000,21.215000,961.872000,940.657000,962.927000,1023.498000,60.571000,1.918000,25.325000,23.407000,26.329000,908.292000,881.963000,909.360000,1032.611000,123.251000,1.930000,30.472000,28.542000,31.474000,904.991000,873.517000,906.052000,1041.709000,135.657000,1.919000,34.687000,32.768000,35.693000,984.477000,948.784000,985.542000,1049.965000,64.423000,1.932000,40.485000,38.553000,41.493000,920.457000,878.964000,921.526000,1059.816000,138.290000,1.914000,45.933000,44.019000,46.932000,876.303000,829.371000,877.359000,1068.531000,191.172000,1.922000,51.480000,49.558000,52.483000,883.595000,831.112000,884.648000,1077.705000,193.057000
2.056000,41.754000,39.698000,42.795000,1002.919000,960.124000,1004.010000,1070.461000,66.451000,1.902000,19.889000,17.987000,20.878000,963.550000,942.672000,964.609000,1025.374000,60.765000,1.913000,25.171000,23.258000,26.165000,912.069000,885.904000,913.137000,1034.745000,121.608000,1.920000,30.388000,28.468000,31.387000,907.967000,876.580000,909.036000,1044.034000,134.998000,1.919000,34.535000,32.616000,35.540000,988.342000,952.802000,989.419000,1052.100000,62.681000,1.944000,40.482000,38.538000,41.489000,924.509000,883.020000,925.586000,1062.173000,136.587000,1.918000,45.989000,44.071000,46.983000,880.096000,833.113000,881.160000,1071.318000,190.158000,1.909000,51.484000,49.575000,52.480000,886.835000,834.355000,887.892000,1080.322000,192.430000
2.104000,43.852000,41.748000,44.925000,1002.664000,957.739000,1003.720000,1071.307000,67.587000,1.902000,20.635000,18.733000,21.676000,978.299000,956.623000,979.348000,1026.235000,46.887000,1.917000,26.249000,24.332000,27.251000,915.902000,888.651000,916.954000,1035.514000,118.560000,1.924000,31.585000,29.661000,32.581000,921.318000,888.737000,922.364000,1044.973000,122.609000,1.946000,36.242000,34.296000,37.240000,993.954000,956.714000,994.999000,1053.351000,58.352000,1.940000,42.170000,40.230000,43.175000,935.889000,892.714000,936.929000,1063.331000,126.402000,1.910000,47.819000,45.909000,48.810000,894.747000,845.937000,895.772000,1072.120000,176.348000,1.917000,53.581000,51.664000,54.578000,904.427000,849.849000,905.469000,1081.376000,175.907000
2.081000,42.260000,40.179000,43.300000,995.733000,952.433000,996.781000,1063.502000,66.721000,1.902000,21.389000,19.487000,22.378000,967.758000,945.380000,968.786000,1019.680000,50.894000,1.929000,26.721000,24.792000,27.888000,907.820000,879.932000,908.853000,1029.052000,120.199000,1.928000,32.234000,30.306000,33.235000,915.137000,881.902000,916.179000,1038.303000,122.124000,1.925000,35.972000,34.047000,36.977000,985.815000,948.838000,986.851000,1046.045000,59.194000,1.929000,41.982000,40.053000,42.987000,929.276000,886.289000,930.469000,1056.313000,125.844000,1.912000,47.578000,45.666000,48.570000,885.935000,837.365000,886.978000,1065.539000,178.561000,1.912000,53.099000,51.187000,54.097000,894.229000,840.132000,895.257000,1074.494000,179.237000
2.087000,43.637000,41.550000,44.705000,985.152000,940.447000,986.226000,1052.176000,65.950000,1.912000,21.064000,19.152000,22.058000,962.920000,940.862000,963.987000,1008.664000,44.677000,1.933000,26.463000,24.530000,27.470000,901.150000,873.680000,902.232000,1017.738000,115.506000,1.924000,31.809000,29.885000,32.805000,906.805000,874.000000,907.870000,1026.795000,118.925000,1.917000,35.963000,34.046000,36.963000,979.469000,942.506000,980.490000,1034.865000,54.375000,1.926000,42.119000,40.193000,43.123000,922.275000,879.152000,923.348000,1044.756000,121.408000,1.912000,47.932000,46.020000,48.925000,878.713000,829.788000,879.775000,1053.518000,173.743000,1.919000,53.928000,52.009000,54.946000,886.395000,831.449000,887.451000,1062.731000,175.280000
2.073000,41.848000,39.775000,42.873000,983.110000,940.237000,984.170000,1050.042000,65.872000,1.910000,20.155000,18.245000,21.146000,961.752000,940.606000,962.810000,1005.794000,42.984000,1.923000,25.425000,23.502000,26.427000,899.635000,873.208000,900.706000,1015.159000,114.453000,1.918000,30.640000,28.722000,31.639000,905.344000,873.705000,906.410000,1024.259000,117.849000,1.919000,34.781000,32.862000,35.800000,977.118000,941.318000,978.179000,1032.247000,54.068000,1.927000,40.726000,38.799000,41.733000,920.867000,879.134000,921.941000,1042.331000,120.390000,1.918000,46.225000,44.307000,47.219000,876.781000,829.562000,877.842000,1051.474000,173.632000,1.907000,51.860000,49.953000,52.856000,883.898000,831.042000,884.952000,1060.184000,175.232000
2.051000,42.826000,40.775000,43.853000,983.908000,940.055000,984.977000,1050.936000,65.959000,1.910000,20.044000,18.134000,21.036000,961.628000,940.592000,962.689000,1006.461000,43.772000,1.927000,25.380000,23.453000,26.383000,899.637000,873.254000,900.709000,1015.581000,114.872000,1.922000,30.746000,28.824000,31.746000,905.440000,873.694000,906.499000,1024.687000,118.188000,1.917000,35.043000,33.126000,36.055000,976.211000,940.156000,977.276000,1032.940000,55.664000,1.923000,41.145000,39.222000,42.147000,921.287000,879.140000,922.354000,1042.797000,120.443000,1.910000,46.797000,44.887000,47.788000,877.284000,829.496000,878.340000,1051.501000,173.161000,1.917000,52.426000,50.509000,53.423000,884.476000,831.053000,885.529000,1060.678000,175.149000
2.051000,41.852000,39.801000,42.883000,1007.371000,964.488000,1008.492000,1075.466000,66.974000,1.910000,19.725000,17.815000,20.716000,969.817000,949.101000,970.950000,1030.197000,59.247000,1.923000,25.005000,23.082000,26.005000,911.393000,885.388000,912.618000,1039.589000,126.971000,1.918000,30.222000,28.304000,31.221000,917.703000,886.482000,918.837000,1048.802000,129.965000,1.919000,34.363000,32.444000,35.369000,987.887000,952.518000,989.032000,1056.670000,67.638000,1.927000,40.310000,38.383000,41.317000,939.433000,898.116000,940.684000,1067.127000,126.443000,1.918000,45.811000,43.893000,46.805000,890.846000,844.041000,891.982000,1076.390000,184.408000,1.909000,51.412000,49.503000,52.408000,895.392000,842.984000,896.515000,1085.199000,188.684000
2.245000,42.109000,39.864000,43.145000,996.525000,953.380000,997.608000,1063.648000,66.040000,1.933000,21.395000,19.462000,22.427000,964.615000,942.188000,965.722000,1020.876000,55.154000,1.945000,26.661000,24.716000,27.724000,970.677000,942.953000,971.776000,1029.801000,58.025000,1.936000,31.876000,29.940000,32.908000,975.205000,942.297000,976.259000,1038.885000,62.626000,1.915000,35.788000,33.873000,36.953000,979.530000,942.577000,980.581000,1046.598000,66.017000,1.939000,41.787000,39.848000,42.817000,921.634000,878.817000,922.706000,1056.546000,133.840000,1.933000,47.394000,45.461000,48.416000,873.015000,824.599000,874.064000,1065.306000,191.242000,1.940000,52.923000,50.983000,53.953000,878.417000,824.464000,879.471000,1074.550000,195.079000
2.039000,41.891000,39.852000,42.943000,983.336000,940.393000,984.400000,1050.008000,65.608000,1.933000,18.378000,16.445000,19.395000,961.042000,941.647000,962.099000,1004.317000,42.218000,1.925000,23.658000,21.733000,24.670000,966.278000,941.608000,967.333000,1013.445000,46.112000,1.933000,28.871000,26.938000,29.892000,971.534000,941.642000,972.587000,1022.547000,49.960000,1.933000,33.016000,31.083000,34.038000,977.217000,943.179000,978.271000,1030.253000,51.982000,1.941000,39.000000,37.059000,40.028000,919.190000,879.162000,920.250000,1040.396000,120.146000,1.906000,44.488000,42.582000,45.502000,869.668000,824.166000,870.718000,1049.517000,178.799000,1.949000,49.942000,47.993000,50.970000,874.966000,823.996000,876.023000,1058.191000,182.168000
2.058000,43.066000,41.008000,44.109000,984.434000,940.325000,985.495000,1051.206000,65.711000,1.917000,20.215000,18.298000,21.217000,962.817000,941.600000,963.879000,1007.332000,43.453000,1.914000,25.568000,23.654000,26.563000,968.138000,941.575000,969.198000,1016.205000,47.007000,1.917000,31.000000,29.083000,32.008000,973.564000,941.556000,974.628000,1025.330000,50.702000,1.906000,35.314000,33.408000,36.321000,977.867000,941.546000,978.928000,1033.311000,54.383000,1.933000,41.406000,39.473000,42.410000,921.514000,879.104000,922.585000,1043.183000,120.598000,1.914000,47.031000,45.117000,48.025000,872.070000,824.045000,873.129000,1051.864000,178.735000,1.927000,52.765000,50.838000,53.773000,877.721000,823.948000,878.785000,1061.039000,182.254000
2.174000,41.951000,39.777000,42.974000,992.271000,949.297000,993.336000,1058.992000,65.656000,1.913000,20.182000,18.269000,21.177000,962.821000,941.644000,963.878000,1015.075000,51.197000,1.906000,25.478000,23.572000,26.470000,968.128000,941.658000,969.183000,1024.197000,55.014000,1.917000,30.767000,28.850000,31.766000,973.378000,941.612000,974.431000,1033.308000,58.877000,1.906000,34.930000,33.024000,35.919000,977.508000,941.589000,978.562000,1041.044000,62.482000,1.935000,40.879000,38.944000,41.874000,921.024000,879.150000,922.084000,1051.153000,129.069000,1.906000,46.355000,44.449000,47.342000,871.513000,824.171000,872.563000,1060.271000,187.708000,1.927000,51.844000,49.917000,52.847000,876.844000,823.997000,877.901000,1068.980000,191.079000
2.047000,42.805000,40.758000,43.849000,984.230000,940.381000,985.291000,1050.987000,65.696000,1.917000,19.891000,17.974000,20.893000,962.542000,941.649000,963.604000,1006.982000,43.378000,1.914000,25.329000,23.415000,26.324000,967.985000,941.661000,969.045000,1015.851000,46.806000,1.917000,30.699000,28.782000,31.707000,973.304000,941.597000,974.368000,1024.974000,50.606000,1.906000,35.007000,33.101000,36.001000,977.588000,941.587000,978.649000,1032.953000,54.304000,1.941000,41.106000,39.165000,42.110000,921.255000,879.145000,922.326000,1042.823000,120.497000,1.914000,46.733000,44.819000,47.727000,871.934000,824.207000,872.993000,1051.502000,178.509000,1.927000,52.365000,50.438000,53.373000,877.357000,823.984000,878.421000,1060.673000,182.252000
2.042000,41.707000,39.665000,42.730000,992.022000,949.292000,993.087000,1058.741000,65.654000,1.913000,19.599000,17.686000,20.594000,962.230000,941.636000,963.287000,1014.437000,51.150000,1.906000,24.881000,22.975000,25.873000,967.463000,941.590000,968.518000,1023.559000,55.041000,1.917000,30.099000,28.182000,31.098000,972.708000,941.610000,973.761000,1032.670000,58.909000,1.906000,34.253000,32.347000,35.242000,978.418000,943.176000,979.472000,1040.406000,60.934000,1.920000,40.201000,38.281000,41.196000,920.346000,879.150000,921.406000,1050.515000,129.109000,1.906000,45.687000,43.781000,46.674000,870.847000,824.173000,871.897000,1059.633000,187.736000,1.927000,51.175000,49.248000,52.178000,876.170000,823.992000,877.227000,1068.344000,191.117000
2.049000,42.912000,40.863000,43.960000,984.228000,940.268000,985.291000,1050.993000,65.702000,1.917000,20.010000,18.093000,21.012000,962.655000,941.643000,963.717000,1006.904000,43.187000,1.914000,25.354000,23.440000,26.349000,967.974000,941.625000,969.034000,1015.773000,46.739000,1.917000,30.721000,28.804000,31.729000,973.357000,941.628000,974.421000,1024.896000,50.475000,1.916000,35.034000,33.118000,36.028000,979.201000,943.173000,980.262000,1032.875000,52.613000,1.924000,41.132000,39.208000,42.136000,921.277000,879.141000,922.348000,1042.745000,120.397000,1.914000,46.756000,44.842000,47.750000,871.921000,824.171000,872.980000,1051.424000,178.444000,1.927000,52.385000,50.458000,53.393000,877.384000,823.991000,878.448000,1060.601000,182.153000
2.187000,42.020000,39.833000,43.048000,987.697000,944.649000,988.758000,1054.394000,65.636000,1.913000,19.821000,17.908000,20.816000,962.228000,941.412000,963.285000,1010.109000,46.824000,1.906000,25.098000,23.192000,26.090000,967.687000,941.597000,968.742000,1019.227000,50.485000,1.917000,30.314000,28.397000,31.313000,972.867000,941.554000,973.920000,1028.332000,54.412000,1.906000,34.474000,32.568000,35.463000,978.596000,943.133000,979.650000,1036.064000,56.414000,1.920000,40.413000,38.493000,41.408000,920.518000,879.110000,921.578000,1046.171000,124.593000,1.906000,46.004000,44.098000,46.991000,870.984000,823.993000,872.034000,1055.285000,183.251000,1.927000,51.487000,49.560000,52.490000,876.443000,823.953000,877.500000,1063.992000,186.492000
2.047000,42.816000,40.769000,43.851000,988.269000,944.418000,989.345000,1055.064000,65.719000,1.917000,19.881000,17.964000,20.883000,962.606000,941.723000,963.671000,1011.083000,47.412000,1.914000,25.315000,23.401000,26.310000,968.051000,941.741000,969.114000,1019.957000,50.843000,1.917000,30.681000,28.764000,31.689000,973.629000,941.940000,974.696000,1029.080000,54.384000,1.906000,35.143000,33.237000,36.137000,979.385000,943.248000,980.449000,1037.059000,56.610000,1.919000,41.138000,39.219000,42.142000,921.296000,879.154000,922.370000,1046.929000,124.559000,1.914000,46.755000,44.841000,47.749000,871.924000,824.175000,872.986000,1055.610000,182.624000,1.927000,52.393000,50.466000,53.404000,877.494000,824.090000,878.561000,1064.789000,186.228000
2.042000,49.717000,47.675000,50.840000,1013.370000,962.530000,1014.448000,1081.210000,66.762000,1.913000,19.897000,17.984000,20.892000,988.949000,968.057000,990.068000,1036.158000,46.090000,1.906000,32.594000,30.688000,33.729000,978.449000,944.720000,979.614000,1045.435000,65.821000,1.917000,38.107000,36.190000,39.270000,984.650000,945.380000,985.768000,1054.940000,69.172000,1.906000,42.536000,40.630000,43.664000,997.268000,953.604000,998.356000,1062.801000,64.445000,1.920000,48.429000,46.509000,49.770000,998.823000,949.053000,999.917000,1073.013000,73.096000,1.906000,53.936000,52.030000,55.079000,879.461000,824.382000,880.552000,1082.257000,201.705000,1.927000,59.493000,57.566000,60.639000,885.361000,824.722000,886.447000,1091.090000,204.643000
2.105000,40.787000,38.682000,41.821000,999.798000,957.977000,1000.858000,1066.123000,65.265000,1.922000,20.769000,18.847000,21.790000,962.490000,940.700000,963.534000,1023.443000,59.909000,1.941000,25.842000,23.901000,26.848000,971.533000,944.685000,972.607000,1032.307000,59.700000,1.957000,30.862000,28.905000,31.870000,977.034000,945.164000,978.103000,1041.121000,63.018000,1.917000,34.735000,32.818000,35.742000,977.071000,941.329000,978.136000,1048.993000,70.857000,1.942000,40.567000,38.625000,41.585000,990.691000,949.106000,991.772000,1058.884000,67.112000,1.944000,45.983000,44.039000,46.986000,871.314000,824.328000,872.378000,1067.653000,195.275000,1.917000,51.367000,49.450000,52.367000,876.490000,824.123000,877.539000,1076.832000,199.293000
2.035000,41.958000,39.923000,42.992000,991.845000,948.853000,992.904000,1058.608000,65.704000,1.910000,19.705000,17.795000,20.707000,961.360000,940.653000,962.414000,1014.045000,51.631000,1.923000,24.982000,23.059000,25.979000,970.668000,944.689000,971.745000,1023.190000,51.445000,1.941000,30.305000,28.364000,31.310000,976.469000,945.159000,977.541000,1032.545000,55.004000,1.906000,34.618000,32.712000,35.604000,976.917000,941.313000,977.983000,1040.302000,62.319000,1.950000,40.467000,38.517000,41.476000,990.570000,949.094000,991.650000,1050.382000,58.732000,1.933000,45.964000,44.031000,46.966000,871.261000,824.295000,872.328000,1059.554000,187.226000,1.897000,51.467000,49.570000,52.454000,876.550000,824.096000,877.600000,1068.276000,190.676000
2.017000,40.713000,38.696000,41.769000,995.096000,953.327000,996.164000,1061.379000,65.215000,1.909000,19.464000,17.555000,20.459000,961.102000,940.643000,962.157000,1017.534000,55.377000,1.918000,24.592000,22.674000,25.588000,970.258000,944.670000,971.332000,1026.427000,55.095000,1.936000,29.663000,27.727000,30.667000,975.810000,945.143000,976.879000,1035.272000,58.393000,1.918000,33.665000,31.747000,34.653000,975.966000,941.313000,977.031000,1043.269000,66.238000,1.932000,39.454000,37.522000,40.466000,989.567000,949.101000,990.648000,1053.122000,62.474000,1.920000,44.807000,42.887000,45.806000,870.127000,824.321000,871.189000,1061.845000,190.656000,1.892000,50.170000,48.278000,51.156000,875.256000,824.100000,876.303000,1071.001000,194.698000
2.049000,41.840000,39.791000,42.864000,1005.057000,962.193000,1006.099000,1071.762000,65.663000,1.909000,19.758000,17.849000,20.754000,961.173000,940.419000,962.227000,1027.153000,64.926000,1.922000,24.938000,23.016000,25.935000,970.598000,944.663000,971.675000,1036.294000,64.619000,1.940000,30.156000,28.216000,31.161000,976.261000,945.100000,977.333000,1045.645000,68.312000,1.902000,34.312000,32.410000,35.299000,976.570000,941.271000,977.636000,1053.402000,75.766000,1.932000,40.262000,38.330000,41.271000,990.325000,949.054000,991.405000,1063.476000,72.071000,1.932000,45.750000,43.818000,46.752000,870.932000,824.180000,871.999000,1072.640000,200.641000,1.896000,51.288000,49.392000,52.275000,876.336000,824.061000,877.386000,1081.354000,203.968000
2.021000,40.778000,38.757000,41.799000,995.115000,953.316000,996.181000,1061.388000,65.207000,1.909000,19.747000,17.838000,20.742000,961.385000,940.643000,962.440000,1017.822000,55.382000,1.918000,24.872000,22.954000,25.868000,970.518000,944.650000,971.592000,1026.719000,55.127000,1.936000,30.052000,28.116000,31.056000,976.200000,945.144000,977.269000,1035.568000,58.299000,1.906000,34.039000,32.133000,35.040000,976.359000,941.319000,977.424000,1043.567000,66.143000,1.932000,39.829000,37.897000,40.841000,989.941000,949.100000,991.022000,1053.418000,62.396000,1.920000,45.197000,43.277000,46.196000,870.515000,824.319000,871.577000,1062.143000,190.566000,1.892000,50.555000,48.663000,51.541000,875.647000,824.106000,876.694000,1071.295000,194.601000
2.068000,41.881000,39.813000,42.910000,1016.336000,973.426000,1017.400000,1084.929000,67.529000,1.909000,19.883000,17.974000,20.879000,962.015000,941.136000,963.072000,1038.721000,75.649000,1.922000,25.169000,23.247000,26.166000,971.633000,945.467000,972.713000,1048.198000,75.485000,1.940000,30.380000,28.440000,31.385000,977.322000,945.937000,978.413000,1057.792000,79.379000,1.905000,34.535000,32.630000,35.521000,977.327000,941.806000,978.396000,1066.489000,88.093000,1.932000,40.481000,38.549000,41.490000,991.232000,949.742000,992.323000,1076.680000,84.357000,1.932000,46.084000,44.152000,47.086000,872.403000,825.317000,873.484000,1086.034000,212.550000,1.896000,51.578000,49.682000,52.565000,877.547000,824.982000,878.600000,1094.748000,216.148000
2.073000,43.092000,41.019000,44.122000,995.701000,951.579000,996.788000,1062.395000,65.607000,1.934000,20.513000,18.579000,21.508000,973.979000,952.471000,975.085000,1018.845000,43.760000,1.941000,25.950000,24.009000,26.946000,920.196000,893.250000,921.258000,1027.779000,106.521000,1.936000,31.375000,29.439000,32.379000,992.165000,959.786000,993.240000,1036.717000,43.477000,1.906000,35.864000,33.958000,36.851000,924.539000,887.688000,925.593000,1044.761000,119.168000,1.942000,41.858000,39.916000,42.870000,1006.098000,963.228000,1007.171000,1054.667000,47.496000,1.920000,47.509000,45.589000,48.508000,889.427000,840.919000,890.485000,1063.398000,172.913000,1.892000,53.143000,51.251000,54.129000,891.473000,837.344000,892.519000,1072.614000,180.095000
2.086000,42.086000,40.000000,43.120000,983.206000,940.086000,984.272000,1049.910000,65.638000,1.912000,21.365000,19.453000,22.361000,963.016000,940.655000,964.057000,1007.038000,42.981000,1.932000,26.617000,24.685000,27.625000,905.111000,877.486000,906.177000,1016.116000,109.939000,1.948000,31.962000,30.014000,32.969000,978.142000,945.173000,979.203000,1025.426000,46.223000,1.916000,35.993000,34.077000,36.986000,911.346000,874.360000,912.399000,1033.037000,120.638000,1.968000,42.004000,40.036000,43.029000,992.079000,949.050000,993.146000,1043.149000,50.003000,1.909000,47.596000,45.687000,48.592000,879.832000,831.240000,880.880000,1052.356000,171.476000,1.904000,53.127000,51.223000,54.124000,885.170000,831.046000,886.215000,1061.075000,174.860000
2.034000,42.951000,40.917000,43.982000,992.268000,948.286000,993.428000,1060.453000,67.025000,1.907000,20.201000,18.294000,21.194000,969.863000,948.669000,970.958000,1015.775000,44.817000,1.931000,25.804000,23.873000,26.813000,989.380000,962.567000,990.477000,1025.053000,34.576000,1.934000,31.092000,29.158000,32.100000,983.530000,951.430000,984.665000,1034.314000,49.649000,1.911000,35.391000,33.480000,36.388000,993.326000,956.938000,994.407000,1042.697000,48.290000,1.950000,41.492000,39.542000,42.513000,1006.577000,964.064000,1007.719000,1052.403000,44.684000,1.916000,47.256000,45.340000,48.251000,884.300000,836.049000,885.404000,1061.459000,176.055000,1.900000,52.893000,50.993000,53.881000,897.383000,843.502000,898.577000,1070.531000,171.954000
2.069000,40.837000,38.768000,41.866000,995.499000,953.633000,996.559000,1062.533000,65.974000,1.924000,20.839000,18.915000,21.867000,962.378000,940.511000,963.429000,1019.221000,55.792000,1.937000,26.090000,24.153000,27.124000,967.818000,940.694000,968.870000,1028.567000,59.697000,1.938000,31.020000,29.082000,32.047000,972.792000,940.745000,973.839000,1037.620000,63.781000,1.914000,34.918000,33.004000,35.957000,977.806000,941.849000,978.855000,1045.500000,66.645000,1.930000,40.719000,38.789000,41.757000,986.921000,945.164000,987.974000,1055.366000,67.392000,1.930000,46.113000,44.183000,47.135000,870.756000,823.621000,871.798000,1064.341000,192.543000,1.921000,51.502000,49.581000,52.533000,875.877000,823.344000,876.929000,1073.319000,196.390000
2.049000,40.856000,38.807000,41.890000,990.873000,948.983000,991.929000,1057.888000,65.959000,1.929000,19.599000,17.670000,20.608000,961.263000,940.655000,962.328000,1013.683000,51.355000,1.912000,24.707000,22.795000,25.712000,966.361000,940.649000,967.423000,1022.816000,55.393000,1.914000,29.848000,27.934000,30.850000,971.543000,940.693000,972.604000,1031.904000,59.300000,1.905000,33.814000,31.909000,34.814000,976.633000,941.819000,977.696000,1040.127000,62.431000,1.925000,39.612000,37.687000,40.633000,985.772000,945.139000,986.845000,1049.709000,62.864000,1.908000,44.990000,43.082000,45.987000,869.466000,823.479000,870.524000,1058.670000,188.146000,1.921000,50.465000,48.544000,51.479000,874.778000,823.299000,875.838000,1067.621000,191.783000
2.003000,41.626000,39.623000,42.635000,996.255000,953.620000,997.310000,1063.246000,65.936000,1.919000,19.855000,17.936000,20.857000,961.513000,940.656000,962.575000,1018.974000,56.399000,1.909000,25.112000,23.203000,26.110000,966.750000,940.640000,967.813000,1028.356000,60.543000,1.912000,30.336000,28.424000,31.329000,972.027000,940.698000,973.085000,1037.448000,64.363000,1.903000,34.467000,32.564000,35.459000,977.264000,941.805000,978.324000,1045.438000,67.114000,1.922000,40.408000,38.486000,41.414000,986.540000,945.126000,987.606000,1055.270000,67.664000,1.902000,45.912000,44.010000,46.898000,870.346000,823.448000,871.399000,1064.221000,192.822000,1.913000,51.415000,49.502000,52.416000,875.708000,823.292000,876.759000,1073.158000,196.399000
2.049000,40.861000,38.812000,41.893000,986.407000,944.514000,987.468000,1053.443000,65.975000,1.927000,19.814000,17.887000,20.817000,961.287000,940.470000,962.352000,1009.241000,46.889000,1.909000,24.822000,22.913000,25.821000,966.490000,940.669000,967.552000,1018.378000,50.826000,1.912000,29.894000,27.982000,30.892000,971.592000,940.700000,972.653000,1027.474000,54.821000,1.903000,33.871000,31.968000,34.867000,976.690000,941.823000,977.753000,1035.719000,57.966000,1.923000,39.671000,37.748000,40.686000,985.822000,945.136000,986.895000,1045.305000,58.410000,1.906000,45.039000,43.133000,46.032000,869.504000,823.472000,870.562000,1054.260000,183.698000,1.921000,50.495000,48.574000,51.503000,874.792000,823.289000,875.852000,1063.209000,187.357000
2.170000,41.879000,39.709000,42.903000,987.549000,944.646000,988.611000,1054.579000,65.968000,1.919000,19.816000,17.897000,20.818000,961.437000,940.619000,962.499000,1009.952000,47.453000,1.909000,25.084000,23.175000,26.082000,966.685000,940.603000,967.748000,1019.338000,51.590000,1.912000,30.298000,28.386000,31.291000,971.946000,940.655000,973.004000,1028.436000,55.432000,1.906000,34.457000,32.551000,35.449000,977.204000,941.755000,978.276000,1036.430000,58.154000,1.919000,40.383000,38.464000,41.389000,986.477000,945.088000,987.543000,1046.266000,58.723000,1.902000,45.882000,43.980000,46.868000,870.227000,823.359000,871.280000,1055.221000,183.941000,1.913000,51.385000,49.472000,52.386000,875.650000,823.264000,876.701000,1064.164000,187.463000
2.051000,40.871000,38.820000,41.913000,995.350000,953.437000,996.404000,1062.355000,65.951000,1.927000,19.553000,17.626000,20.556000,961.212000,940.656000,962.277000,1018.065000,55.788000,1.909000,24.671000,22.762000,25.670000,966.339000,940.669000,967.401000,1027.200000,59.799000,1.912000,29.753000,27.841000,30.751000,971.430000,940.679000,972.491000,1036.292000,63.801000,1.903000,33.881000,31.978000,34.877000,976.688000,941.811000,977.751000,1044.527000,66.776000,1.923000,39.584000,37.661000,40.599000,985.730000,945.131000,986.803000,1054.103000,67.300000,1.906000,44.936000,43.030000,45.929000,869.390000,823.461000,870.448000,1063.060000,192.612000,1.921000,50.394000,48.473000,51.402000,874.688000,823.286000,875.748000,1072.007000,196.259000
2.011000,41.638000,39.627000,42.652000,991.643000,948.991000,992.702000,1058.639000,65.937000,1.919000,19.629000,17.710000,20.631000,961.100000,940.469000,962.162000,1014.130000,51.968000,1.909000,24.891000,22.982000,25.889000,966.571000,940.682000,967.634000,1023.512000,55.878000,1.912000,30.112000,28.200000,31.105000,971.791000,940.686000,972.849000,1032.604000,59.755000,1.903000,34.243000,32.340000,35.234000,975.878000,940.644000,976.938000,1040.594000,63.656000,1.926000,40.184000,38.258000,41.190000,986.325000,945.135000,987.391000,1050.426000,63.035000,1.902000,45.686000,43.784000,46.672000,870.197000,823.525000,871.250000,1059.377000,188.127000,1.913000,51.187000,49.274000,52.188000,875.479000,823.291000,876.530000,1068.317000,191.787000
2.049000,40.841000,38.792000,41.885000,981.948000,940.063000,983.017000,1048.995000,65.978000,1.927000,19.485000,17.558000,20.488000,961.143000,940.655000,962.208000,1004.633000,42.425000,1.909000,24.758000,22.849000,25.757000,966.401000,940.644000,967.463000,1013.770000,46.307000,1.912000,29.728000,27.816000,30.726000,971.432000,940.706000,972.493000,1022.866000,50.373000,1.903000,33.713000,31.810000,34.723000,975.375000,940.652000,976.438000,1031.111000,54.673000,1.923000,39.499000,37.576000,40.514000,985.644000,945.130000,986.717000,1040.697000,53.980000,1.906000,44.952000,43.046000,45.945000,869.435000,823.490000,870.493000,1049.652000,179.159000,1.921000,50.307000,48.386000,51.315000,874.613000,823.298000,875.673000,1058.597000,182.924000
2.043000,41.803000,39.760000,42.841000,1005.776000,962.935000,1006.887000,1073.622000,66.735000,1.919000,19.667000,17.748000,20.669000,973.844000,953.175000,974.956000,1028.291000,53.335000,1.909000,25.090000,23.181000,26.088000,977.693000,951.605000,978.940000,1037.584000,58.644000,1.912000,30.215000,28.303000,31.208000,979.525000,948.317000,980.629000,1047.099000,66.470000,1.903000,34.359000,32.456000,35.364000,988.580000,953.216000,989.689000,1054.950000,65.261000,1.919000,40.299000,38.380000,41.305000,999.304000,957.999000,1000.418000,1065.168000,64.750000,1.902000,45.810000,43.908000,46.796000,885.248000,838.452000,886.428000,1074.227000,187.799000,1.913000,51.307000,49.394000,52.308000,882.682000,830.374000,883.762000,1083.262000,199.500000
2.086000,41.082000,38.996000,42.121000,987.795000,945.674000,988.867000,1054.097000,65.230000,1.913000,20.648000,18.735000,21.659000,963.394000,941.735000,964.439000,1011.377000,46.938000,1.939000,25.761000,23.822000,26.799000,973.080000,946.281000,974.134000,1020.217000,46.083000,1.940000,30.907000,28.967000,31.939000,973.725000,941.786000,974.768000,1029.044000,54.276000,1.927000,34.927000,33.000000,35.950000,981.925000,945.975000,982.975000,1036.926000,53.951000,1.915000,40.658000,38.743000,41.681000,987.834000,946.153000,988.886000,1046.789000,57.903000,1.921000,46.105000,44.184000,47.138000,871.524000,824.386000,872.590000,1055.746000,183.156000,1.916000,51.579000,49.663000,52.598000,876.846000,824.248000,877.886000,1064.722000,186.836000
2.044000,41.752000,39.708000,42.788000,984.135000,941.347000,985.200000,1050.836000,65.636000,1.904000,19.807000,17.903000,20.799000,962.444000,941.645000,963.501000,1006.504000,43.003000,1.924000,25.080000,23.156000,26.095000,972.299000,946.204000,973.368000,1015.617000,42.249000,1.917000,30.291000,28.374000,31.299000,972.986000,941.687000,974.043000,1024.981000,50.938000,1.914000,34.582000,32.668000,35.579000,981.519000,945.940000,982.581000,1032.703000,50.122000,1.920000,40.424000,38.504000,41.438000,987.562000,946.124000,988.628000,1042.775000,54.147000,1.912000,45.908000,43.996000,46.915000,871.116000,824.201000,872.176000,1051.686000,179.510000,1.911000,51.407000,49.496000,52.407000,876.521000,824.114000,877.575000,1060.631000,183.056000
2.045000,40.894000,38.849000,41.937000,992.051000,950.114000,993.120000,1058.309000,65.189000,1.904000,19.523000,17.619000,20.512000,962.155000,941.643000,963.211000,1014.509000,51.298000,1.918000,24.725000,22.807000,25.727000,971.907000,946.180000,972.971000,1023.379000,50.408000,1.913000,29.789000,27.876000,30.785000,972.472000,941.687000,973.526000,1032.243000,58.717000,1.918000,33.798000,31.880000,34.802000,980.735000,945.933000,981.796000,1040.242000,58.446000,1.920000,39.577000,37.657000,40.580000,986.521000,945.941000,987.586000,1050.069000,62.483000,1.912000,44.926000,43.014000,45.925000,870.136000,824.211000,871.195000,1058.988000,187.793000,1.901000,50.389000,48.488000,51.382000,875.480000,824.098000,876.529000,1067.931000,191.402000
2.050000,41.792000,39.742000,42.829000,988.478000,945.649000,989.545000,1055.204000,65.659000,1.904000,19.683000,17.779000,20.671000,962.321000,941.650000,963.378000,1010.698000,47.320000,1.922000,25.133000,23.211000,26.142000,972.316000,946.174000,973.385000,1019.817000,46.432000,1.917000,30.244000,28.327000,31.245000,972.928000,941.683000,973.985000,1029.189000,55.204000,1.915000,34.396000,32.481000,35.390000,981.323000,945.933000,982.385000,1036.937000,54.552000,1.918000,40.332000,38.414000,41.338000,987.460000,946.122000,988.526000,1047.003000,58.477000,1.908000,45.814000,43.906000,46.816000,870.992000,824.176000,872.052000,1055.910000,183.858000,1.909000,51.307000,49.398000,52.303000,876.405000,824.102000,877.459000,1064.855000,187.396000
2.044000,40.725000,38.681000,41.763000,987.586000,945.823000,988.664000,1053.873000,65.209000,1.904000,19.518000,17.614000,20.507000,962.167000,941.660000,963.223000,1010.037000,46.814000,1.918000,24.791000,22.873000,25.793000,971.948000,946.155000,973.012000,1018.909000,45.897000,1.913000,29.746000,27.833000,30.742000,972.421000,941.679000,973.475000,1027.777000,54.302000,1.918000,33.745000,31.827000,34.735000,980.849000,946.114000,981.910000,1035.778000,53.868000,1.918000,39.520000,37.602000,40.523000,986.642000,946.119000,987.707000,1045.609000,57.902000,1.912000,44.854000,42.942000,45.853000,870.044000,824.191000,871.103000,1054.532000,183.429000,1.901000,50.199000,48.298000,51.192000,875.290000,824.098000,876.339000,1063.479000,187.140000
2.037000,41.820000,39.783000,42.860000,992.974000,950.114000,994.030000,1059.659000,65.629000,1.904000,19.679000,17.775000,20.667000,962.269000,941.602000,963.326000,1015.192000,51.866000,1.922000,24.991000,23.069000,26.000000,972.154000,946.154000,973.223000,1024.307000,51.084000,1.917000,30.195000,28.278000,31.196000,972.847000,941.651000,973.904000,1033.675000,59.771000,1.914000,34.338000,32.424000,35.332000,981.406000,946.074000,982.468000,1041.405000,58.937000,1.918000,40.276000,38.358000,41.282000,987.185000,945.903000,988.251000,1051.473000,63.222000,1.908000,45.860000,43.952000,46.862000,870.881000,824.019000,871.941000,1060.376000,188.435000,1.909000,51.353000,49.444000,52.353000,876.417000,824.064000,877.471000,1069.319000,191.848000
2.200000,41.025000,38.825000,42.053000,996.811000,954.758000,997.872000,1063.066000,65.194000,1.904000,19.768000,17.864000,20.757000,962.408000,941.651000,963.464000,1019.309000,55.845000,1.918000,24.891000,22.973000,25.893000,972.074000,946.181000,973.138000,1028.179000,55.041000,1.913000,29.948000,28.035000,30.949000,972.610000,941.661000,973.664000,1037.043000,63.379000,1.918000,33.950000,32.032000,34.940000,981.054000,946.114000,982.115000,1045.042000,62.927000,1.927000,39.717000,37.790000,40.720000,986.842000,946.122000,987.907000,1054.869000,66.962000,1.912000,45.058000,43.146000,46.057000,870.293000,824.236000,871.352000,1063.788000,192.436000,1.901000,50.405000,48.504000,51.403000,875.498000,824.095000,876.547000,1072.736000,196.189000
2.038000,41.792000,39.754000,42.818000,988.506000,945.688000,989.565000,1055.220000,65.655000,1.904000,19.699000,17.795000,20.687000,962.333000,941.646000,963.390000,1010.738000,47.348000,1.922000,24.986000,23.064000,25.995000,972.168000,946.173000,973.237000,1019.857000,46.620000,1.917000,30.199000,28.282000,31.200000,972.876000,941.676000,973.933000,1029.229000,55.296000,1.914000,34.514000,32.600000,35.521000,981.454000,945.933000,982.516000,1036.969000,54.453000,1.925000,40.358000,38.433000,41.364000,987.486000,946.122000,988.552000,1047.043000,58.491000,1.908000,45.849000,43.941000,46.851000,871.011000,824.160000,872.071000,1055.952000,183.881000,1.909000,51.338000,49.429000,52.337000,876.438000,824.101000,877.492000,1064.899000,187.407000
2.048000,40.640000,38.592000,41.670000,1004.178000,962.508000,1005.293000,1072.183000,66.890000,1.904000,19.537000,17.633000,20.526000,962.169000,941.643000,963.225000,1027.440000,64.215000,1.918000,24.658000,22.740000,25.660000,971.835000,946.175000,972.899000,1037.015000,64.116000,1.913000,29.717000,27.804000,30.713000,972.374000,941.661000,973.428000,1045.806000,72.378000,1.918000,33.713000,31.795000,34.704000,980.637000,945.933000,981.705000,1054.286000,72.581000,1.928000,39.487000,37.559000,40.490000,986.615000,946.125000,987.680000,1064.027000,76.347000,1.912000,44.828000,42.916000,45.827000,870.057000,824.230000,871.116000,1072.865000,201.749000,1.901000,50.177000,48.276000,51.170000,875.270000,824.100000,876.319000,1081.946000,205.627000
2.133000,41.275000,39.142000,42.313000,996.010000,953.697000,997.065000,1063.583000,66.518000,1.908000,20.826000,18.918000,21.835000,975.923000,954.088000,977.002000,1019.619000,42.617000,1.930000,25.890000,23.960000,26.920000,976.916000,949.996000,978.019000,1028.939000,50.920000,1.923000,31.219000,29.296000,32.234000,986.177000,953.943000,987.251000,1038.248000,50.997000,1.909000,35.010000,33.101000,36.027000,990.066000,954.039000,991.140000,1046.146000,55.006000,1.899000,40.838000,38.939000,41.844000,1000.345000,958.501000,1001.421000,1056.041000,54.620000,1.921000,46.251000,44.330000,47.284000,871.876000,824.592000,872.945000,1065.242000,192.297000,1.921000,51.792000,49.871000,52.818000,878.008000,825.190000,879.082000,1074.210000,195.128000
2.044000,40.989000,38.945000,42.030000,990.986000,948.956000,992.046000,1057.505000,65.459000,1.897000,20.021000,18.124000,21.011000,970.293000,949.282000,971.355000,1014.214000,42.859000,1.913000,25.356000,23.443000,26.360000,975.734000,949.374000,976.800000,1023.336000,46.536000,1.911000,30.458000,28.547000,31.454000,985.163000,953.709000,986.214000,1032.180000,45.966000,1.891000,34.452000,32.561000,35.437000,989.256000,953.819000,990.313000,1040.422000,50.109000,1.911000,40.247000,38.336000,41.239000,995.064000,953.825000,996.127000,1050.011000,53.884000,1.913000,45.594000,43.681000,46.597000,870.660000,824.063000,871.720000,1058.724000,187.004000,1.903000,50.956000,49.053000,51.954000,877.321000,825.367000,878.377000,1067.660000,189.283000
2.040000,41.994000,39.954000,43.025000,996.650000,953.625000,997.707000,1064.151000,66.444000,1.906000,19.735000,17.829000,20.724000,969.998000,949.274000,971.063000,1019.087000,48.024000,1.913000,25.011000,23.098000,26.009000,975.287000,949.278000,976.354000,1028.480000,52.126000,1.900000,30.244000,28.344000,31.235000,984.971000,953.736000,986.023000,1037.832000,51.809000,1.896000,34.399000,32.503000,35.384000,989.240000,953.856000,990.300000,1045.839000,55.539000,1.900000,40.340000,38.440000,41.328000,995.201000,953.873000,996.267000,1055.692000,59.425000,1.910000,45.835000,43.925000,46.834000,871.011000,824.177000,872.070000,1064.845000,192.775000,1.910000,51.462000,49.552000,52.458000,877.867000,825.409000,878.924000,1073.782000,194.858000
2.026000,40.654000,38.628000,41.672000,990.646000,948.974000,991.704000,1057.140000,65.436000,1.894000,19.714000,17.820000,20.698000,969.964000,949.266000,971.026000,1013.456000,42.430000,1.909000,24.726000,22.817000,25.723000,975.002000,949.279000,976.066000,1022.580000,46.514000,1.908000,29.795000,27.887000,30.792000,984.534000,953.742000,985.585000,1031.428000,45.843000,1.888000,33.789000,31.901000,34.773000,988.629000,953.856000,989.686000,1039.680000,49.994000,1.904000,39.573000,37.669000,40.560000,994.424000,953.864000,995.487000,1049.263000,53.776000,1.910000,44.912000,43.002000,45.914000,870.082000,824.168000,871.142000,1057.970000,186.828000,1.902000,50.268000,48.366000,51.261000,876.658000,825.397000,877.714000,1066.895000,189.181000
2.040000,41.805000,39.765000,42.829000,991.988000,949.159000,993.045000,1059.481000,66.436000,1.906000,19.627000,17.721000,20.616000,969.890000,949.274000,970.955000,1014.431000,43.476000,1.913000,24.899000,22.986000,25.897000,975.190000,949.293000,976.257000,1023.824000,47.567000,1.900000,30.123000,28.223000,31.114000,984.856000,953.742000,985.908000,1033.176000,47.268000,1.905000,34.290000,32.385000,35.274000,989.129000,953.855000,990.189000,1041.183000,50.994000,1.900000,40.220000,38.320000,41.208000,995.075000,953.867000,996.141000,1051.036000,54.895000,1.910000,45.729000,43.819000,46.728000,870.912000,824.184000,871.971000,1060.189000,188.218000,1.910000,51.326000,49.416000,52.322000,877.734000,825.412000,878.791000,1069.124000,190.333000
2.188000,40.810000,38.622000,41.833000,986.344000,944.511000,987.407000,1052.866000,65.459000,1.894000,19.772000,17.878000,20.756000,970.022000,949.266000,971.084000,1009.122000,38.038000,1.909000,24.882000,22.973000,25.879000,975.158000,949.279000,976.222000,1018.248000,42.026000,1.908000,29.959000,28.051000,30.951000,984.693000,953.742000,985.744000,1027.106000,41.362000,1.888000,33.958000,32.070000,34.941000,988.792000,953.851000,989.853000,1035.364000,45.511000,1.896000,39.742000,37.846000,40.729000,994.592000,953.863000,995.655000,1044.957000,49.302000,1.910000,45.088000,43.178000,46.090000,870.242000,824.152000,871.302000,1053.662000,182.360000,1.902000,50.444000,48.542000,51.437000,876.841000,825.404000,877.897000,1062.593000,184.696000
2.202000,41.981000,39.779000,43.012000,996.605000,953.593000,997.658000,1064.090000,66.432000,1.906000,20.006000,18.100000,20.995000,970.227000,949.232000,971.292000,1019.165000,47.873000,1.913000,25.285000,23.372000,26.283000,975.536000,949.253000,976.603000,1028.558000,51.955000,1.900000,30.512000,28.612000,31.503000,985.204000,953.701000,986.256000,1037.910000,51.654000,1.896000,34.669000,32.773000,35.654000,989.468000,953.814000,990.528000,1045.917000,55.389000,1.894000,40.614000,38.720000,41.602000,995.429000,953.827000,996.495000,1055.770000,59.275000,1.910000,46.097000,44.187000,47.096000,871.144000,824.048000,872.203000,1064.923000,192.720000,1.910000,51.683000,49.773000,52.679000,878.055000,825.376000,879.112000,1073.858000,194.746000
2.026000,40.663000,38.637000,41.684000,990.675000,948.991000,991.735000,1057.169000,65.434000,1.894000,19.591000,17.697000,20.575000,969.845000,949.270000,970.907000,1013.524000,42.617000,1.909000,24.719000,22.810000,25.716000,975.002000,949.286000,976.066000,1022.646000,46.580000,1.908000,29.787000,27.879000,30.779000,984.522000,953.743000,985.573000,1031.494000,45.921000,1.888000,33.942000,32.054000,34.926000,988.784000,953.858000,989.841000,1039.744000,49.903000,1.899000,39.627000,37.728000,40.614000,994.478000,953.864000,995.541000,1049.329000,53.788000,1.910000,44.966000,43.056000,45.968000,870.121000,824.153000,871.181000,1058.036000,186.855000,1.902000,50.318000,48.416000,51.311000,876.708000,825.397000,877.764000,1066.961000,189.197000
2.040000,41.890000,39.850000,42.923000,983.159000,940.236000,984.227000,1050.687000,66.460000,1.906000,19.655000,17.749000,20.644000,969.920000,949.276000,970.985000,1005.605000,34.620000,1.913000,24.933000,23.020000,25.931000,975.222000,949.291000,976.289000,1015.002000,38.713000,1.900000,30.180000,28.280000,31.331000,985.073000,953.742000,986.125000,1024.360000,38.235000,1.896000,34.384000,32.488000,35.368000,989.219000,953.851000,990.279000,1032.371000,42.092000,1.900000,40.323000,38.423000,41.311000,995.178000,953.867000,996.244000,1042.228000,45.984000,1.910000,45.893000,43.983000,46.892000,871.077000,824.185000,872.136000,1051.385000,179.249000,1.910000,51.392000,49.482000,52.388000,877.794000,825.406000,878.851000,1060.322000,181.471000
2.022000,40.631000,38.609000,41.666000,998.010000,956.344000,999.105000,1065.807000,66.702000,1.894000,19.455000,17.561000,20.439000,968.974000,948.535000,970.055000,1020.978000,50.923000,1.909000,24.563000,22.654000,25.560000,984.119000,958.559000,985.220000,1029.982000,44.762000,1.908000,29.646000,27.738000,30.638000,993.861000,963.223000,995.064000,1039.277000,44.213000,1.895000,33.638000,31.743000,34.621000,985.419000,950.798000,986.506000,1047.645000,61.139000,1.896000,39.423000,37.527000,40.410000,992.298000,951.888000,993.389000,1057.347000,63.958000,1.910000,44.774000,42.864000,45.776000,875.683000,829.907000,876.771000,1066.163000,189.392000,1.902000,50.132000,48.230000,51.125000,884.144000,833.019000,885.235000,1075.431000,190.196000
2.098000,41.023000,38.925000,42.064000,982.320000,940.256000,983.383000,1049.069000,65.686000,1.898000,20.501000,18.603000,21.505000,962.169000,940.664000,963.216000,1005.683000,42.467000,1.920000,25.763000,23.843000,26.797000,967.478000,940.681000,968.529000,1014.759000,46.230000,1.964000,30.704000,28.740000,31.760000,972.017000,940.257000,973.076000,1023.820000,50.744000,1.925000,34.622000,32.697000,35.647000,977.482000,941.835000,978.540000,1031.725000,53.185000,1.916000,40.424000,38.508000,41.453000,986.599000,945.146000,987.653000,1041.588000,53.935000,1.903000,45.833000,43.930000,46.850000,870.181000,823.331000,871.222000,1050.789000,179.567000,1.911000,51.339000,49.428000,52.362000,877.934000,825.572000,878.977000,1059.509000,180.532000
2.046000,40.772000,38.726000,41.812000,995.213000,953.401000,996.274000,1061.957000,65.683000,1.889000,19.786000,17.897000,20.773000,961.379000,940.606000,962.436000,1018.027000,55.591000,1.925000,24.807000,22.882000,25.822000,966.442000,940.620000,967.511000,1026.887000,59.376000,1.942000,29.875000,27.933000,30.896000,971.050000,940.154000,972.114000,1036.016000,63.902000,1.909000,33.868000,31.959000,34.866000,975.479000,940.613000,976.543000,1044.258000,67.715000,1.918000,39.656000,37.738000,40.648000,985.732000,945.084000,986.794000,1053.831000,67.037000,1.901000,45.022000,43.121000,46.010000,869.288000,823.278000,870.341000,1062.555000,192.214000,1.903000,50.381000,48.478000,51.377000,876.458000,825.081000,877.511000,1071.709000,194.198000
2.053000,41.775000,39.722000,42.810000,996.433000,953.623000,997.487000,1063.140000,65.653000,1.896000,19.696000,17.800000,20.680000,961.323000,940.643000,962.385000,1018.860000,56.475000,1.915000,24.960000,23.045000,25.966000,966.607000,940.641000,967.671000,1027.963000,60.292000,1.943000,30.181000,28.238000,31.205000,971.392000,940.187000,972.463000,1037.070000,64.607000,1.912000,34.325000,32.413000,35.319000,975.976000,940.657000,977.047000,1045.065000,68.018000,1.904000,40.269000,38.365000,41.262000,986.386000,945.124000,987.455000,1054.898000,67.443000,1.898000,45.784000,43.886000,46.769000,870.187000,823.418000,871.241000,1064.066000,192.825000,1.904000,51.280000,49.376000,52.269000,877.377000,825.108000,878.433000,1072.771000,194.338000
2.040000,40.802000,38.762000,41.824000,990.825000,949.001000,991.888000,1057.543000,65.655000,1.888000,19.778000,17.890000,20.759000,961.409000,940.650000,962.466000,1013.583000,51.117000,1.923000,24.695000,22.772000,25.704000,966.358000,940.654000,967.427000,1022.443000,55.016000,1.939000,29.784000,27.845000,30.799000,971.011000,940.212000,972.075000,1031.572000,59.497000,1.908000,33.758000,31.850000,34.743000,975.392000,940.649000,976.456000,1039.810000,63.354000,1.905000,39.539000,37.634000,40.523000,985.644000,945.121000,986.706000,1049.373000,62.667000,1.898000,44.894000,42.996000,45.876000,869.320000,823.444000,870.373000,1058.091000,187.718000,1.900000,50.374000,48.474000,51.362000,876.474000,825.112000,877.527000,1067.237000,189.710000
