Th 0 SCATTER_S,Th 0 SCATTER_E,Th 0 SCATTER_D,Th 1 SCATTER_S,Th 1 SCATTER_E,Th 1 SCATTER_D,Th 2 SCATTER_S,Th 2 SCATTER_E,Th 2 SCATTER_D,Th 3 SCATTER_S,Th 3 SCATTER_E,Th 3 SCATTER_D,Th 4 SCATTER_S,Th 4 SCATTER_E,Th 4 SCATTER_D,Th 5 SCATTER_S,Th 5 SCATTER_E,Th 5 SCATTER_D,Th 6 SCATTER_S,Th 6 SCATTER_E,Th 6 SCATTER_D,Th 7 SCATTER_S,Th 7 SCATTER_E,Th 7 SCATTER_D,Th 8 SCATTER_S,Th 8 SCATTER_E,Th 8 SCATTER_D,Th 9 SCATTER_S,Th 9 SCATTER_E,Th 9 SCATTER_D,Th 10 SCATTER_S,Th 10 SCATTER_E,Th 10 SCATTER_D,Th 11 SCATTER_S,Th 11 SCATTER_E,Th 11 SCATTER_D,Th 12 SCATTER_S,Th 12 SCATTER_E,Th 12 SCATTER_D,Th 13 SCATTER_S,Th 13 SCATTER_E,Th 13 SCATTER_D,Th 14 SCATTER_S,Th 14 SCATTER_E,Th 14 SCATTER_D,Th 15 SCATTER_S,Th 15 SCATTER_E,Th 15 SCATTER_D,Th 16 SCATTER_S,Th 16 SCATTER_E,Th 16 SCATTER_D,Th 17 SCATTER_S,Th 17 SCATTER_E,Th 17 SCATTER_D,Th 18 SCATTER_S,Th 18 SCATTER_E,Th 18 SCATTER_D,Th 19 SCATTER_S,Th 19 SCATTER_E,Th 19 SCATTER_D,Th 20 SCATTER_S,Th 20 SCATTER_E,Th 20 SCATTER_D,Th 21 SCATTER_S,Th 21 SCATTER_E,Th 21 SCATTER_D,Th 22 SCATTER_S,Th 22 SCATTER_E,Th 22 SCATTER_D,Th 23 SCATTER_S,Th 23 SCATTER_E,Th 23 SCATTER_D,Th 24 SCATTER_S,Th 24 SCATTER_E,Th 24 SCATTER_D,Th 25 SCATTER_S,Th 25 SCATTER_E,Th 25 SCATTER_D,Th 26 SCATTER_S,Th 26 SCATTER_E,Th 26 SCATTER_D,Th 27 SCATTER_S,Th 27 SCATTER_E,Th 27 SCATTER_D,Th 28 SCATTER_S,Th 28 SCATTER_E,Th 28 SCATTER_D,Th 29 SCATTER_S,Th 29 SCATTER_E,Th 29 SCATTER_D,Th 30 SCATTER_S,Th 30 SCATTER_E,Th 30 SCATTER_D,Th 31 SCATTER_S,Th 31 SCATTER_E,Th 31 SCATTER_D
2.203000,34179.286000,34177.083000,1.824000,79.497000,77.673000,1.724000,80.299000,78.575000,1.980000,78.747000,76.767000,1.698000,79.676000,77.978000,1.640000,420.859000,419.219000,1.602000,74.372000,72.770000,1.783000,76.923000,75.140000,1.589000,83.961000,82.372000,1.516000,76.569000,75.053000,1.519000,72.401000,70.882000,1.602000,77.233000,75.631000,1.626000,150.158000,148.532000,1.463000,221.881000,220.418000,1.457000,146.009000,144.552000,1.663000,227.650000,225.987000,1.568000,72.564000,70.996000,1.593000,76.082000,74.489000,1.479000,148.082000,146.603000,1.601000,232.015000,230.414000,1.741000,154.249000,152.508000,1.485000,220.400000,218.915000,1.582000,75.208000,73.626000,1.689000,154.401000,152.712000,1.654000,78.264000,76.610000,1.610000,77.181000,75.571000,1.671000,73.496000,71.825000,1.556000,75.982000,74.426000,1.464000,73.148000,71.684000,1.964000,151.614000,149.650000,1.886000,148.274000,146.388000,1.575000,74.444000,72.869000
1.334000,2182.683000,2181.349000,1.648000,318.209000,316.561000,1.415000,379.599000,378.184000,1.461000,439.054000,437.593000,1.406000,508.500000,507.094000,1.274000,564.058000,562.784000,1.381000,414.482000,413.101000,1.341000,658.532000,657.191000,1.429000,735.950000,734.521000,1.406000,815.224000,813.818000,1.414000,891.033000,889.619000,1.380000,969.006000,967.626000,1.302000,837.827000,836.525000,1.279000,1063.004000,1061.725000,1.390000,1122.364000,1120.974000,1.374000,1183.038000,1181.664000,1.354000,1270.230000,1268.876000,1.298000,1330.777000,1329.479000,1.367000,1288.560000,1287.193000,1.368000,1426.903000,1425.535000,1.326000,1477.170000,1475.844000,1.296000,1585.002000,1583.706000,1.345000,1621.595000,1620.250000,1.367000,1700.469000,1699.102000,1.428000,1688.692000,1687.264000,1.293000,1807.013000,1805.720000,1.344000,1864.347000,1863.003000,1.327000,1919.624000,1918.297000,1.311000,1974.967000,1973.656000,1.238000,2051.046000,2049.808000,1.390000,2114.381000,2112.991000,1.146000,2188.876000,2187.730000
1.140000,2059.895000,2058.755000,1.194000,170.242000,169.048000,1.307000,230.379000,229.072000,1.483000,281.056000,279.573000,1.157000,365.217000,364.060000,1.221000,429.918000,428.697000,1.162000,402.686000,401.524000,1.292000,557.800000,556.508000,1.215000,623.999000,622.784000,1.138000,692.235000,691.097000,1.263000,760.284000,759.021000,1.287000,828.792000,827.505000,1.246000,801.932000,800.686000,1.167000,951.802000,950.635000,1.189000,1017.847000,1016.658000,1.223000,1081.914000,1080.691000,1.200000,1146.834000,1145.634000,1.142000,1213.455000,1212.313000,1.181000,1198.054000,1196.873000,1.198000,1342.522000,1341.324000,1.147000,1408.632000,1407.485000,1.107000,1477.881000,1476.774000,1.174000,1544.507000,1543.333000,1.178000,1610.234000,1609.056000,1.204000,1597.224000,1596.020000,1.123000,1740.354000,1739.231000,1.203000,1807.511000,1806.308000,1.334000,1828.781000,1827.447000,1.150000,1868.472000,1867.322000,1.139000,1932.033000,1930.894000,1.136000,1994.461000,1993.325000,1.160000,2065.054000,2063.894000
1.154000,2054.092000,2052.938000,1.153000,164.630000,163.477000,1.301000,227.780000,226.479000,1.202000,281.434000,280.232000,1.119000,356.383000,355.264000,1.095000,421.865000,420.770000,1.104000,401.113000,400.009000,1.101000,546.821000,545.720000,1.142000,614.278000,613.136000,1.095000,680.618000,679.523000,1.101000,750.526000,749.425000,1.106000,818.707000,817.601000,1.111000,799.509000,798.398000,1.080000,944.927000,943.847000,1.226000,1009.088000,1007.862000,1.115000,1075.083000,1073.968000,1.189000,1140.047000,1138.858000,1.100000,1205.385000,1204.285000,1.119000,1195.839000,1194.720000,1.111000,1335.509000,1334.398000,1.142000,1400.991000,1399.849000,1.098000,1467.475000,1466.377000,1.138000,1534.046000,1532.908000,1.107000,1600.038000,1598.931000,1.152000,1592.149000,1590.997000,1.145000,1729.741000,1728.596000,1.105000,1797.090000,1795.985000,1.289000,1774.321000,1773.032000,1.103000,1862.256000,1861.153000,1.105000,1927.023000,1925.918000,1.136000,1989.877000,1988.741000,1.097000,2058.434000,2057.337000
1.264000,2063.983000,2062.719000,1.264000,162.749000,161.485000,1.433000,253.022000,251.589000,1.479000,292.307000,290.828000,1.317000,355.932000,354.615000,1.145000,421.870000,420.725000,1.145000,405.604000,404.459000,1.224000,550.486000,549.262000,1.285000,616.303000,615.018000,1.138000,682.739000,681.601000,1.159000,751.410000,750.251000,1.288000,818.658000,817.370000,1.134000,806.061000,804.927000,1.326000,948.522000,947.196000,1.244000,1013.487000,1012.243000,1.276000,1079.714000,1078.438000,1.172000,1145.463000,1144.291000,1.206000,1209.843000,1208.637000,1.241000,1205.307000,1204.066000,1.184000,1340.835000,1339.651000,1.181000,1406.617000,1405.436000,1.198000,1474.814000,1473.616000,1.187000,1541.583000,1540.396000,1.180000,1607.619000,1606.439000,1.199000,1602.990000,1601.791000,1.279000,1737.066000,1735.787000,1.231000,1805.784000,1804.553000,1.523000,1935.083000,1933.560000,1.231000,1878.171000,1876.940000,1.193000,1942.125000,1940.932000,1.342000,2004.641000,2003.299000,1.185000,2074.064000,2072.879000
1.239000,2078.278000,2077.039000,1.156000,155.102000,153.946000,1.177000,216.530000,215.353000,1.169000,285.572000,284.403000,1.158000,347.446000,346.288000,1.104000,413.530000,412.426000,1.111000,400.652000,399.541000,1.099000,539.930000,538.831000,1.108000,606.734000,605.626000,1.113000,673.693000,672.580000,1.104000,741.575000,740.471000,1.104000,809.887000,808.783000,1.108000,798.276000,797.168000,1.091000,936.617000,935.526000,1.219000,1001.677000,1000.458000,1.121000,1067.016000,1065.895000,1.106000,1132.614000,1131.508000,1.110000,1197.643000,1196.533000,1.106000,1195.968000,1194.862000,1.100000,1328.248000,1327.148000,1.139000,1393.457000,1392.318000,1.132000,1461.403000,1460.271000,1.159000,1527.984000,1526.825000,1.113000,1594.218000,1593.105000,1.114000,1593.301000,1592.187000,1.133000,1724.503000,1723.370000,1.149000,1789.471000,1788.322000,1.293000,1798.438000,1797.145000,1.105000,1898.499000,1897.394000,1.146000,1957.063000,1955.917000,1.119000,2024.638000,2023.519000,1.097000,2096.176000,2095.079000
1.150000,2121.174000,2120.024000,1.099000,175.647000,174.548000,1.245000,334.741000,333.496000,1.184000,310.943000,309.759000,1.166000,377.763000,376.597000,1.121000,444.684000,443.563000,1.104000,415.684000,414.580000,1.189000,574.117000,572.928000,1.088000,644.957000,643.869000,1.120000,714.221000,713.101000,1.107000,784.301000,783.194000,1.095000,853.319000,852.224000,1.112000,825.807000,824.695000,1.108000,982.466000,981.358000,1.206000,1049.606000,1048.400000,1.103000,1117.001000,1115.898000,1.177000,1184.054000,1182.877000,1.111000,1251.662000,1250.551000,1.135000,1235.660000,1234.525000,1.092000,1385.339000,1384.247000,1.140000,1452.573000,1451.433000,1.157000,1522.516000,1521.359000,1.137000,1591.394000,1590.257000,1.095000,1659.508000,1658.413000,1.116000,1646.229000,1645.113000,1.121000,1793.409000,1792.288000,1.185000,1863.080000,1861.895000,1.272000,2132.196000,2130.924000,1.119000,1925.842000,1924.723000,1.109000,1992.352000,1991.243000,1.094000,2056.227000,2055.133000,1.106000,2126.061000,2124.955000
1.293000,2113.995000,2112.702000,1.165000,210.897000,209.732000,1.235000,277.184000,275.949000,1.464000,325.712000,324.248000,1.139000,411.522000,410.383000,1.116000,477.404000,476.288000,1.098000,414.360000,413.262000,1.188000,605.801000,604.613000,1.120000,674.728000,673.608000,1.131000,743.291000,742.160000,1.106000,812.391000,811.285000,1.118000,882.705000,881.587000,1.131000,821.483000,820.352000,1.095000,1013.172000,1012.077000,1.225000,1080.120000,1078.895000,1.130000,1147.296000,1146.166000,1.191000,1214.854000,1213.663000,1.121000,1282.280000,1281.159000,1.131000,1230.104000,1228.973000,1.116000,1415.979000,1414.863000,1.104000,1483.904000,1482.800000,1.091000,1553.887000,1552.796000,1.154000,1622.251000,1621.097000,1.120000,1690.732000,1689.612000,1.170000,1639.327000,1638.157000,1.124000,1823.593000,1822.469000,1.151000,1891.468000,1890.317000,1.372000,1822.321000,1820.949000,1.109000,1916.026000,1914.917000,1.120000,1983.440000,1982.320000,1.147000,2047.957000,2046.810000,1.111000,2118.643000,2117.532000
1.224000,2060.820000,2059.596000,1.166000,161.502000,160.336000,1.347000,259.571000,258.224000,1.235000,281.347000,280.112000,1.152000,357.065000,355.913000,1.111000,421.916000,420.805000,1.115000,402.683000,401.568000,1.137000,547.282000,546.145000,1.158000,614.574000,613.416000,1.158000,681.227000,680.069000,1.271000,750.316000,749.045000,1.173000,819.019000,817.846000,1.172000,801.513000,800.341000,1.122000,947.419000,946.297000,1.183000,1012.575000,1011.392000,1.146000,1077.363000,1076.217000,1.144000,1143.455000,1142.311000,1.141000,1207.993000,1206.852000,1.156000,1202.399000,1201.243000,1.145000,1338.746000,1337.601000,1.101000,1404.274000,1403.173000,1.152000,1472.822000,1471.670000,1.115000,1539.289000,1538.174000,1.143000,1605.225000,1604.082000,1.227000,1600.328000,1599.101000,1.148000,1734.848000,1733.700000,1.120000,1802.862000,1801.742000,1.400000,2087.828000,2086.428000,1.155000,1874.216000,1873.061000,1.145000,1939.137000,1937.992000,1.152000,2002.230000,2001.078000,1.252000,2071.298000,2070.046000
1.237000,2196.371000,2195.134000,1.150000,162.001000,160.851000,1.218000,229.905000,228.687000,1.134000,301.171000,300.037000,1.124000,369.620000,368.496000,1.102000,437.779000,436.677000,1.113000,423.190000,422.077000,1.131000,570.366000,569.235000,1.126000,640.962000,639.836000,1.104000,711.819000,710.715000,1.152000,782.463000,781.311000,1.104000,855.601000,854.497000,1.103000,842.932000,841.829000,1.091000,988.707000,987.616000,1.230000,1058.073000,1056.843000,1.093000,1127.210000,1126.117000,1.089000,1196.542000,1195.453000,1.112000,1265.967000,1264.855000,1.097000,1262.460000,1261.363000,1.104000,1404.362000,1403.258000,1.104000,1473.801000,1472.697000,1.111000,1545.325000,1544.214000,1.148000,1615.923000,1614.775000,1.133000,1686.260000,1685.127000,1.120000,1684.104000,1682.984000,1.118000,1824.129000,1823.011000,1.141000,1894.197000,1893.056000,1.263000,1869.730000,1868.467000,1.106000,1969.098000,1967.992000,1.119000,2065.580000,2064.461000,1.101000,2130.225000,2129.124000,1.109000,2200.354000,2199.245000
1.195000,2120.336000,2119.141000,1.110000,173.967000,172.857000,1.204000,345.578000,344.374000,1.133000,308.527000,307.394000,1.183000,385.331000,384.148000,1.105000,441.717000,440.612000,1.108000,414.237000,413.129000,1.166000,572.007000,570.841000,1.140000,642.614000,641.474000,1.105000,711.078000,709.973000,1.087000,780.739000,779.652000,1.106000,850.723000,849.617000,1.108000,823.803000,822.695000,1.138000,980.016000,978.878000,1.208000,1046.103000,1044.895000,1.127000,1113.811000,1112.684000,1.133000,1180.850000,1179.717000,1.116000,1247.899000,1246.783000,1.107000,1233.161000,1232.054000,1.108000,1381.749000,1380.641000,1.102000,1448.798000,1447.696000,1.118000,1518.859000,1517.741000,1.101000,1587.356000,1586.255000,1.101000,1655.934000,1654.833000,1.112000,1643.442000,1642.330000,1.141000,1789.913000,1788.772000,1.140000,1859.234000,1858.094000,1.393000,2245.624000,2244.231000,1.098000,1922.909000,1921.811000,1.130000,1990.036000,1988.906000,1.109000,2053.779000,2052.670000,1.119000,2125.882000,2124.763000
1.222000,2113.686000,2112.464000,1.168000,165.442000,164.274000,1.146000,231.589000,230.443000,1.129000,298.930000,297.801000,1.124000,364.517000,363.393000,1.102000,431.671000,430.569000,1.113000,413.065000,411.952000,1.098000,560.459000,559.361000,1.128000,629.473000,628.345000,1.117000,698.583000,697.466000,1.099000,769.933000,768.834000,1.108000,839.197000,838.089000,1.104000,821.805000,820.701000,1.098000,968.187000,967.089000,1.221000,1034.862000,1033.641000,1.146000,1102.278000,1101.132000,1.154000,1169.160000,1168.006000,1.124000,1236.914000,1235.790000,1.109000,1229.127000,1228.018000,1.095000,1371.110000,1370.015000,1.119000,1438.420000,1437.301000,1.116000,1507.998000,1506.882000,1.111000,1576.745000,1575.634000,1.129000,1645.022000,1643.893000,1.104000,1638.630000,1637.526000,1.141000,1778.433000,1777.292000,1.117000,1847.688000,1846.571000,1.289000,1826.079000,1824.790000,1.091000,1915.995000,1914.904000,1.121000,1982.693000,1981.572000,1.127000,2047.705000,2046.578000,1.099000,2118.426000,2117.327000
1.281000,2053.239000,2051.958000,1.206000,154.825000,153.619000,1.248000,307.027000,305.779000,1.436000,387.114000,385.678000,1.123000,347.991000,346.868000,1.140000,411.805000,410.665000,1.107000,399.723000,398.616000,1.144000,537.788000,536.644000,1.129000,603.724000,602.595000,1.108000,670.807000,669.699000,1.146000,737.921000,736.775000,1.144000,806.102000,804.958000,1.133000,795.681000,794.548000,1.092000,942.792000,941.700000,1.253000,1007.858000,1006.605000,1.110000,1073.656000,1072.546000,1.169000,1139.067000,1137.898000,1.124000,1205.022000,1203.898000,1.183000,1201.563000,1200.380000,1.109000,1334.747000,1333.638000,1.112000,1400.238000,1399.126000,1.128000,1468.218000,1467.090000,1.118000,1534.862000,1533.744000,1.128000,1601.130000,1600.002000,1.202000,1598.800000,1597.598000,1.154000,1730.925000,1729.771000,1.162000,1798.719000,1797.557000,1.417000,2190.211000,2188.794000,1.145000,1877.453000,1876.308000,1.142000,1942.101000,1940.959000,1.141000,2005.879000,2004.738000,1.098000,2072.211000,2071.113000
1.191000,2205.982000,2204.791000,1.140000,167.962000,166.822000,1.145000,234.256000,233.111000,1.146000,294.230000,293.084000,1.131000,373.798000,372.667000,1.113000,443.350000,442.237000,1.108000,426.572000,425.464000,1.099000,575.217000,574.118000,1.107000,646.929000,645.822000,1.113000,717.106000,715.993000,1.109000,788.861000,787.752000,1.215000,861.953000,860.738000,1.099000,846.880000,845.781000,1.114000,993.019000,991.905000,1.213000,1062.619000,1061.406000,1.087000,1131.889000,1130.802000,1.094000,1201.537000,1200.443000,1.121000,1270.904000,1269.783000,1.116000,1266.611000,1265.495000,1.093000,1409.364000,1408.271000,1.103000,1479.250000,1478.147000,1.116000,1550.359000,1549.243000,1.097000,1620.804000,1619.707000,1.106000,1691.182000,1690.076000,1.126000,1687.786000,1686.660000,1.127000,1829.168000,1828.041000,1.132000,1899.025000,1897.893000,1.264000,1876.656000,1875.392000,1.100000,2005.255000,2004.155000,1.137000,2072.715000,2071.578000,1.128000,2142.266000,2141.138000,1.107000,2213.253000,2212.146000
1.188000,2117.931000,2116.743000,1.159000,170.869000,169.710000,1.142000,315.604000,314.462000,1.166000,305.557000,304.391000,1.131000,371.949000,370.818000,1.119000,438.748000,437.629000,1.108000,414.566000,413.458000,1.147000,569.061000,567.914000,1.138000,639.161000,638.023000,1.115000,708.191000,707.076000,1.090000,777.562000,776.472000,1.084000,846.600000,845.516000,1.100000,823.181000,822.081000,1.112000,977.072000,975.960000,1.212000,1043.973000,1042.761000,1.084000,1111.063000,1109.979000,1.093000,1178.184000,1177.091000,1.117000,1245.566000,1244.449000,1.106000,1233.158000,1232.052000,1.093000,1378.549000,1377.456000,1.107000,1445.758000,1444.651000,1.157000,1515.732000,1514.575000,1.102000,1584.465000,1583.363000,1.104000,1653.150000,1652.046000,1.111000,1643.152000,1642.041000,1.128000,1786.268000,1785.140000,1.167000,1856.108000,1854.941000,1.310000,2203.715000,2202.405000,1.112000,1922.678000,1921.566000,1.124000,1988.967000,1987.843000,1.128000,2053.116000,2051.988000,1.115000,2123.070000,2121.955000
1.296000,2055.627000,2054.331000,1.147000,162.175000,161.028000,1.140000,225.246000,224.106000,1.147000,291.199000,290.052000,1.134000,356.180000,355.046000,1.118000,420.152000,419.034000,1.114000,402.053000,400.939000,1.093000,547.020000,545.927000,1.093000,613.883000,612.790000,1.119000,679.693000,678.574000,1.100000,748.943000,747.843000,1.133000,817.712000,816.579000,1.100000,800.698000,799.598000,1.092000,944.148000,943.056000,1.233000,1009.788000,1008.555000,1.137000,1074.586000,1073.449000,1.118000,1139.871000,1138.753000,1.149000,1205.625000,1204.476000,1.110000,1197.261000,1196.151000,1.117000,1335.745000,1334.628000,1.105000,1401.398000,1400.293000,1.098000,1467.804000,1466.706000,1.148000,1533.986000,1532.838000,1.127000,1599.957000,1598.830000,1.132000,1592.785000,1591.653000,1.142000,1729.936000,1728.794000,1.136000,1797.219000,1796.083000,1.341000,1757.341000,1756.000000,1.118000,1863.041000,1861.923000,1.109000,1927.352000,1926.243000,1.155000,1991.117000,1989.962000,1.126000,2059.591000,2058.465000
1.251000,2058.503000,2057.252000,1.149000,160.354000,159.205000,1.212000,282.207000,280.995000,1.121000,290.215000,289.094000,1.224000,353.738000,352.514000,1.108000,418.533000,417.425000,1.115000,402.789000,401.674000,1.110000,545.339000,544.229000,1.108000,612.206000,611.098000,1.113000,679.369000,678.256000,1.113000,747.170000,746.057000,1.099000,815.816000,814.717000,1.108000,801.445000,800.337000,1.113000,946.637000,945.524000,1.155000,1011.333000,1010.178000,1.129000,1077.087000,1075.958000,1.113000,1142.741000,1141.628000,1.124000,1207.849000,1206.725000,1.190000,1203.289000,1202.099000,1.116000,1338.633000,1337.517000,1.096000,1404.298000,1403.202000,1.144000,1472.311000,1471.167000,1.118000,1538.490000,1537.372000,1.177000,1604.675000,1603.498000,1.228000,1600.641000,1599.413000,1.147000,1734.596000,1733.449000,1.254000,1802.261000,1801.007000,1.436000,2109.074000,2107.638000,1.162000,1876.755000,1875.593000,1.135000,1941.412000,1940.277000,1.252000,2003.812000,2002.560000,1.106000,2072.972000,2071.866000
1.236000,2138.692000,2137.456000,1.148000,163.582000,162.434000,1.216000,228.787000,227.571000,1.380000,279.493000,278.113000,1.122000,363.163000,362.041000,1.112000,427.749000,426.637000,1.118000,414.475000,413.357000,1.170000,558.953000,557.783000,1.109000,627.653000,626.544000,1.117000,696.638000,695.521000,1.154000,765.844000,764.690000,1.105000,835.530000,834.425000,1.111000,822.920000,821.809000,1.097000,964.212000,963.115000,1.232000,1031.957000,1030.725000,1.111000,1099.255000,1098.144000,1.115000,1166.703000,1165.588000,1.118000,1234.023000,1232.905000,1.165000,1230.266000,1229.101000,1.102000,1368.096000,1366.994000,1.134000,1436.145000,1435.011000,1.117000,1505.574000,1504.457000,1.145000,1574.217000,1573.072000,1.113000,1642.137000,1641.024000,1.190000,1639.875000,1638.685000,1.121000,1776.703000,1775.582000,1.118000,1844.093000,1842.975000,1.234000,1805.787000,1804.553000,1.109000,1917.139000,1916.030000,1.110000,1983.956000,1982.846000,1.107000,2048.602000,2047.495000,1.104000,2142.854000,2141.750000
1.205000,2060.110000,2058.905000,1.123000,174.646000,173.523000,1.212000,343.869000,342.657000,1.153000,297.034000,295.881000,1.124000,368.235000,367.111000,1.092000,434.203000,433.111000,1.120000,403.207000,402.087000,1.152000,557.536000,556.384000,1.119000,625.922000,624.803000,1.104000,692.734000,691.630000,1.114000,763.472000,762.358000,1.135000,830.976000,829.841000,1.116000,802.116000,801.000000,1.096000,956.506000,955.410000,1.210000,1020.985000,1019.775000,1.114000,1086.067000,1084.953000,1.094000,1150.882000,1149.788000,1.121000,1215.897000,1214.776000,1.109000,1199.508000,1198.399000,1.116000,1344.910000,1343.794000,1.144000,1410.495000,1409.351000,1.106000,1478.554000,1477.448000,1.138000,1545.122000,1543.984000,1.109000,1611.854000,1610.745000,1.101000,1596.736000,1595.635000,1.136000,1740.918000,1739.782000,1.147000,1808.630000,1807.483000,1.329000,2154.365000,2153.036000,1.111000,1870.741000,1869.630000,1.138000,1933.472000,1932.334000,1.130000,1996.259000,1995.129000,1.126000,2065.283000,2064.157000
1.220000,2114.080000,2112.860000,1.168000,164.799000,163.631000,1.196000,230.868000,229.672000,1.133000,299.307000,298.174000,1.131000,365.491000,364.360000,1.118000,433.269000,432.151000,1.110000,414.681000,413.571000,1.147000,563.050000,561.903000,1.150000,631.927000,630.777000,1.115000,700.906000,699.791000,1.124000,769.508000,768.384000,1.111000,839.188000,838.077000,1.104000,823.517000,822.413000,1.112000,968.863000,967.751000,1.233000,1036.181000,1034.948000,1.138000,1103.426000,1102.288000,1.115000,1170.791000,1169.676000,1.117000,1238.186000,1237.069000,1.107000,1231.603000,1230.496000,1.115000,1372.664000,1371.549000,1.160000,1440.372000,1439.212000,1.101000,1509.868000,1508.767000,1.164000,1578.243000,1577.079000,1.119000,1646.732000,1645.613000,1.115000,1641.453000,1640.338000,1.137000,1780.800000,1779.663000,1.127000,1848.674000,1847.547000,1.271000,1814.336000,1813.065000,1.102000,1917.309000,1916.207000,1.105000,1983.946000,1982.841000,1.150000,2049.714000,2048.564000,1.104000,2118.090000,2116.986000
1.174000,1999.269000,1998.095000,1.159000,157.519000,156.360000,1.205000,265.591000,264.386000,1.154000,283.680000,282.526000,1.177000,344.981000,343.804000,1.112000,407.198000,406.086000,1.107000,389.654000,388.547000,1.137000,530.684000,529.547000,1.132000,594.801000,593.669000,1.121000,660.100000,658.979000,1.158000,726.126000,724.968000,1.149000,791.735000,790.586000,1.104000,777.435000,776.331000,1.158000,920.850000,919.692000,1.150000,983.379000,982.229000,1.123000,1047.136000,1046.013000,1.108000,1110.615000,1109.507000,1.113000,1174.044000,1172.931000,1.130000,1167.148000,1166.018000,1.091000,1300.453000,1299.362000,1.104000,1363.960000,1362.856000,1.135000,1430.217000,1429.082000,1.123000,1494.723000,1493.600000,1.170000,1558.619000,1557.449000,1.140000,1552.767000,1551.627000,1.140000,1684.503000,1683.363000,1.163000,1750.489000,1749.326000,1.379000,2027.550000,2026.171000,1.149000,1820.688000,1819.539000,1.140000,1882.420000,1881.280000,1.147000,1943.874000,1942.727000,1.090000,2011.164000,2010.074000
1.224000,2175.129000,2173.905000,1.144000,167.580000,166.436000,1.226000,235.140000,233.914000,1.125000,304.444000,303.319000,1.175000,372.334000,371.159000,1.110000,440.759000,439.649000,1.102000,424.759000,423.657000,1.139000,574.620000,573.481000,1.086000,645.416000,644.330000,1.104000,715.795000,714.691000,1.116000,787.638000,786.522000,1.105000,859.342000,858.237000,1.106000,843.773000,842.667000,1.109000,993.907000,992.798000,1.217000,1063.068000,1061.851000,1.105000,1132.596000,1131.491000,1.092000,1202.213000,1201.121000,1.120000,1271.696000,1270.576000,1.100000,1264.655000,1263.555000,1.089000,1409.993000,1408.904000,1.140000,1479.615000,1478.475000,1.121000,1550.902000,1549.781000,1.109000,1621.592000,1620.483000,1.116000,1692.040000,1690.924000,1.094000,1686.828000,1685.734000,1.137000,1830.176000,1829.039000,1.137000,1901.157000,1900.020000,1.252000,1872.326000,1871.074000,1.106000,1972.203000,1971.097000,1.101000,2041.247000,2040.146000,1.118000,2108.133000,2107.015000,1.115000,2178.616000,2177.501000
1.232000,2175.350000,2174.118000,1.160000,162.338000,161.178000,1.250000,295.564000,294.314000,1.409000,374.414000,373.005000,1.140000,367.267000,366.127000,1.106000,437.031000,435.925000,1.125000,424.206000,423.081000,1.105000,570.145000,569.040000,1.102000,640.343000,639.241000,1.114000,711.254000,710.140000,1.105000,783.003000,781.898000,1.103000,854.053000,852.950000,1.097000,844.467000,843.370000,1.101000,990.151000,989.050000,1.226000,1059.112000,1057.886000,1.117000,1128.099000,1126.982000,1.139000,1197.881000,1196.742000,1.120000,1267.000000,1265.880000,1.103000,1264.970000,1263.867000,1.083000,1405.226000,1404.143000,1.135000,1475.036000,1473.901000,1.128000,1547.022000,1545.894000,1.106000,1617.342000,1616.236000,1.133000,1687.716000,1686.583000,1.144000,1686.177000,1685.033000,1.142000,1825.480000,1824.338000,1.157000,1896.059000,1894.902000,1.302000,2060.021000,2058.719000,1.105000,1972.138000,1971.033000,1.105000,2040.365000,2039.260000,1.149000,2108.195000,2107.046000,1.098000,2179.250000,2178.152000
1.160000,2172.956000,2171.796000,1.163000,167.479000,166.316000,1.119000,235.191000,234.072000,1.148000,293.730000,292.582000,1.135000,374.062000,372.927000,1.111000,443.555000,442.444000,1.100000,422.211000,421.111000,1.177000,573.851000,572.674000,1.090000,644.677000,643.587000,1.114000,715.613000,714.499000,1.123000,785.836000,784.713000,1.129000,858.436000,857.307000,1.133000,841.364000,840.231000,1.106000,992.765000,991.659000,1.213000,1061.798000,1060.585000,1.113000,1131.301000,1130.188000,1.113000,1200.848000,1199.735000,1.107000,1270.249000,1269.142000,1.096000,1261.895000,1260.799000,1.082000,1408.485000,1407.403000,1.125000,1478.168000,1477.043000,1.121000,1549.603000,1548.482000,1.156000,1620.045000,1618.889000,1.121000,1690.369000,1689.248000,1.094000,1683.384000,1682.290000,1.119000,1828.169000,1827.050000,1.159000,1899.467000,1898.308000,1.262000,1866.190000,1864.928000,1.102000,1969.516000,1968.414000,1.095000,2038.578000,2037.483000,1.142000,2105.495000,2104.353000,1.110000,2177.786000,2176.676000
1.256000,2053.813000,2052.557000,1.150000,164.504000,163.354000,1.192000,270.772000,269.580000,1.167000,291.490000,290.323000,1.147000,356.233000,355.086000,1.106000,421.221000,420.115000,1.099000,648.978000,647.879000,1.115000,548.321000,547.206000,1.139000,614.339000,613.200000,1.102000,680.433000,679.331000,1.147000,748.944000,747.797000,1.103000,817.909000,816.806000,1.123000,798.775000,797.652000,1.105000,947.410000,946.305000,1.185000,1012.389000,1011.204000,1.142000,1077.668000,1076.526000,1.107000,1143.061000,1141.954000,1.124000,1208.381000,1207.257000,1.124000,1198.776000,1197.652000,1.103000,1339.131000,1338.028000,1.111000,1404.475000,1403.364000,1.125000,1472.667000,1471.542000,1.111000,1539.353000,1538.242000,1.177000,1605.501000,1604.324000,1.159000,1595.926000,1594.767000,1.126000,1735.034000,1733.908000,1.107000,1801.107000,1800.000000,1.363000,2043.199000,2041.836000,1.156000,1870.301000,1869.145000,1.212000,1934.387000,1933.175000,1.153000,1997.151000,1995.998000,1.097000,2065.804000,2064.707000
1.254000,2115.425000,2114.171000,1.153000,160.266000,159.113000,1.190000,225.875000,224.685000,1.122000,293.916000,292.794000,1.122000,359.854000,358.732000,1.119000,427.302000,426.183000,1.117000,414.050000,412.933000,1.152000,557.599000,556.447000,1.121000,626.614000,625.493000,1.112000,694.845000,693.733000,1.120000,766.068000,764.948000,1.106000,835.665000,834.559000,1.098000,823.924000,822.826000,1.094000,966.419000,965.325000,1.217000,1033.077000,1031.860000,1.113000,1100.471000,1099.358000,1.099000,1167.940000,1166.841000,1.117000,1235.442000,1234.325000,1.102000,1232.727000,1231.625000,1.092000,1369.619000,1368.527000,1.151000,1437.290000,1436.139000,1.106000,1506.745000,1505.639000,1.142000,1575.291000,1574.149000,1.116000,1643.840000,1642.724000,1.121000,1642.264000,1641.143000,1.134000,1777.398000,1776.264000,1.132000,1845.113000,1843.981000,1.261000,1798.664000,1797.403000,1.118000,1918.734000,1917.616000,1.140000,1985.315000,1984.175000,1.117000,2051.047000,2049.930000,1.093000,2119.812000,2118.719000
1.174000,2247.497000,2246.323000,1.149000,159.061000,157.912000,1.208000,387.883000,386.675000,1.143000,318.049000,316.906000,1.140000,363.106000,361.966000,1.094000,428.055000,426.961000,1.130000,490.043000,488.913000,1.082000,567.715000,566.633000,1.098000,639.069000,637.971000,1.099000,707.483000,706.384000,1.111000,786.791000,785.680000,1.093000,858.897000,857.804000,1.086000,913.468000,912.382000,1.090000,994.790000,993.700000,1.212000,1064.324000,1063.112000,1.110000,1132.728000,1131.618000,1.096000,1201.103000,1200.007000,1.117000,1265.520000,1264.403000,1.098000,1334.520000,1333.422000,1.108000,1406.690000,1405.582000,1.136000,1480.189000,1479.053000,1.118000,1548.896000,1547.778000,1.147000,1618.357000,1617.210000,1.114000,1688.131000,1687.017000,1.109000,1755.310000,1754.201000,1.172000,1822.395000,1821.223000,1.127000,1898.193000,1897.066000,1.268000,2238.673000,2237.405000,1.146000,2042.203000,2041.057000,1.273000,2111.939000,2110.666000,1.135000,2178.745000,2177.610000,1.101000,2250.127000,2249.026000
1.235000,2173.751000,2172.516000,1.155000,174.215000,173.060000,1.179000,242.753000,241.574000,1.454000,295.497000,294.043000,1.148000,373.311000,372.163000,1.158000,449.252000,448.094000,1.121000,424.108000,422.987000,1.121000,582.033000,580.912000,1.147000,653.536000,652.389000,1.126000,725.804000,724.678000,1.101000,797.846000,796.745000,1.112000,869.013000,867.901000,1.112000,844.536000,843.424000,1.131000,1001.546000,1000.415000,1.179000,1071.381000,1070.202000,1.116000,1140.446000,1139.330000,1.128000,1209.284000,1208.156000,1.136000,1278.757000,1277.621000,1.087000,1264.416000,1263.329000,1.119000,1415.907000,1414.788000,1.121000,1486.524000,1485.403000,1.101000,1556.254000,1555.153000,1.149000,1626.890000,1625.741000,1.118000,1697.086000,1695.968000,1.145000,1684.570000,1683.425000,1.135000,1834.945000,1833.810000,1.121000,1904.432000,1903.311000,1.312000,1860.384000,1859.072000,1.100000,1969.662000,1968.562000,1.123000,2037.800000,2036.677000,1.144000,2105.960000,2104.816000,1.089000,2177.786000,2176.697000
1.239000,2118.956000,2117.717000,1.167000,165.347000,164.180000,1.191000,262.881000,261.690000,1.238000,287.500000,286.262000,1.170000,365.471000,364.301000,1.115000,432.135000,431.020000,1.119000,414.467000,413.348000,1.135000,560.949000,559.814000,1.136000,630.386000,629.250000,1.132000,699.511000,698.379000,1.118000,770.660000,769.542000,1.098000,841.332000,840.234000,1.136000,1104.104000,1102.968000,1.152000,973.312000,972.160000,1.195000,1040.413000,1039.218000,1.136000,1107.833000,1106.697000,1.119000,1175.026000,1173.907000,1.129000,1242.647000,1241.518000,1.156000,1237.814000,1236.658000,1.108000,1376.864000,1375.756000,1.132000,1444.001000,1442.869000,1.137000,1514.393000,1513.256000,1.106000,1582.749000,1581.643000,1.133000,1650.939000,1649.806000,1.138000,1646.655000,1645.517000,1.143000,1784.341000,1783.198000,1.111000,1852.527000,1851.416000,1.404000,2115.001000,2113.597000,1.112000,1927.061000,1925.949000,1.193000,1993.619000,1992.426000,1.112000,2059.080000,2057.968000,1.083000,2129.688000,2128.605000
1.229000,2114.175000,2112.946000,1.154000,166.800000,165.646000,1.212000,231.569000,230.357000,1.116000,297.320000,296.204000,1.122000,365.124000,364.002000,1.102000,432.134000,431.032000,1.107000,413.819000,412.712000,1.100000,561.871000,560.771000,1.134000,630.613000,629.479000,1.107000,698.788000,697.681000,1.123000,769.481000,768.358000,1.119000,839.711000,838.592000,1.105000,823.328000,822.223000,1.098000,970.608000,969.510000,1.194000,1037.801000,1036.607000,1.115000,1104.959000,1103.844000,1.105000,1171.966000,1170.861000,1.114000,1239.516000,1238.402000,1.101000,1232.214000,1231.113000,1.096000,1373.986000,1372.890000,1.100000,1441.671000,1440.571000,1.132000,1511.173000,1510.041000,1.148000,1579.670000,1578.522000,1.108000,1648.190000,1647.082000,1.100000,1641.707000,1640.607000,1.157000,1782.553000,1781.396000,1.089000,1850.035000,1848.946000,1.294000,1791.720000,1790.426000,1.113000,1918.986000,1917.873000,1.099000,1985.742000,1984.643000,1.106000,2050.821000,2049.715000,1.115000,2120.039000,2118.924000
1.214000,2083.015000,2081.801000,1.166000,236.755000,235.589000,1.215000,414.005000,412.790000,1.127000,360.849000,359.722000,1.140000,433.775000,432.635000,1.111000,494.311000,493.200000,1.106000,429.329000,428.223000,1.181000,624.125000,622.944000,1.137000,692.952000,691.815000,1.108000,763.895000,762.787000,1.103000,831.048000,829.945000,1.090000,897.825000,896.735000,1.091000,824.275000,823.184000,1.084000,1021.097000,1020.013000,1.176000,1092.368000,1091.192000,1.120000,1156.671000,1155.551000,1.108000,1219.798000,1218.690000,1.121000,1286.788000,1285.667000,1.099000,1224.724000,1223.625000,1.097000,1413.191000,1412.094000,1.090000,1486.039000,1484.949000,1.135000,1549.164000,1548.029000,1.149000,1617.631000,1616.482000,1.111000,1680.366000,1679.255000,1.099000,1625.047000,1623.948000,1.132000,1807.664000,1806.532000,1.079000,1875.134000,1874.055000,1.289000,2205.213000,2203.924000,1.098000,1890.717000,1889.619000,1.096000,1959.881000,1958.785000,1.139000,2023.111000,2021.972000,1.093000,2092.407000,2091.314000
1.174000,2050.008000,2048.834000,1.171000,170.722000,169.551000,1.146000,235.741000,234.595000,1.145000,300.507000,299.362000,1.142000,363.949000,362.807000,1.120000,428.255000,427.135000,1.115000,400.846000,399.731000,1.147000,553.112000,551.965000,1.142000,619.900000,618.758000,1.107000,688.047000,686.940000,1.117000,756.748000,755.631000,1.114000,824.146000,823.032000,1.110000,797.610000,796.500000,1.101000,949.198000,948.097000,1.179000,1014.315000,1013.136000,1.097000,1079.445000,1078.348000,1.120000,1144.630000,1143.510000,1.132000,1209.473000,1208.341000,1.119000,1193.606000,1192.487000,1.108000,1339.904000,1338.796000,1.117000,1405.413000,1404.296000,1.132000,1472.943000,1471.811000,1.116000,1539.790000,1538.674000,1.136000,1605.855000,1604.719000,1.117000,1591.400000,1590.283000,1.138000,1735.696000,1734.558000,1.118000,1801.593000,1800.475000,1.280000,1761.515000,1760.235000,1.103000,1861.193000,1860.090000,1.108000,1924.898000,1923.790000,1.114000,1987.403000,1986.289000,1.125000,2055.074000,2053.949000
1.235000,2057.678000,2056.443000,1.163000,160.909000,159.746000,1.252000,276.313000,275.061000,1.410000,358.757000,357.347000,1.164000,355.172000,354.008000,1.093000,419.409000,418.316000,1.107000,402.053000,400.946000,1.105000,546.327000,545.222000,1.133000,612.261000,611.128000,1.101000,678.977000,677.876000,1.117000,748.766000,747.649000,1.117000,817.086000,815.969000,1.131000,1133.443000,1132.312000,1.107000,945.334000,944.227000,1.196000,1010.267000,1009.071000,1.131000,1075.712000,1074.581000,1.113000,1140.864000,1139.751000,1.124000,1206.105000,1204.981000,1.196000,1201.236000,1200.040000,1.119000,1336.030000,1334.911000,1.129000,1401.884000,1400.755000,1.108000,1469.745000,1468.637000,1.101000,1536.309000,1535.208000,1.144000,1602.413000,1601.269000,1.179000,1599.298000,1598.119000,1.152000,1731.793000,1730.641000,1.218000,1800.158000,1798.940000,1.364000,2112.897000,2111.533000,1.144000,1875.356000,1874.212000,1.131000,1939.218000,1938.087000,1.146000,2002.838000,2001.692000,1.104000,2070.906000,2069.802000
1.234000,2115.289000,2114.055000,1.168000,165.707000,164.539000,1.209000,231.247000,230.038000,1.160000,288.759000,287.599000,1.164000,352.164000,351.000000,1.118000,431.725000,430.607000,1.104000,413.656000,412.552000,1.202000,561.236000,560.034000,1.127000,630.053000,628.926000,1.108000,699.115000,698.007000,1.104000,769.376000,768.272000,1.088000,840.239000,839.151000,1.109000,823.426000,822.317000,1.116000,969.962000,968.846000,1.181000,1036.703000,1035.522000,1.104000,1104.231000,1103.127000,1.106000,1171.346000,1170.240000,1.124000,1238.750000,1237.626000,1.109000,1232.016000,1230.907000,1.098000,1372.542000,1371.444000,1.169000,1440.648000,1439.479000,1.098000,1508.803000,1507.705000,1.145000,1577.330000,1576.185000,1.109000,1645.614000,1644.505000,1.104000,1640.514000,1639.410000,1.145000,1779.418000,1778.273000,1.097000,1848.451000,1847.354000,1.286000,1810.817000,1809.531000,1.115000,1919.327000,1918.212000,1.112000,1985.448000,1984.336000,1.108000,2050.454000,2049.346000,1.101000,2119.662000,2118.561000
1.187000,2082.826000,2081.639000,1.156000,161.155000,159.999000,1.216000,285.300000,284.084000,1.113000,289.901000,288.788000,1.140000,354.445000,353.305000,1.093000,419.450000,418.357000,1.094000,417.285000,416.191000,1.195000,568.104000,566.909000,1.154000,636.024000,634.870000,1.106000,700.867000,699.761000,1.094000,777.158000,776.064000,1.100000,842.908000,841.808000,1.106000,828.675000,827.569000,1.086000,973.308000,972.222000,1.176000,1037.228000,1036.052000,1.121000,1102.193000,1101.072000,1.098000,1166.672000,1165.574000,1.124000,1230.498000,1229.374000,1.112000,1225.262000,1224.150000,1.106000,1364.093000,1362.987000,1.129000,1424.493000,1423.364000,1.100000,1496.199000,1495.099000,1.147000,1561.216000,1560.069000,1.106000,1628.873000,1627.767000,1.105000,1620.912000,1619.807000,1.176000,1758.386000,1757.210000,1.138000,1827.542000,1826.404000,1.312000,2067.693000,2066.381000,1.097000,1892.951000,1891.854000,1.114000,1957.932000,1956.818000,1.101000,2021.672000,2020.571000,1.105000,2091.580000,2090.475000
1.204000,2113.389000,2112.185000,1.124000,171.814000,170.690000,1.170000,238.685000,237.515000,1.186000,305.999000,304.813000,1.103000,373.659000,372.556000,1.119000,439.531000,438.412000,1.104000,414.475000,413.371000,1.171000,567.403000,566.232000,1.116000,636.475000,635.359000,1.135000,706.829000,705.694000,1.107000,777.570000,776.463000,1.107000,846.977000,845.870000,1.115000,822.575000,821.460000,1.117000,974.592000,973.475000,1.140000,1041.872000,1040.732000,1.123000,1109.198000,1108.075000,1.098000,1176.242000,1175.144000,1.123000,1243.035000,1241.912000,1.118000,1230.849000,1229.731000,1.113000,1377.516000,1376.403000,1.156000,1444.882000,1443.726000,1.140000,1514.948000,1513.808000,1.156000,1582.882000,1581.726000,1.115000,1651.419000,1650.304000,1.117000,1639.812000,1638.695000,1.154000,1785.164000,1784.010000,1.152000,1852.876000,1851.724000,1.234000,1814.534000,1813.300000,1.102000,1918.312000,1917.210000,1.119000,1984.543000,1983.424000,1.113000,2048.385000,2047.272000,1.113000,2118.117000,2117.004000
1.190000,2116.610000,2115.420000,1.161000,161.534000,160.373000,1.155000,289.918000,288.763000,1.097000,293.322000,292.225000,1.148000,359.196000,358.048000,1.113000,425.673000,424.560000,1.104000,768.618000,767.514000,1.121000,557.111000,555.990000,1.093000,625.153000,624.060000,1.117000,693.689000,692.572000,1.119000,762.207000,761.088000,1.101000,831.838000,830.737000,1.142000,821.452000,820.310000,1.150000,968.159000,967.009000,1.144000,1034.544000,1033.400000,1.125000,1102.537000,1101.412000,1.139000,1170.015000,1168.876000,1.116000,1237.336000,1236.220000,1.164000,1235.205000,1234.041000,1.105000,1372.028000,1370.923000,1.101000,1439.380000,1438.279000,1.129000,1509.566000,1508.437000,1.107000,1578.137000,1577.030000,1.120000,1646.153000,1645.033000,1.179000,1644.741000,1643.562000,1.125000,1779.811000,1778.686000,1.100000,1849.566000,1848.466000,1.379000,2205.671000,2204.292000,1.153000,1929.570000,1928.417000,1.223000,1995.697000,1994.474000,1.141000,2060.616000,2059.475000,1.114000,2130.687000,2129.573000
1.234000,2048.950000,2047.716000,1.145000,159.918000,158.773000,1.218000,223.405000,222.187000,1.370000,272.731000,271.361000,1.147000,354.936000,353.789000,1.131000,419.223000,418.092000,1.112000,402.647000,401.535000,1.198000,543.947000,542.749000,1.097000,610.420000,609.323000,1.115000,677.386000,676.271000,1.110000,744.766000,743.656000,1.101000,812.419000,811.318000,1.102000,797.732000,796.630000,1.098000,939.461000,938.363000,1.181000,1004.774000,1003.593000,1.106000,1069.823000,1068.717000,1.108000,1134.990000,1133.882000,1.133000,1200.283000,1199.150000,1.171000,1194.362000,1193.191000,1.094000,1330.047000,1328.953000,1.137000,1396.144000,1395.007000,1.116000,1462.503000,1461.387000,1.149000,1528.729000,1527.580000,1.117000,1595.144000,1594.027000,1.178000,1590.845000,1589.667000,1.150000,1725.088000,1723.938000,1.125000,1790.175000,1789.050000,1.230000,1758.366000,1757.136000,1.120000,1859.263000,1858.143000,1.113000,1923.934000,1922.821000,1.105000,1987.079000,1985.974000,1.106000,2053.663000,2052.557000
1.190000,2103.652000,2102.462000,1.170000,166.620000,165.450000,1.180000,286.892000,285.712000,1.147000,287.730000,286.583000,1.117000,366.197000,365.080000,1.102000,431.842000,430.740000,1.103000,413.119000,412.016000,1.157000,560.091000,558.934000,1.125000,628.810000,627.685000,1.127000,697.499000,696.372000,1.123000,803.160000,802.037000,1.089000,872.405000,871.316000,1.102000,853.595000,852.493000,1.100000,996.371000,995.271000,1.172000,1062.810000,1061.638000,1.111000,1127.741000,1126.630000,1.110000,1191.871000,1190.761000,1.124000,1259.276000,1258.152000,1.100000,1250.388000,1249.288000,1.086000,1390.510000,1389.424000,1.136000,1455.682000,1454.546000,1.126000,1518.551000,1517.425000,1.147000,1590.124000,1588.977000,1.122000,1652.643000,1651.521000,1.097000,1648.026000,1646.929000,1.120000,1784.871000,1783.751000,1.132000,1851.697000,1850.565000,1.262000,2110.735000,2109.473000,1.100000,1918.682000,1917.582000,1.105000,1980.134000,1979.029000,1.135000,2047.859000,2046.724000,1.110000,2114.214000,2113.104000
1.203000,1998.510000,1997.307000,1.175000,168.372000,167.197000,1.160000,231.098000,229.938000,1.107000,296.913000,295.806000,1.171000,340.298000,339.127000,1.110000,420.534000,419.424000,1.113000,392.684000,391.571000,1.168000,542.134000,540.966000,1.119000,608.334000,607.215000,1.103000,673.376000,672.273000,1.119000,741.857000,740.738000,1.119000,806.741000,805.622000,1.126000,779.331000,778.205000,1.106000,928.118000,927.012000,1.182000,991.802000,990.620000,1.101000,1055.232000,1054.131000,1.109000,1118.096000,1116.987000,1.137000,1181.249000,1180.112000,1.108000,1164.863000,1163.755000,1.104000,1307.956000,1306.852000,1.112000,1372.094000,1370.982000,1.116000,1437.731000,1436.615000,1.120000,1502.213000,1501.093000,1.133000,1566.270000,1565.137000,1.128000,1551.875000,1550.747000,1.166000,1692.770000,1691.604000,1.158000,1756.760000,1755.602000,1.330000,1698.077000,1696.747000,1.105000,1814.853000,1813.748000,1.140000,1877.113000,1875.973000,1.115000,1937.841000,1936.726000,1.120000,2004.153000,2003.033000
1.244000,2057.974000,2056.730000,1.139000,162.321000,161.182000,1.211000,258.966000,257.755000,1.197000,292.054000,290.857000,1.194000,356.716000,355.522000,1.111000,421.616000,420.505000,1.115000,401.908000,400.793000,1.168000,548.399000,547.231000,1.131000,615.073000,613.942000,1.128000,681.585000,680.457000,1.117000,750.852000,749.735000,1.110000,819.298000,818.188000,1.145000,1091.271000,1090.126000,1.109000,946.841000,945.732000,1.148000,1012.379000,1011.231000,1.163000,1077.958000,1076.795000,1.115000,1142.911000,1141.796000,1.125000,1207.849000,1206.724000,1.106000,1199.805000,1198.699000,1.122000,1338.728000,1337.606000,1.105000,1404.309000,1403.204000,1.114000,1472.286000,1471.172000,1.108000,1538.839000,1537.731000,1.168000,1604.900000,1603.732000,1.157000,1597.169000,1596.012000,1.149000,1734.587000,1733.438000,1.213000,1802.549000,1801.336000,1.365000,2072.384000,2071.019000,1.151000,1871.358000,1870.207000,1.136000,1935.825000,1934.689000,1.123000,1998.979000,1997.856000,1.094000,2067.577000,2066.483000
1.218000,2116.451000,2115.233000,1.157000,162.269000,161.112000,1.192000,227.349000,226.157000,1.111000,296.410000,295.299000,1.136000,361.679000,360.543000,1.115000,428.888000,427.773000,1.122000,412.833000,411.711000,1.154000,558.833000,557.679000,1.116000,627.554000,626.438000,1.099000,696.302000,695.203000,1.115000,766.349000,765.234000,1.088000,834.984000,833.896000,1.108000,822.535000,821.427000,1.102000,967.252000,966.150000,1.185000,1034.338000,1033.153000,1.120000,1101.183000,1100.063000,1.092000,1168.581000,1167.489000,1.119000,1236.112000,1234.993000,1.115000,1231.479000,1230.364000,1.090000,1370.506000,1369.416000,1.106000,1438.113000,1437.007000,1.106000,1507.722000,1506.616000,1.108000,1576.217000,1575.109000,1.111000,1644.552000,1643.441000,1.112000,1640.862000,1639.750000,1.147000,1778.440000,1777.293000,1.141000,1847.470000,1846.329000,1.257000,1778.566000,1777.309000,1.109000,1919.341000,1918.232000,1.109000,1986.167000,1985.058000,1.117000,2051.553000,2050.436000,1.095000,2119.814000,2118.719000
1.188000,2146.598000,2145.410000,1.152000,161.670000,160.518000,1.211000,288.990000,287.779000,1.422000,381.113000,379.691000,1.133000,360.893000,359.760000,1.109000,427.419000,426.310000,1.096000,411.530000,410.434000,1.194000,559.036000,557.842000,1.087000,627.116000,626.029000,1.107000,695.852000,694.745000,1.109000,764.106000,762.997000,1.094000,834.555000,833.461000,1.123000,820.382000,819.259000,1.091000,965.855000,964.764000,1.181000,1033.253000,1032.072000,1.124000,1100.302000,1099.178000,1.096000,1200.843000,1199.747000,1.115000,1266.625000,1265.510000,1.114000,1258.454000,1257.340000,1.103000,1398.744000,1397.641000,1.109000,1470.711000,1469.602000,1.099000,1533.105000,1532.006000,1.108000,1607.614000,1606.506000,1.118000,1676.147000,1675.029000,1.147000,1672.371000,1671.224000,1.148000,1810.243000,1809.095000,1.135000,1877.445000,1876.310000,1.220000,2136.945000,2135.725000,1.082000,1949.702000,1948.620000,1.099000,2017.272000,2016.173000,1.120000,2081.194000,2080.074000,1.102000,2153.451000,2152.349000
1.180000,2058.322000,2057.142000,1.150000,168.358000,167.208000,1.253000,232.775000,231.522000,1.253000,290.890000,289.637000,1.183000,363.803000,362.620000,1.125000,429.026000,427.901000,1.111000,402.800000,401.689000,1.159000,553.199000,552.040000,1.147000,621.408000,620.261000,1.134000,689.474000,688.340000,1.102000,759.575000,758.473000,1.228000,826.225000,824.997000,1.122000,802.370000,801.248000,1.125000,950.797000,949.672000,1.231000,1016.274000,1015.043000,1.117000,1081.504000,1080.387000,1.106000,1146.726000,1145.620000,1.125000,1211.096000,1209.971000,1.131000,1199.589000,1198.458000,1.115000,1341.473000,1340.358000,1.113000,1407.016000,1405.903000,1.107000,1474.443000,1473.336000,1.146000,1541.375000,1540.229000,1.136000,1607.498000,1606.362000,1.118000,1597.847000,1596.729000,1.156000,1737.135000,1735.979000,1.156000,1803.080000,1801.924000,1.298000,1758.748000,1757.450000,1.098000,1868.551000,1867.453000,1.125000,1932.480000,1931.355000,1.123000,1994.389000,1993.266000,1.106000,2062.989000,2061.883000
1.232000,2056.348000,2055.116000,1.145000,160.279000,159.134000,1.280000,445.689000,444.409000,1.117000,288.575000,287.458000,1.127000,354.626000,353.499000,1.111000,417.250000,416.139000,1.092000,399.789000,398.697000,1.217000,544.032000,542.815000,1.131000,611.010000,609.879000,1.119000,677.555000,676.436000,1.107000,744.970000,743.863000,1.123000,813.495000,812.372000,1.103000,798.563000,797.460000,1.099000,943.482000,942.383000,1.169000,1007.596000,1006.427000,1.153000,1072.776000,1071.623000,1.132000,1138.672000,1137.540000,1.130000,1203.741000,1202.611000,1.101000,1197.833000,1196.732000,1.104000,1333.976000,1332.872000,1.112000,1399.434000,1398.322000,1.130000,1467.395000,1466.265000,1.110000,1533.859000,1532.749000,1.151000,1600.096000,1598.945000,1.146000,1594.987000,1593.841000,1.127000,1729.766000,1728.639000,1.225000,1797.115000,1795.890000,1.277000,2014.921000,2013.644000,1.102000,1870.131000,1869.029000,1.132000,1933.305000,1932.173000,1.140000,1997.387000,1996.247000,1.103000,2066.272000,2065.169000
1.241000,2051.807000,2050.566000,1.150000,160.458000,159.308000,1.298000,223.563000,222.265000,1.138000,290.159000,289.021000,1.184000,312.474000,311.290000,1.128000,419.921000,418.793000,1.105000,401.992000,400.887000,1.136000,545.332000,544.196000,1.103000,612.188000,611.085000,1.116000,678.262000,677.146000,1.111000,745.803000,744.692000,1.104000,813.990000,812.886000,1.112000,798.375000,797.263000,1.091000,940.292000,939.201000,1.212000,1005.412000,1004.200000,1.125000,1070.538000,1069.413000,1.129000,1135.342000,1134.213000,1.151000,1200.832000,1199.681000,1.115000,1195.217000,1194.102000,1.092000,1330.911000,1329.819000,1.146000,1396.328000,1395.182000,1.120000,1462.706000,1461.586000,1.156000,1529.257000,1528.101000,1.107000,1595.638000,1594.531000,1.113000,1590.735000,1589.622000,1.126000,1725.460000,1724.334000,1.127000,1792.576000,1791.449000,1.266000,1712.639000,1711.373000,1.105000,1860.591000,1859.486000,1.121000,1925.293000,1924.172000,1.098000,1988.703000,1987.605000,1.105000,2056.181000,2055.076000
1.198000,2188.814000,2187.616000,1.143000,166.085000,164.942000,1.158000,290.799000,289.641000,1.112000,302.900000,301.788000,1.133000,370.374000,369.241000,1.106000,439.693000,438.587000,1.085000,425.109000,424.024000,1.163000,572.718000,571.555000,1.097000,643.434000,642.337000,1.162000,713.792000,712.630000,1.117000,786.647000,785.530000,1.096000,857.487000,856.391000,1.090000,845.798000,844.708000,1.100000,993.187000,992.087000,1.216000,1062.332000,1061.116000,1.129000,1131.670000,1130.541000,1.136000,1201.042000,1199.906000,1.120000,1270.428000,1269.308000,1.102000,1266.492000,1265.390000,1.085000,1408.818000,1407.733000,1.140000,1478.336000,1477.196000,1.145000,1550.353000,1549.208000,1.154000,1620.763000,1619.609000,1.111000,1717.701000,1716.590000,1.110000,1713.759000,1712.649000,1.112000,1853.697000,1852.585000,1.142000,1922.556000,1921.414000,1.356000,2172.669000,2171.313000,1.107000,1993.528000,1992.421000,1.109000,2055.960000,2054.851000,1.093000,2126.112000,2125.019000,1.114000,2194.264000,2193.150000
1.270000,2060.602000,2059.332000,1.188000,173.700000,172.512000,1.321000,237.845000,236.524000,1.503000,286.577000,285.074000,1.183000,368.758000,367.575000,1.148000,433.971000,432.823000,1.116000,401.959000,400.843000,1.141000,562.428000,561.287000,1.119000,628.335000,627.216000,1.114000,695.729000,694.615000,1.230000,764.316000,763.086000,1.121000,832.537000,831.416000,1.175000,801.006000,799.831000,1.163000,960.923000,959.760000,1.252000,1026.414000,1025.162000,1.169000,1091.551000,1090.382000,1.141000,1156.905000,1155.764000,1.110000,1222.274000,1221.164000,1.169000,1202.070000,1200.901000,1.097000,1351.413000,1350.316000,1.150000,1417.318000,1416.168000,1.160000,1485.569000,1484.409000,1.143000,1552.242000,1551.099000,1.166000,1618.806000,1617.640000,1.145000,1600.362000,1599.217000,1.130000,1748.141000,1747.011000,1.151000,1815.843000,1814.692000,1.353000,1785.215000,1783.862000,1.111000,1872.885000,1871.774000,1.142000,1937.175000,1936.033000,1.099000,1998.814000,1997.715000,1.119000,2067.641000,2066.522000
1.218000,2113.766000,2112.548000,1.141000,167.050000,165.909000,1.304000,388.068000,386.764000,1.156000,289.688000,288.532000,1.136000,367.916000,366.780000,1.107000,433.433000,432.326000,1.087000,415.392000,414.305000,1.189000,561.917000,560.728000,1.110000,631.405000,630.295000,1.130000,699.922000,698.792000,1.129000,768.708000,767.579000,1.087000,839.802000,838.715000,1.096000,822.655000,821.559000,1.109000,969.298000,968.189000,1.204000,1036.272000,1035.068000,1.110000,1104.152000,1103.042000,1.157000,1171.457000,1170.300000,1.122000,1238.975000,1237.853000,1.106000,1230.427000,1229.321000,1.093000,1373.228000,1372.135000,1.143000,1441.018000,1439.875000,1.100000,1510.554000,1509.454000,1.171000,1579.336000,1578.165000,1.112000,1647.534000,1646.422000,1.169000,1639.928000,1638.759000,1.148000,1780.551000,1779.403000,1.172000,1848.251000,1847.079000,1.332000,1997.460000,1996.128000,1.138000,1918.201000,1917.063000,1.099000,1984.494000,1983.395000,1.149000,2050.577000,2049.428000,1.103000,2120.716000,2119.613000
1.245000,2177.601000,2176.356000,1.165000,165.043000,163.878000,1.212000,232.962000,231.750000,1.130000,302.801000,301.671000,1.134000,372.312000,371.178000,1.122000,441.203000,440.081000,1.100000,425.717000,424.617000,1.120000,574.944000,573.824000,1.143000,644.943000,643.800000,1.111000,715.737000,714.626000,1.104000,787.965000,786.861000,1.094000,860.666000,859.572000,1.096000,847.423000,846.327000,1.095000,994.617000,993.522000,1.225000,1064.114000,1062.889000,1.130000,1133.330000,1132.200000,1.143000,1202.372000,1201.229000,1.120000,1271.751000,1270.631000,1.107000,1267.462000,1266.355000,1.097000,1410.559000,1409.462000,1.161000,1480.306000,1479.145000,1.118000,1551.404000,1550.286000,1.153000,1622.008000,1620.855000,1.119000,1692.135000,1691.016000,1.119000,1689.025000,1687.906000,1.125000,1830.347000,1829.222000,1.115000,1901.609000,1900.494000,1.263000,1816.828000,1815.565000,1.110000,1974.847000,1973.737000,1.119000,2043.742000,2042.623000,1.112000,2110.317000,2109.205000,1.106000,2181.797000,2180.691000
