Th 0 BCAST_S,Th 0 BCAST_E,Th 0 BCAST_D,Th 1 BCAST_S,Th 1 BCAST_E,Th 1 BCAST_D,Th 2 BCAST_S,Th 2 BCAST_E,Th 2 BCAST_D,Th 3 BCAST_S,Th 3 BCAST_E,Th 3 BCAST_D,Th 4 BCAST_S,Th 4 BCAST_E,Th 4 BCAST_D,Th 5 BCAST_S,Th 5 BCAST_E,Th 5 BCAST_D,Th 6 BCAST_S,Th 6 BCAST_E,Th 6 BCAST_D,Th 7 BCAST_S,Th 7 BCAST_E,Th 7 BCAST_D,Th 8 BCAST_S,Th 8 BCAST_E,Th 8 BCAST_D,Th 9 BCAST_S,Th 9 BCAST_E,Th 9 BCAST_D,Th 10 BCAST_S,Th 10 BCAST_E,Th 10 BCAST_D,Th 11 BCAST_S,Th 11 BCAST_E,Th 11 BCAST_D,Th 12 BCAST_S,Th 12 BCAST_E,Th 12 BCAST_D,Th 13 BCAST_S,Th 13 BCAST_E,Th 13 BCAST_D,Th 14 BCAST_S,Th 14 BCAST_E,Th 14 BCAST_D,Th 15 BCAST_S,Th 15 BCAST_E,Th 15 BCAST_D,Th 16 BCAST_S,Th 16 BCAST_E,Th 16 BCAST_D,Th 17 BCAST_S,Th 17 BCAST_E,Th 17 BCAST_D,Th 18 BCAST_S,Th 18 BCAST_E,Th 18 BCAST_D,Th 19 BCAST_S,Th 19 BCAST_E,Th 19 BCAST_D,Th 20 BCAST_S,Th 20 BCAST_E,Th 20 BCAST_D,Th 21 BCAST_S,Th 21 BCAST_E,Th 21 BCAST_D,Th 22 BCAST_S,Th 22 BCAST_E,Th 22 BCAST_D,Th 23 BCAST_S,Th 23 BCAST_E,Th 23 BCAST_D,Th 24 BCAST_S,Th 24 BCAST_E,Th 24 BCAST_D,Th 25 BCAST_S,Th 25 BCAST_E,Th 25 BCAST_D,Th 26 BCAST_S,Th 26 BCAST_E,Th 26 BCAST_D,Th 27 BCAST_S,Th 27 BCAST_E,Th 27 BCAST_D,Th 28 BCAST_S,Th 28 BCAST_E,Th 28 BCAST_D,Th 29 BCAST_S,Th 29 BCAST_E,Th 29 BCAST_D,Th 30 BCAST_S,Th 30 BCAST_E,Th 30 BCAST_D,Th 31 BCAST_S,Th 31 BCAST_E,Th 31 BCAST_D
2.305000,3415.764000,3413.459000,1.664000,20143.361000,20141.697000,1.705000,21206.111000,21204.406000,1.801000,20332.109000,20330.308000,1.756000,17989.074000,17987.318000,1.568000,20290.014000,20288.446000,1.596000,20982.258000,20980.662000,1.708000,4214.498000,4212.790000,1.494000,3668.425000,3666.931000,2.063000,3791.009000,3788.946000,1.545000,4181.460000,4179.915000,1.592000,4092.921000,4091.329000,1.635000,4149.478000,4147.843000,1.481000,4137.497000,4136.016000,1.503000,4014.881000,4013.378000,1.582000,4016.308000,4014.726000,1.594000,3706.269000,3704.675000,1.616000,4070.060000,4068.444000,1.667000,3718.842000,3717.175000,1.649000,4669.570000,4667.921000,1.483000,4088.461000,4086.978000,1.553000,4085.811000,4084.258000,1.603000,4083.882000,4082.279000,1.709000,4121.001000,4119.292000,1.703000,4208.614000,4206.911000,1.699000,3692.912000,3691.213000,1.476000,7.032000,5.556000,1.575000,6.941000,5.366000,1.611000,6.709000,5.098000,1.842000,6.871000,5.029000,1.676000,8.687000,7.011000,1.596000,7.681000,6.085000
1.462000,51.396000,49.934000,1.071000,16967.177000,16966.106000,1.015000,15059.159000,15058.144000,1.064000,15065.148000,15064.084000,1.102000,8382.222000,8381.120000,1.023000,14333.609000,14332.586000,1.256000,22.318000,21.062000,1.234000,9997.086000,9995.852000,1.229000,10014.659000,10013.430000,1.188000,10036.428000,10035.240000,1.246000,10104.761000,10103.515000,0.994000,10061.629000,10060.635000,1.411000,32.753000,31.342000,1.010000,8464.122000,8463.112000,1.028000,7229.524000,7228.496000,1.052000,7235.743000,7234.691000,1.022000,5822.617000,5821.595000,1.054000,6022.900000,6021.846000,1.214000,44.838000,43.624000,1.147000,1850.660000,1849.513000,1.157000,1869.919000,1868.762000,1.201000,1888.120000,1886.919000,1.167000,1962.097000,1960.930000,1.072000,1922.591000,1921.519000,1.138000,55.587000,54.449000,1.038000,138.848000,137.810000,1.175000,138.588000,137.413000,1.153000,140.141000,138.988000,1.227000,197.854000,196.627000,1.210000,140.243000,139.033000,1.241000,63.541000,62.300000,0.965000,103.826000,102.861000
1.020000,15.111000,14.091000,1.006000,102.366000,101.360000,0.995000,102.601000,101.606000,0.992000,102.980000,101.988000,1.087000,96.625000,95.538000,1.012000,91.304000,90.292000,0.956000,5.858000,4.902000,1.036000,27.719000,26.683000,1.002000,29.148000,28.146000,1.018000,30.551000,29.533000,0.987000,31.858000,30.871000,0.995000,81.219000,80.224000,0.963000,7.042000,6.079000,1.015000,27.975000,26.960000,0.993000,28.409000,27.416000,1.006000,28.829000,27.823000,0.989000,22.317000,21.328000,1.008000,22.108000,21.100000,0.974000,8.224000,7.250000,0.976000,12.338000,11.362000,0.968000,13.505000,12.537000,0.983000,14.696000,13.713000,0.987000,15.887000,14.900000,0.972000,22.504000,21.532000,0.968000,9.364000,8.396000,0.965000,12.734000,11.769000,0.964000,12.348000,11.384000,0.955000,12.766000,11.811000,0.978000,13.171000,12.193000,0.942000,12.908000,11.966000,0.980000,9.730000,8.750000,0.954000,10.884000,9.930000
1.013000,11.849000,10.836000,0.991000,87.451000,86.460000,0.948000,87.844000,86.896000,0.970000,88.217000,87.247000,0.967000,88.607000,87.640000,0.946000,88.258000,87.312000,0.951000,4.537000,3.586000,0.974000,85.051000,84.077000,0.964000,86.154000,85.190000,0.961000,87.233000,86.272000,0.965000,89.553000,88.588000,0.970000,88.661000,87.691000,0.973000,5.641000,4.668000,0.976000,85.491000,84.515000,0.974000,85.851000,84.877000,0.964000,86.231000,85.267000,1.140000,27.899000,26.759000,0.957000,13.943000,12.986000,0.978000,6.775000,5.797000,0.970000,10.675000,9.705000,0.956000,11.745000,10.789000,0.960000,12.840000,11.880000,0.960000,15.278000,14.318000,0.958000,14.313000,13.355000,0.971000,7.892000,6.921000,0.968000,11.068000,10.100000,0.967000,10.643000,9.676000,0.957000,11.038000,10.081000,0.965000,12.770000,11.805000,0.958000,11.064000,10.106000,0.979000,8.222000,7.243000,0.958000,9.285000,8.327000
1.011000,11.612000,10.601000,0.975000,90.913000,89.938000,0.956000,91.312000,90.356000,0.969000,91.689000,90.720000,0.969000,92.070000,91.101000,0.939000,91.722000,90.783000,0.954000,4.487000,3.533000,0.970000,88.541000,87.571000,0.963000,89.729000,88.766000,0.965000,90.705000,89.740000,0.957000,93.012000,92.055000,0.965000,92.132000,91.167000,0.976000,5.578000,4.602000,0.966000,88.974000,88.008000,0.975000,89.438000,88.463000,0.963000,89.717000,88.754000,1.013000,16.502000,15.489000,0.964000,13.885000,12.921000,0.964000,6.722000,5.758000,0.965000,10.620000,9.655000,0.957000,11.804000,10.847000,0.965000,12.794000,11.829000,0.963000,15.176000,14.213000,0.959000,14.264000,13.305000,0.969000,7.841000,6.872000,0.968000,11.016000,10.048000,0.965000,10.713000,9.748000,0.956000,10.993000,10.037000,0.979000,12.669000,11.690000,0.955000,11.019000,10.064000,0.985000,8.184000,7.199000,0.954000,9.234000,8.280000
1.009000,11.795000,10.786000,0.984000,89.869000,88.885000,0.956000,90.270000,89.314000,0.961000,90.645000,89.684000,0.963000,91.024000,90.061000,0.958000,90.680000,89.722000,0.946000,4.483000,3.537000,0.971000,87.484000,86.513000,0.963000,88.597000,87.634000,0.960000,89.669000,88.709000,0.963000,92.000000,91.037000,0.966000,91.087000,90.121000,0.974000,5.581000,4.607000,0.972000,87.929000,86.957000,0.975000,88.301000,87.326000,0.965000,88.668000,87.703000,1.104000,27.759000,26.655000,0.958000,13.878000,12.920000,0.974000,6.723000,5.749000,0.971000,10.623000,9.652000,0.957000,11.702000,10.745000,0.961000,12.790000,11.829000,0.961000,15.218000,14.257000,0.959000,14.258000,13.299000,0.972000,7.834000,6.862000,0.968000,11.020000,10.052000,0.968000,10.610000,9.642000,0.958000,10.992000,10.034000,0.966000,12.716000,11.750000,0.959000,11.008000,10.049000,0.980000,8.164000,7.184000,0.958000,9.237000,8.279000
1.015000,11.470000,10.455000,0.975000,89.301000,88.326000,0.956000,89.700000,88.744000,0.973000,90.096000,89.123000,0.969000,90.458000,89.489000,0.939000,90.110000,89.171000,0.954000,4.493000,3.539000,0.970000,86.926000,85.956000,0.963000,88.016000,87.053000,0.964000,89.099000,88.135000,0.957000,91.416000,90.459000,0.965000,90.520000,89.555000,0.976000,5.585000,4.609000,0.966000,87.362000,86.396000,0.975000,87.728000,86.753000,0.963000,88.105000,87.142000,1.017000,29.251000,28.234000,0.964000,13.889000,12.925000,0.964000,6.728000,5.764000,0.965000,10.624000,9.659000,0.957000,11.703000,10.746000,0.965000,12.802000,11.837000,0.963000,15.208000,14.245000,0.959000,14.268000,13.309000,0.969000,7.855000,6.886000,0.968000,11.023000,10.055000,0.965000,10.618000,9.653000,0.954000,10.997000,10.043000,0.979000,12.701000,11.722000,0.955000,11.023000,10.068000,0.985000,8.184000,7.199000,0.954000,9.241000,8.287000
1.016000,11.362000,10.346000,0.984000,88.641000,87.657000,0.956000,89.042000,88.086000,0.961000,89.417000,88.456000,0.963000,89.802000,88.839000,0.958000,89.452000,88.494000,0.946000,4.493000,3.547000,0.971000,86.259000,85.288000,0.963000,87.363000,86.400000,0.960000,88.441000,87.481000,0.963000,90.746000,89.783000,0.966000,89.859000,88.893000,0.974000,5.594000,4.620000,0.972000,86.701000,85.729000,0.975000,87.067000,86.092000,0.965000,87.440000,86.475000,1.009000,28.895000,27.886000,0.958000,13.884000,12.926000,0.976000,6.733000,5.757000,0.971000,10.629000,9.658000,0.957000,11.699000,10.742000,0.961000,12.796000,11.835000,0.961000,15.182000,14.221000,0.959000,14.264000,13.305000,0.972000,7.844000,6.872000,0.968000,11.026000,10.058000,0.968000,10.601000,9.633000,0.958000,10.998000,10.040000,0.966000,12.676000,11.710000,0.959000,11.014000,10.055000,0.980000,8.174000,7.194000,0.958000,9.243000,8.285000
1.017000,11.506000,10.489000,0.975000,87.509000,86.534000,0.956000,87.908000,86.952000,0.969000,88.285000,87.316000,0.969000,88.666000,87.697000,0.939000,88.318000,87.379000,0.954000,4.537000,3.583000,0.970000,85.134000,84.164000,0.963000,86.224000,85.261000,0.964000,87.307000,86.343000,0.957000,89.612000,88.655000,0.965000,88.725000,87.760000,0.976000,5.625000,4.649000,0.966000,85.570000,84.604000,0.975000,85.936000,84.961000,0.963000,86.313000,85.350000,1.010000,28.835000,27.825000,0.964000,13.937000,12.973000,0.964000,6.772000,5.808000,0.965000,10.672000,9.707000,0.957000,11.751000,10.794000,0.965000,12.846000,11.881000,0.963000,15.276000,14.313000,0.959000,14.316000,13.357000,0.969000,7.891000,6.922000,0.968000,11.067000,10.099000,0.965000,10.662000,9.697000,0.956000,11.045000,10.089000,0.979000,12.769000,11.790000,0.955000,11.071000,10.116000,0.985000,8.221000,7.236000,0.954000,9.286000,8.332000
1.014000,11.413000,10.399000,0.984000,90.423000,89.439000,0.956000,90.824000,89.868000,0.961000,91.199000,90.238000,0.963000,91.584000,90.621000,0.958000,91.234000,90.276000,0.946000,4.577000,3.631000,0.971000,88.038000,87.067000,0.963000,89.151000,88.188000,0.960000,90.223000,89.263000,0.963000,92.546000,91.583000,0.966000,91.641000,90.675000,0.974000,5.675000,4.701000,0.972000,88.483000,87.511000,0.975000,88.855000,87.880000,0.965000,89.222000,88.257000,1.001000,29.211000,28.210000,0.958000,13.972000,13.014000,0.976000,6.817000,5.841000,0.971000,10.749000,9.778000,0.957000,11.789000,10.832000,0.961000,12.884000,11.923000,0.961000,15.300000,14.339000,0.959000,14.352000,13.393000,0.972000,7.928000,6.956000,0.968000,11.116000,10.148000,0.968000,10.691000,9.723000,0.958000,11.086000,10.128000,0.966000,12.798000,11.832000,0.959000,11.102000,10.143000,0.980000,8.258000,7.278000,0.958000,9.333000,8.375000
1.019000,11.484000,10.465000,0.975000,88.797000,87.822000,0.956000,89.196000,88.240000,0.969000,89.573000,88.604000,0.969000,89.954000,88.985000,0.939000,89.608000,88.669000,0.954000,4.493000,3.539000,0.970000,86.422000,85.452000,0.963000,87.512000,86.549000,0.964000,88.595000,87.631000,0.957000,90.908000,89.951000,0.965000,90.025000,89.060000,0.976000,5.581000,4.605000,0.966000,86.858000,85.892000,0.975000,87.224000,86.249000,0.963000,87.601000,86.638000,1.006000,29.406000,28.400000,0.964000,13.896000,12.932000,0.964000,6.728000,5.764000,0.965000,10.628000,9.663000,0.957000,11.707000,10.750000,0.965000,12.802000,11.837000,0.963000,15.230000,14.267000,0.959000,14.272000,13.313000,0.969000,7.847000,6.878000,0.968000,11.027000,10.059000,0.965000,10.622000,9.657000,0.956000,11.001000,10.045000,0.979000,12.723000,11.744000,0.955000,11.027000,10.072000,0.985000,8.177000,7.192000,0.954000,9.246000,8.292000
1.011000,11.361000,10.350000,0.984000,88.701000,87.717000,0.956000,89.102000,88.146000,0.961000,89.477000,88.516000,0.963000,89.864000,88.901000,0.958000,89.512000,88.554000,0.946000,4.481000,3.535000,0.971000,86.316000,85.345000,0.963000,87.429000,86.466000,0.960000,88.501000,87.541000,0.963000,90.808000,89.845000,0.966000,89.917000,88.951000,0.974000,5.579000,4.605000,0.972000,86.761000,85.789000,0.975000,87.133000,86.158000,0.965000,87.500000,86.535000,1.009000,29.571000,28.562000,0.958000,13.876000,12.918000,0.976000,6.721000,5.745000,0.971000,10.621000,9.650000,0.957000,11.693000,10.736000,0.961000,12.788000,11.827000,0.961000,15.176000,14.215000,0.959000,14.256000,13.297000,0.972000,7.832000,6.860000,0.968000,11.022000,10.054000,0.968000,10.591000,9.623000,0.958000,10.990000,10.032000,0.966000,12.674000,11.708000,0.959000,11.006000,10.047000,0.980000,8.162000,7.182000,0.958000,9.245000,8.287000
1.023000,11.484000,10.461000,0.975000,89.807000,88.832000,0.956000,90.206000,89.250000,0.969000,90.583000,89.614000,0.969000,90.964000,89.995000,0.939000,90.616000,89.677000,0.954000,4.501000,3.547000,0.970000,87.432000,86.462000,0.963000,88.522000,87.559000,0.964000,89.605000,88.641000,0.957000,91.912000,90.955000,0.965000,91.026000,90.061000,0.976000,5.589000,4.613000,0.966000,87.868000,86.902000,0.975000,88.234000,87.259000,0.963000,88.611000,87.648000,1.013000,29.413000,28.400000,0.964000,13.901000,12.937000,0.964000,6.736000,5.772000,0.965000,10.636000,9.671000,0.957000,11.715000,10.758000,0.965000,12.814000,11.849000,0.963000,15.210000,14.247000,0.959000,14.280000,13.321000,0.969000,7.857000,6.888000,0.968000,11.031000,10.063000,0.965000,10.626000,9.661000,0.956000,11.009000,10.053000,0.979000,12.703000,11.724000,0.955000,11.035000,10.080000,0.985000,8.187000,7.202000,0.954000,9.250000,8.296000
1.024000,11.403000,10.379000,0.984000,89.333000,88.349000,0.956000,89.734000,88.778000,0.961000,90.109000,89.148000,0.963000,90.494000,89.531000,0.958000,90.144000,89.186000,0.946000,4.507000,3.561000,0.971000,86.948000,85.977000,0.963000,88.061000,87.098000,0.960000,89.133000,88.173000,0.963000,91.436000,90.473000,0.966000,90.568000,89.602000,0.974000,5.605000,4.631000,0.972000,87.393000,86.421000,0.975000,87.765000,86.790000,0.965000,88.132000,87.167000,1.013000,29.326000,28.313000,0.958000,13.902000,12.944000,0.976000,6.753000,5.777000,0.971000,10.647000,9.676000,0.957000,11.719000,10.762000,0.961000,12.814000,11.853000,0.961000,15.198000,14.237000,0.959000,14.282000,13.323000,0.972000,7.864000,6.892000,0.968000,11.047000,10.079000,0.968000,10.622000,9.654000,0.958000,11.016000,10.058000,0.966000,12.696000,11.730000,0.959000,11.032000,10.073000,0.980000,8.207000,7.227000,0.958000,9.261000,8.303000
1.019000,11.471000,10.452000,0.975000,89.371000,88.396000,0.956000,89.770000,88.814000,0.973000,90.147000,89.174000,0.969000,90.528000,89.559000,0.939000,90.182000,89.243000,0.954000,4.501000,3.547000,0.970000,86.996000,86.026000,0.963000,88.086000,87.123000,0.964000,89.169000,88.205000,0.957000,91.468000,90.511000,0.965000,90.592000,89.627000,0.976000,5.589000,4.613000,0.966000,87.432000,86.466000,0.975000,87.798000,86.823000,0.963000,88.175000,87.212000,1.013000,29.007000,27.994000,0.964000,13.901000,12.937000,0.964000,6.736000,5.772000,0.965000,10.636000,9.671000,0.957000,11.715000,10.758000,0.965000,12.810000,11.845000,0.963000,15.196000,14.233000,0.959000,14.280000,13.321000,0.969000,7.855000,6.886000,0.968000,11.031000,10.063000,0.965000,10.626000,9.661000,0.956000,11.009000,10.053000,0.979000,12.689000,11.710000,0.955000,11.035000,10.080000,0.979000,8.185000,7.206000,0.954000,9.250000,8.296000
1.014000,11.751000,10.737000,0.984000,86.945000,85.961000,0.956000,87.346000,86.390000,0.961000,87.721000,86.760000,0.963000,88.111000,87.148000,0.958000,87.756000,86.798000,0.946000,4.487000,3.541000,0.971000,84.563000,83.592000,0.963000,85.673000,84.710000,0.960000,86.745000,85.785000,0.963000,89.030000,88.067000,0.966000,88.163000,87.197000,0.974000,5.588000,4.614000,0.972000,85.005000,84.033000,0.975000,85.377000,84.402000,0.965000,85.744000,84.779000,1.009000,27.975000,26.966000,0.958000,13.878000,12.920000,0.976000,6.727000,5.751000,0.971000,10.625000,9.654000,0.957000,11.695000,10.738000,0.961000,12.794000,11.833000,0.961000,15.170000,14.209000,0.959000,14.258000,13.299000,0.972000,7.838000,6.866000,0.974000,11.024000,10.050000,0.967000,10.593000,9.626000,0.958000,10.992000,10.034000,0.966000,12.668000,11.702000,0.959000,11.008000,10.049000,0.980000,8.168000,7.188000,0.958000,9.247000,8.289000
1.013000,11.449000,10.436000,0.975000,89.913000,88.938000,0.956000,90.312000,89.356000,0.969000,90.689000,89.720000,0.969000,91.075000,90.106000,0.939000,90.722000,89.783000,0.954000,4.489000,3.535000,0.970000,87.538000,86.568000,0.970000,88.628000,87.658000,0.964000,89.711000,88.747000,0.957000,92.024000,91.067000,0.965000,91.129000,90.164000,0.976000,5.577000,4.601000,0.966000,87.974000,87.008000,0.975000,88.340000,87.365000,0.963000,88.717000,87.754000,1.012000,29.159000,28.147000,0.964000,13.889000,12.925000,0.964000,6.724000,5.760000,0.965000,10.646000,9.681000,0.957000,11.703000,10.746000,0.965000,12.798000,11.833000,0.963000,15.250000,14.287000,0.959000,14.268000,13.309000,0.969000,7.843000,6.874000,0.968000,11.033000,10.065000,0.965000,10.613000,9.648000,0.956000,10.997000,10.041000,0.979000,12.739000,11.760000,0.955000,11.023000,10.068000,0.985000,8.173000,7.188000,0.954000,9.244000,8.290000
1.022000,11.543000,10.521000,0.984000,90.583000,89.599000,0.956000,90.984000,90.028000,0.961000,91.359000,90.398000,0.963000,91.744000,90.781000,0.958000,91.394000,90.436000,0.946000,4.503000,3.557000,0.971000,88.198000,87.227000,0.963000,89.311000,88.348000,0.960000,90.383000,89.423000,0.963000,92.702000,91.739000,0.966000,91.801000,90.835000,0.974000,5.601000,4.627000,0.971000,88.643000,87.672000,0.975000,89.015000,88.040000,0.965000,89.382000,88.417000,1.007000,29.524000,28.517000,0.958000,13.900000,12.942000,0.976000,6.749000,5.773000,0.971000,10.636000,9.665000,0.957000,11.717000,10.760000,0.961000,12.812000,11.851000,0.961000,15.224000,14.263000,0.959000,14.280000,13.321000,0.972000,7.860000,6.888000,0.968000,11.045000,10.077000,0.968000,10.620000,9.652000,0.958000,11.014000,10.056000,0.966000,12.719000,11.753000,0.959000,11.028000,10.069000,0.980000,8.200000,7.220000,0.958000,9.266000,8.308000
1.006000,11.499000,10.493000,0.975000,87.923000,86.948000,0.956000,88.322000,87.366000,0.969000,88.699000,87.730000,0.969000,89.080000,88.111000,0.939000,88.732000,87.793000,0.954000,4.471000,3.517000,0.970000,85.548000,84.578000,0.963000,86.638000,85.675000,0.964000,87.721000,86.757000,0.957000,90.024000,89.067000,0.965000,89.142000,88.177000,0.976000,5.559000,4.583000,0.966000,85.984000,85.018000,0.975000,86.350000,85.375000,0.963000,86.727000,85.764000,1.003000,29.448000,28.445000,0.964000,13.871000,12.907000,0.964000,6.706000,5.742000,0.965000,10.606000,9.641000,0.957000,11.685000,10.728000,0.965000,12.780000,11.815000,0.963000,15.172000,14.209000,0.959000,14.250000,13.291000,0.969000,7.825000,6.856000,0.968000,11.001000,10.033000,0.965000,10.596000,9.631000,0.956000,10.979000,10.023000,0.979000,12.665000,11.686000,0.955000,11.005000,10.050000,0.985000,8.160000,7.175000,0.954000,9.220000,8.266000
1.007000,27.052000,26.045000,0.984000,88.519000,87.535000,0.956000,88.920000,87.964000,0.965000,89.295000,88.330000,0.963000,89.680000,88.717000,0.958000,89.330000,88.372000,0.946000,4.475000,3.529000,0.971000,86.134000,85.163000,0.963000,87.247000,86.284000,0.960000,88.319000,87.359000,0.963000,90.602000,89.639000,0.966000,89.737000,88.771000,0.974000,5.573000,4.599000,0.972000,86.579000,85.607000,0.975000,86.951000,85.976000,0.965000,87.318000,86.353000,1.009000,30.260000,29.251000,0.958000,13.870000,12.912000,0.976000,6.715000,5.739000,0.971000,10.615000,9.644000,0.957000,11.687000,10.730000,0.961000,12.782000,11.821000,0.961000,50.766000,49.805000,0.959000,14.250000,13.291000,0.972000,7.826000,6.854000,0.968000,11.015000,10.047000,0.968000,10.590000,9.622000,0.958000,10.984000,10.026000,0.966000,46.431000,45.465000,0.959000,11.000000,10.041000,0.980000,8.156000,7.176000,0.958000,9.229000,8.271000
1.049000,13.137000,12.088000,1.191000,230.356000,229.165000,1.105000,230.621000,229.516000,1.069000,230.849000,229.780000,1.104000,231.258000,230.154000,1.097000,230.805000,229.708000,1.129000,4.730000,3.601000,1.195000,226.494000,225.299000,1.157000,227.979000,226.822000,1.138000,229.320000,228.182000,1.116000,232.089000,230.973000,1.095000,231.291000,230.196000,1.172000,5.925000,4.753000,1.284000,227.016000,225.732000,1.164000,227.265000,226.101000,1.208000,227.850000,226.642000,1.024000,164.723000,163.699000,1.092000,148.604000,147.512000,1.208000,7.566000,6.358000,1.242000,14.885000,13.643000,1.164000,16.122000,14.958000,1.243000,17.515000,16.272000,1.024000,21.078000,20.054000,1.363000,23.904000,22.541000,1.310000,8.757000,7.447000,1.196000,14.542000,13.346000,1.218000,13.853000,12.635000,1.189000,14.319000,13.130000,1.012000,16.136000,15.124000,1.176000,13.693000,12.517000,1.310000,9.643000,8.333000,1.179000,11.393000,10.214000
1.047000,11.775000,10.728000,0.972000,88.883000,87.911000,0.957000,89.290000,88.333000,0.957000,89.655000,88.698000,0.960000,90.070000,89.110000,0.959000,89.728000,88.769000,0.958000,4.602000,3.644000,0.954000,86.494000,85.540000,0.970000,87.590000,86.620000,0.969000,88.675000,87.706000,0.960000,91.134000,90.174000,0.954000,90.126000,89.172000,0.975000,5.694000,4.719000,0.965000,86.931000,85.966000,0.973000,87.338000,86.365000,0.969000,87.704000,86.735000,1.005000,28.395000,27.390000,0.940000,14.070000,13.130000,0.983000,6.808000,5.825000,0.974000,10.776000,9.802000,0.956000,11.867000,10.911000,0.955000,12.983000,12.028000,0.973000,15.504000,14.531000,0.951000,14.495000,13.544000,0.973000,8.002000,7.029000,0.950000,11.158000,10.208000,0.959000,10.794000,9.835000,0.956000,11.194000,10.238000,0.950000,12.986000,12.036000,0.954000,11.244000,10.290000,0.959000,8.334000,7.375000,0.963000,9.381000,8.418000
1.036000,11.452000,10.416000,0.974000,90.603000,89.629000,0.966000,91.002000,90.036000,0.963000,91.363000,90.400000,0.965000,91.759000,90.794000,0.947000,91.412000,90.465000,0.960000,4.543000,3.583000,0.959000,88.230000,87.271000,0.971000,89.326000,88.355000,0.972000,90.369000,89.397000,0.963000,92.712000,91.749000,0.959000,91.817000,90.858000,0.983000,5.656000,4.673000,0.978000,88.656000,87.678000,0.972000,89.050000,88.078000,0.973000,89.394000,88.421000,1.008000,29.307000,28.299000,0.947000,13.942000,12.995000,0.982000,6.768000,5.786000,0.971000,10.692000,9.721000,0.957000,11.783000,10.826000,0.949000,12.848000,11.899000,0.970000,15.289000,14.319000,0.956000,14.320000,13.364000,0.973000,7.881000,6.908000,0.952000,11.103000,10.151000,0.957000,10.709000,9.752000,0.959000,11.058000,10.099000,0.945000,12.784000,11.839000,0.954000,11.077000,10.123000,0.972000,8.224000,7.252000,0.967000,9.294000,8.327000
1.049000,11.603000,10.554000,0.969000,89.065000,88.096000,0.960000,89.464000,88.504000,0.957000,89.821000,88.864000,0.963000,90.223000,89.260000,0.964000,89.869000,88.905000,0.958000,4.562000,3.604000,0.950000,86.689000,85.739000,0.971000,87.783000,86.812000,0.972000,88.836000,87.864000,0.959000,91.247000,90.288000,0.957000,90.270000,89.313000,0.979000,5.682000,4.703000,0.970000,87.116000,86.146000,0.976000,87.508000,86.532000,0.971000,87.853000,86.882000,1.009000,29.235000,28.226000,0.945000,13.954000,13.009000,0.980000,6.783000,5.803000,0.973000,10.702000,9.729000,0.955000,11.795000,10.840000,0.955000,12.864000,11.909000,0.974000,15.400000,14.426000,0.950000,14.334000,13.384000,0.973000,7.904000,6.931000,0.948000,11.114000,10.166000,0.957000,10.722000,9.765000,0.957000,11.082000,10.125000,0.951000,12.888000,11.937000,0.956000,11.088000,10.132000,0.966000,8.244000,7.278000,0.963000,9.303000,8.340000
1.034000,11.727000,10.693000,0.974000,87.125000,86.151000,0.962000,87.524000,86.562000,0.957000,87.885000,86.928000,0.961000,88.281000,87.320000,0.943000,87.934000,86.991000,0.954000,4.543000,3.589000,0.959000,84.752000,83.793000,0.964000,85.848000,84.884000,0.966000,86.891000,85.925000,0.963000,89.216000,88.253000,0.953000,88.339000,87.386000,0.979000,5.656000,4.677000,0.974000,85.178000,84.204000,0.968000,85.572000,84.604000,0.969000,85.914000,84.945000,1.008000,16.324000,15.316000,0.943000,13.942000,12.999000,0.982000,6.768000,5.786000,0.971000,10.688000,9.717000,0.957000,11.786000,10.829000,0.949000,12.846000,11.897000,0.970000,15.247000,14.277000,0.956000,14.318000,13.362000,0.973000,7.877000,6.904000,0.952000,11.098000,10.146000,0.957000,10.713000,9.756000,0.959000,11.056000,10.097000,0.945000,12.742000,11.797000,0.954000,11.075000,10.121000,0.972000,8.220000,7.248000,0.967000,9.292000,8.325000
1.049000,11.469000,10.420000,0.969000,89.003000,88.034000,0.960000,89.402000,88.442000,0.957000,89.759000,88.802000,0.963000,90.161000,89.198000,0.964000,89.807000,88.843000,0.958000,4.564000,3.606000,0.950000,86.627000,85.677000,0.970000,87.721000,86.751000,0.973000,88.768000,87.795000,0.959000,91.097000,90.138000,0.957000,90.206000,89.249000,0.979000,5.684000,4.705000,0.970000,87.054000,86.084000,0.976000,87.467000,86.491000,0.971000,87.791000,86.820000,1.103000,28.988000,27.885000,0.945000,13.956000,13.011000,0.980000,6.790000,5.810000,0.973000,10.707000,9.734000,0.955000,11.797000,10.842000,0.955000,12.866000,11.911000,0.974000,15.261000,14.287000,0.950000,14.336000,13.386000,0.973000,7.906000,6.933000,0.948000,11.116000,10.168000,0.957000,10.731000,9.774000,0.957000,11.081000,10.124000,0.951000,12.750000,11.799000,0.956000,11.090000,10.134000,0.966000,8.246000,7.280000,0.963000,9.305000,8.342000
1.030000,11.713000,10.683000,0.974000,89.193000,88.219000,0.962000,89.592000,88.630000,0.957000,89.953000,88.996000,0.961000,90.349000,89.388000,0.943000,90.002000,89.059000,0.954000,4.534000,3.580000,0.959000,86.813000,85.854000,0.965000,87.916000,86.951000,0.966000,88.959000,87.993000,0.963000,91.308000,90.345000,0.953000,90.407000,89.454000,0.979000,5.652000,4.673000,0.974000,87.246000,86.272000,0.968000,87.651000,86.683000,0.969000,87.982000,87.013000,1.008000,16.412000,15.404000,0.943000,13.932000,12.989000,0.982000,6.760000,5.778000,0.971000,10.678000,9.707000,0.957000,11.773000,10.816000,0.949000,12.836000,11.887000,0.970000,15.281000,14.311000,0.956000,14.308000,13.352000,0.973000,7.869000,6.896000,0.952000,11.088000,10.136000,0.957000,10.703000,9.746000,0.959000,11.046000,10.087000,0.945000,12.776000,11.831000,0.954000,11.065000,10.111000,0.972000,8.212000,7.240000,0.967000,9.282000,8.315000
1.051000,11.504000,10.453000,0.969000,89.341000,88.372000,0.960000,89.740000,88.780000,0.957000,89.933000,88.976000,0.963000,90.499000,89.536000,0.966000,90.145000,89.179000,0.958000,4.568000,3.610000,0.950000,86.965000,86.015000,0.971000,88.059000,87.088000,0.972000,89.112000,88.140000,0.959000,91.445000,90.486000,0.958000,90.546000,89.588000,0.979000,5.688000,4.709000,0.970000,87.392000,86.422000,0.976000,87.786000,86.810000,0.971000,88.129000,87.158000,1.111000,29.295000,28.184000,0.945000,13.960000,13.015000,0.980000,6.794000,5.814000,0.973000,10.708000,9.735000,0.955000,11.801000,10.846000,0.955000,12.870000,11.915000,0.974000,15.277000,14.303000,0.950000,14.340000,13.390000,0.973000,7.910000,6.937000,0.948000,11.120000,10.172000,0.957000,10.728000,9.771000,0.957000,11.088000,10.131000,0.951000,12.766000,11.815000,0.956000,11.094000,10.138000,0.966000,8.250000,7.284000,0.963000,9.309000,8.346000
1.036000,11.589000,10.553000,0.974000,87.823000,86.849000,0.962000,88.222000,87.260000,0.957000,88.583000,87.626000,0.961000,88.979000,88.018000,0.943000,88.632000,87.689000,0.954000,4.546000,3.592000,0.959000,85.443000,84.484000,0.971000,86.546000,85.575000,0.966000,87.589000,86.623000,0.963000,89.944000,88.981000,0.953000,89.033000,88.080000,0.979000,5.664000,4.685000,0.974000,85.876000,84.902000,0.968000,86.270000,85.302000,0.969000,86.612000,85.643000,1.005000,29.386000,28.381000,0.943000,13.947000,13.004000,0.982000,6.777000,5.795000,0.971000,10.690000,9.719000,0.957000,11.785000,10.828000,0.949000,12.848000,11.899000,0.970000,15.273000,14.303000,0.956000,14.320000,13.364000,0.973000,7.881000,6.908000,0.952000,11.100000,10.148000,0.957000,10.715000,9.758000,0.959000,11.058000,10.099000,0.945000,12.768000,11.823000,0.954000,11.077000,10.123000,0.972000,8.224000,7.252000,0.967000,9.294000,8.327000
1.055000,11.508000,10.453000,0.969000,90.575000,89.606000,0.960000,90.974000,90.014000,0.957000,91.342000,90.385000,0.963000,91.733000,90.770000,0.964000,91.379000,90.415000,0.958000,4.574000,3.616000,0.950000,88.199000,87.249000,0.971000,89.293000,88.322000,0.972000,90.356000,89.384000,0.959000,92.689000,91.730000,0.957000,91.797000,90.840000,0.979000,5.694000,4.715000,0.970000,88.626000,87.656000,0.976000,89.020000,88.044000,0.971000,89.373000,88.402000,1.008000,29.189000,28.181000,0.945000,13.964000,13.019000,0.980000,6.803000,5.823000,0.977000,10.697000,9.720000,0.955000,11.801000,10.846000,0.955000,12.880000,11.925000,0.974000,15.309000,14.335000,0.950000,14.340000,13.390000,0.973000,7.916000,6.943000,0.948000,11.120000,10.172000,0.957000,10.728000,9.771000,0.957000,11.095000,10.138000,0.951000,12.804000,11.853000,0.956000,11.100000,10.144000,0.966000,8.256000,7.290000,0.967000,9.313000,8.346000
1.040000,11.600000,10.560000,0.974000,89.909000,88.935000,0.962000,90.308000,89.346000,0.957000,90.669000,89.712000,0.961000,91.065000,90.104000,0.943000,90.719000,89.776000,0.954000,4.557000,3.603000,0.959000,87.536000,86.577000,0.965000,88.630000,87.665000,0.966000,89.675000,88.709000,0.963000,92.012000,91.049000,0.955000,91.123000,90.168000,0.979000,5.670000,4.691000,0.974000,87.962000,86.988000,0.968000,88.354000,87.386000,0.969000,88.698000,87.729000,1.013000,29.355000,28.342000,0.943000,13.960000,13.017000,0.982000,6.782000,5.800000,0.971000,10.702000,9.731000,0.957000,11.797000,10.840000,0.949000,12.864000,11.915000,0.970000,15.271000,14.301000,0.956000,14.332000,13.376000,0.973000,7.891000,6.918000,0.952000,11.112000,10.160000,0.957000,10.727000,9.770000,0.959000,11.070000,10.111000,0.945000,12.766000,11.821000,0.954000,11.089000,10.135000,0.972000,8.234000,7.262000,0.967000,9.306000,8.339000
1.040000,11.425000,10.385000,0.969000,88.935000,87.966000,0.960000,89.334000,88.374000,0.957000,89.691000,88.734000,0.963000,90.093000,89.130000,0.964000,89.739000,88.775000,0.958000,4.544000,3.586000,0.950000,86.559000,85.609000,0.971000,87.653000,86.682000,0.972000,88.706000,87.734000,0.959000,91.039000,90.080000,0.959000,90.138000,89.179000,0.979000,5.664000,4.685000,0.970000,86.988000,86.018000,0.976000,87.380000,86.404000,0.971000,87.723000,86.752000,1.004000,29.347000,28.343000,0.945000,13.936000,12.991000,0.980000,6.770000,5.790000,0.973000,10.692000,9.719000,0.955000,11.777000,10.822000,0.955000,12.846000,11.891000,0.974000,15.261000,14.287000,0.950000,14.316000,13.366000,0.973000,7.886000,6.913000,0.948000,11.108000,10.160000,0.957000,10.707000,9.750000,0.957000,11.061000,10.104000,0.951000,12.750000,11.799000,0.956000,11.070000,10.114000,0.966000,8.226000,7.260000,0.963000,9.299000,8.336000
1.036000,11.409000,10.373000,0.974000,90.055000,89.081000,0.962000,90.454000,89.492000,0.957000,90.815000,89.858000,0.961000,91.212000,90.251000,0.943000,90.863000,89.920000,0.954000,4.545000,3.591000,0.959000,87.682000,86.723000,0.965000,88.778000,87.813000,0.966000,89.821000,88.855000,0.963000,92.138000,91.175000,0.955000,91.260000,90.305000,0.979000,5.658000,4.679000,0.974000,88.114000,87.140000,0.968000,88.502000,87.534000,0.969000,88.844000,87.875000,1.005000,29.415000,28.410000,0.943000,13.944000,13.001000,0.982000,6.770000,5.788000,0.971000,10.725000,9.754000,0.957000,11.785000,10.828000,0.949000,12.848000,11.899000,0.970000,15.325000,14.355000,0.956000,14.320000,13.364000,0.973000,7.879000,6.906000,0.952000,11.137000,10.185000,0.957000,10.712000,9.755000,0.959000,11.058000,10.099000,0.945000,12.820000,11.875000,0.954000,11.077000,10.123000,0.972000,8.222000,7.250000,0.967000,9.320000,8.353000
1.051000,11.446000,10.395000,0.969000,87.795000,86.826000,0.960000,88.194000,87.234000,0.957000,88.551000,87.594000,0.963000,88.953000,87.990000,0.964000,88.599000,87.635000,0.958000,4.564000,3.606000,0.950000,85.419000,84.469000,0.971000,86.513000,85.542000,0.972000,87.566000,86.594000,0.959000,89.899000,88.940000,0.959000,88.998000,88.039000,0.979000,5.684000,4.705000,0.970000,85.841000,84.871000,0.976000,86.236000,85.260000,0.971000,86.579000,85.608000,1.003000,29.176000,28.173000,0.945000,13.956000,13.011000,0.980000,6.794000,5.814000,0.973000,10.704000,9.731000,0.955000,11.797000,10.842000,0.955000,12.866000,11.911000,0.974000,15.270000,14.296000,0.950000,14.336000,13.386000,0.973000,7.918000,6.945000,0.948000,11.116000,10.168000,0.957000,10.724000,9.767000,0.957000,11.081000,10.124000,0.951000,12.758000,11.807000,0.956000,11.090000,10.134000,0.966000,8.278000,7.312000,0.963000,9.305000,8.342000
1.038000,11.597000,10.559000,0.974000,88.683000,87.709000,0.962000,89.082000,88.120000,0.957000,89.443000,88.486000,0.961000,89.839000,88.878000,0.943000,89.497000,88.554000,0.954000,4.552000,3.598000,0.959000,86.303000,85.344000,0.965000,87.406000,86.441000,0.966000,88.449000,87.483000,0.963000,90.780000,89.817000,0.955000,89.890000,88.935000,0.979000,5.670000,4.691000,0.974000,86.736000,85.762000,0.968000,87.130000,86.162000,0.969000,87.472000,86.503000,1.009000,29.497000,28.488000,0.943000,13.950000,13.007000,0.982000,6.773000,5.791000,0.971000,10.696000,9.725000,0.957000,11.791000,10.834000,0.949000,12.854000,11.905000,0.970000,15.255000,14.285000,0.956000,14.326000,13.370000,0.973000,7.898000,6.925000,0.952000,11.106000,10.154000,0.957000,10.721000,9.764000,0.959000,11.067000,10.108000,0.945000,12.750000,11.805000,0.954000,11.083000,10.129000,0.972000,8.230000,7.258000,0.967000,9.300000,8.333000
1.055000,11.487000,10.432000,0.969000,90.427000,89.458000,0.960000,90.826000,89.866000,0.957000,91.183000,90.226000,0.963000,91.585000,90.622000,0.964000,91.231000,90.267000,0.958000,4.574000,3.616000,0.950000,88.051000,87.101000,0.971000,89.145000,88.174000,0.972000,90.198000,89.226000,0.959000,92.525000,91.566000,0.959000,91.630000,90.671000,0.979000,5.694000,4.715000,0.970000,88.478000,87.508000,0.976000,88.872000,87.896000,0.971000,89.215000,88.244000,1.006000,29.064000,28.058000,0.945000,13.966000,13.021000,0.980000,6.800000,5.820000,0.973000,10.714000,9.741000,0.955000,11.807000,10.852000,0.955000,12.876000,11.921000,0.974000,15.279000,14.305000,0.950000,14.346000,13.396000,0.973000,7.916000,6.943000,0.948000,11.126000,10.178000,0.957000,10.734000,9.777000,0.957000,11.091000,10.134000,0.951000,12.768000,11.817000,0.956000,11.100000,10.144000,0.966000,8.256000,7.290000,0.963000,9.315000,8.352000
1.040000,11.536000,10.496000,0.974000,89.201000,88.227000,0.962000,89.600000,88.638000,0.957000,89.961000,89.004000,0.961000,90.357000,89.396000,0.943000,90.010000,89.067000,0.954000,4.554000,3.600000,0.960000,86.822000,85.862000,0.965000,87.924000,86.959000,0.966000,88.967000,88.001000,0.963000,91.300000,90.337000,0.955000,90.406000,89.451000,0.979000,5.668000,4.689000,0.974000,87.260000,86.286000,0.968000,87.648000,86.680000,0.969000,87.990000,87.021000,1.009000,29.113000,28.104000,0.943000,13.954000,13.011000,0.982000,6.780000,5.798000,0.971000,10.730000,9.759000,0.957000,11.795000,10.838000,0.949000,12.858000,11.909000,0.970000,15.269000,14.299000,0.956000,14.330000,13.374000,0.973000,7.889000,6.916000,0.952000,11.126000,10.174000,0.957000,10.725000,9.768000,0.959000,11.068000,10.109000,0.945000,12.764000,11.819000,0.953000,11.087000,10.134000,0.971000,8.232000,7.261000,0.966000,9.310000,8.344000
1.049000,11.521000,10.472000,0.969000,91.655000,90.686000,0.960000,92.054000,91.094000,0.957000,92.411000,91.454000,0.963000,92.813000,91.850000,0.964000,92.463000,91.499000,0.958000,4.606000,3.648000,0.949000,89.287000,88.338000,0.971000,90.373000,89.402000,0.972000,91.426000,90.454000,0.959000,93.759000,92.800000,0.959000,92.862000,91.903000,0.979000,5.732000,4.753000,0.970000,89.716000,88.746000,0.976000,90.100000,89.124000,0.971000,90.443000,89.472000,1.009000,29.405000,28.396000,0.945000,13.998000,13.053000,0.980000,6.832000,5.852000,0.973000,10.757000,9.784000,0.955000,11.839000,10.884000,0.955000,12.908000,11.953000,0.974000,15.335000,14.361000,0.950000,14.378000,13.428000,0.973000,7.948000,6.975000,0.948000,11.168000,10.220000,0.957000,10.767000,9.810000,0.957000,11.123000,10.166000,0.951000,12.824000,11.873000,0.956000,11.132000,10.176000,0.966000,8.288000,7.322000,0.963000,9.357000,8.394000
1.038000,11.520000,10.482000,0.974000,87.329000,86.355000,0.962000,87.728000,86.766000,0.957000,88.089000,87.132000,0.961000,88.485000,87.524000,0.943000,88.138000,87.195000,0.954000,4.551000,3.597000,0.959000,84.956000,83.997000,0.965000,86.052000,85.087000,0.966000,87.095000,86.129000,0.963000,89.408000,88.445000,0.955000,88.543000,87.588000,0.979000,5.664000,4.685000,0.974000,85.382000,84.408000,0.968000,85.776000,84.808000,0.969000,86.118000,85.149000,1.009000,29.286000,28.277000,0.943000,13.954000,13.011000,0.982000,6.776000,5.794000,0.971000,10.696000,9.725000,0.957000,11.791000,10.834000,0.949000,12.858000,11.909000,0.970000,15.249000,14.279000,0.956000,14.326000,13.370000,0.973000,7.888000,6.915000,0.952000,11.106000,10.154000,0.957000,10.721000,9.764000,0.959000,11.064000,10.105000,0.945000,12.744000,11.799000,0.954000,11.083000,10.129000,0.972000,8.228000,7.256000,0.967000,9.300000,8.333000
1.047000,11.585000,10.538000,0.969000,90.647000,89.678000,0.960000,91.046000,90.086000,0.957000,91.403000,90.446000,0.963000,91.805000,90.842000,0.964000,91.451000,90.487000,0.958000,4.558000,3.600000,0.950000,88.271000,87.321000,0.971000,89.365000,88.394000,0.972000,90.418000,89.446000,0.959000,92.775000,91.816000,0.959000,91.850000,90.891000,0.979000,5.678000,4.699000,0.970000,88.698000,87.728000,0.976000,89.092000,88.116000,0.971000,89.435000,88.464000,1.005000,29.409000,28.404000,0.945000,13.950000,13.005000,0.980000,6.788000,5.808000,0.973000,10.698000,9.725000,0.955000,11.791000,10.836000,0.955000,12.860000,11.905000,0.974000,15.319000,14.345000,0.950000,14.330000,13.380000,0.973000,7.900000,6.927000,0.948000,11.098000,10.150000,0.957000,10.718000,9.761000,0.957000,11.075000,10.118000,0.951000,12.808000,11.857000,0.956000,11.084000,10.128000,0.966000,8.240000,7.274000,0.963000,9.299000,8.336000
1.036000,11.534000,10.498000,0.974000,89.347000,88.373000,0.962000,89.746000,88.784000,0.957000,90.107000,89.150000,0.961000,90.503000,89.542000,0.943000,90.156000,89.213000,0.954000,4.543000,3.589000,0.959000,86.974000,86.015000,0.965000,88.070000,87.105000,0.966000,89.113000,88.147000,0.963000,91.421000,90.458000,0.955000,90.552000,89.597000,0.979000,5.656000,4.677000,0.974000,87.400000,86.426000,0.968000,87.794000,86.826000,0.969000,88.136000,87.167000,1.009000,29.653000,28.644000,0.943000,13.942000,12.999000,0.982000,6.768000,5.786000,0.971000,10.693000,9.722000,0.957000,11.783000,10.826000,0.949000,12.846000,11.897000,0.970000,15.229000,14.259000,0.956000,14.318000,13.362000,0.973000,7.877000,6.904000,0.952000,11.098000,10.146000,0.957000,10.713000,9.756000,0.959000,11.056000,10.097000,0.945000,12.724000,11.779000,0.954000,11.075000,10.121000,0.972000,8.220000,7.248000,0.967000,9.292000,8.325000
1.042000,11.523000,10.481000,0.969000,89.077000,88.108000,0.960000,89.476000,88.516000,0.957000,89.833000,88.876000,0.963000,90.235000,89.272000,0.964000,89.881000,88.917000,0.958000,4.548000,3.590000,0.950000,86.701000,85.751000,0.971000,87.795000,86.824000,0.972000,88.848000,87.876000,0.959000,91.189000,90.230000,0.959000,90.284000,89.325000,0.979000,5.668000,4.689000,0.970000,87.128000,86.158000,0.976000,87.522000,86.546000,0.971000,87.865000,86.894000,1.006000,29.209000,28.203000,0.945000,13.940000,12.995000,0.980000,6.774000,5.794000,0.973000,10.688000,9.715000,0.955000,11.781000,10.826000,0.955000,12.850000,11.895000,0.974000,15.269000,14.295000,0.950000,14.320000,13.370000,0.973000,7.890000,6.917000,0.948000,11.100000,10.152000,0.957000,10.708000,9.751000,0.957000,11.068000,10.111000,0.951000,12.758000,11.807000,0.956000,11.074000,10.118000,0.960000,8.230000,7.270000,0.963000,9.289000,8.326000
1.023000,11.506000,10.483000,0.974000,89.643000,88.669000,0.962000,90.042000,89.080000,0.957000,90.403000,89.446000,0.961000,90.799000,89.838000,0.943000,90.452000,89.509000,0.954000,4.523000,3.569000,0.959000,87.270000,86.311000,0.965000,88.366000,87.401000,0.966000,89.409000,88.443000,0.963000,91.746000,90.783000,0.955000,90.850000,89.895000,0.979000,5.636000,4.657000,0.974000,87.696000,86.722000,0.968000,88.090000,87.122000,0.969000,88.432000,87.463000,1.008000,30.325000,29.317000,0.943000,13.922000,12.979000,0.982000,6.748000,5.766000,0.971000,10.668000,9.697000,0.957000,11.763000,10.806000,0.949000,12.826000,11.877000,0.970000,15.287000,14.317000,0.956000,14.298000,13.342000,0.973000,7.886000,6.913000,0.952000,11.078000,10.126000,0.957000,10.693000,9.736000,0.959000,11.036000,10.077000,0.945000,12.782000,11.837000,0.954000,11.055000,10.101000,0.972000,8.204000,7.232000,0.967000,9.276000,8.309000
1.040000,11.468000,10.428000,0.969000,89.849000,88.880000,0.960000,90.248000,89.288000,0.957000,90.605000,89.648000,0.963000,91.007000,90.044000,0.964000,90.653000,89.689000,0.958000,4.544000,3.586000,0.950000,87.473000,86.523000,0.971000,88.567000,87.596000,0.972000,89.620000,88.648000,0.959000,91.961000,91.002000,0.959000,91.052000,90.093000,0.979000,5.664000,4.685000,0.980000,87.900000,86.920000,0.976000,88.294000,87.318000,0.971000,88.632000,87.661000,1.031000,29.269000,28.238000,0.945000,13.936000,12.991000,0.980000,6.770000,5.790000,0.973000,10.684000,9.711000,0.955000,11.777000,10.822000,0.955000,12.846000,11.891000,0.974000,15.285000,14.311000,0.950000,14.317000,13.367000,0.973000,7.915000,6.942000,0.948000,11.096000,10.148000,0.957000,10.704000,9.747000,0.957000,11.061000,10.104000,0.951000,12.774000,11.823000,0.956000,11.093000,10.137000,0.966000,8.226000,7.260000,0.963000,9.285000,8.322000
1.038000,11.494000,10.456000,0.974000,88.857000,87.883000,0.962000,89.256000,88.294000,0.957000,89.617000,88.660000,0.961000,90.013000,89.052000,0.943000,89.666000,88.723000,0.954000,4.548000,3.594000,0.959000,86.477000,85.518000,0.965000,87.580000,86.615000,0.966000,88.623000,87.657000,0.963000,90.944000,89.981000,0.955000,90.077000,89.122000,0.979000,5.666000,4.687000,0.974000,86.910000,85.936000,0.968000,87.304000,86.336000,0.969000,87.646000,86.677000,1.045000,28.333000,27.288000,0.943000,13.950000,13.007000,0.982000,6.774000,5.792000,0.971000,10.692000,9.721000,0.957000,11.787000,10.830000,0.949000,12.850000,11.901000,0.970000,15.237000,14.267000,0.956000,14.322000,13.366000,0.973000,7.883000,6.910000,0.952000,11.102000,10.150000,0.957000,10.717000,9.760000,0.959000,11.063000,10.104000,0.945000,12.732000,11.787000,0.954000,11.093000,10.139000,0.972000,8.226000,7.254000,0.967000,9.307000,8.340000
1.047000,11.585000,10.538000,0.969000,89.425000,88.456000,0.960000,89.824000,88.864000,0.957000,90.181000,89.224000,0.963000,90.583000,89.620000,0.964000,90.229000,89.265000,0.958000,4.560000,3.602000,0.950000,87.049000,86.099000,0.971000,88.143000,87.172000,0.972000,89.196000,88.224000,0.959000,91.517000,90.558000,0.959000,90.647000,89.688000,0.979000,5.680000,4.701000,0.970000,87.476000,86.506000,0.976000,87.870000,86.894000,0.971000,88.213000,87.242000,1.007000,28.075000,27.068000,0.945000,13.956000,13.011000,0.980000,6.786000,5.806000,0.973000,10.700000,9.727000,0.955000,11.793000,10.838000,0.955000,12.862000,11.907000,0.974000,15.257000,14.283000,0.950000,14.334000,13.384000,0.973000,7.902000,6.929000,0.948000,11.112000,10.164000,0.957000,10.720000,9.763000,0.957000,11.081000,10.124000,0.951000,12.746000,11.795000,0.956000,11.089000,10.133000,0.966000,8.242000,7.276000,0.963000,9.301000,8.338000
1.032000,11.457000,10.425000,0.974000,89.485000,88.511000,0.962000,89.884000,88.922000,0.957000,90.245000,89.288000,0.961000,90.641000,89.680000,0.943000,90.294000,89.351000,0.954000,4.541000,3.587000,0.959000,87.112000,86.153000,0.965000,88.208000,87.243000,0.966000,89.251000,88.285000,0.963000,91.598000,90.635000,0.955000,90.703000,89.748000,0.979000,5.654000,4.675000,0.974000,87.538000,86.564000,0.968000,87.936000,86.968000,0.969000,88.274000,87.305000,1.012000,29.434000,28.422000,0.943000,13.940000,12.997000,0.982000,6.766000,5.784000,0.971000,10.686000,9.715000,0.957000,11.785000,10.828000,0.949000,12.844000,11.895000,0.970000,15.271000,14.301000,0.956000,14.316000,13.360000,0.973000,7.875000,6.902000,0.952000,11.100000,10.148000,0.957000,10.715000,9.758000,0.959000,11.054000,10.095000,0.945000,12.766000,11.821000,0.954000,11.073000,10.119000,0.972000,8.218000,7.246000,0.967000,9.290000,8.323000
1.053000,11.447000,10.394000,0.969000,88.791000,87.822000,0.960000,89.190000,88.230000,0.957000,89.547000,88.590000,0.963000,89.949000,88.986000,0.964000,89.595000,88.631000,0.958000,4.576000,3.618000,0.950000,86.418000,85.468000,0.971000,87.509000,86.538000,0.972000,88.562000,87.590000,0.959000,90.897000,89.938000,0.959000,89.994000,89.035000,0.979000,5.694000,4.715000,0.970000,86.842000,85.872000,0.976000,87.240000,86.264000,0.971000,87.579000,86.608000,1.009000,29.283000,28.274000,0.945000,13.960000,13.015000,0.980000,6.802000,5.822000,0.973000,10.708000,9.735000,0.955000,11.805000,10.850000,0.955000,12.870000,11.915000,0.974000,15.297000,14.323000,0.950000,14.340000,13.390000,0.973000,7.935000,6.962000,0.948000,11.120000,10.172000,0.957000,10.735000,9.778000,0.957000,11.085000,10.128000,0.951000,12.784000,11.833000,0.956000,11.094000,10.138000,0.966000,8.255000,7.289000,0.963000,9.309000,8.346000
1.038000,11.468000,10.430000,0.974000,87.529000,86.555000,0.962000,87.928000,86.966000,0.957000,88.289000,87.332000,0.961000,88.684000,87.723000,0.943000,88.338000,87.395000,0.954000,4.552000,3.598000,0.959000,85.149000,84.190000,0.965000,86.252000,85.287000,0.966000,87.295000,86.329000,0.963000,89.640000,88.677000,0.955000,88.743000,87.788000,0.979000,5.670000,4.691000,0.974000,85.582000,84.608000,0.968000,85.976000,85.008000,0.969000,86.318000,85.349000,1.004000,28.983000,27.979000,0.943000,13.954000,13.011000,0.982000,6.778000,5.796000,0.971000,10.696000,9.725000,0.957000,11.791000,10.834000,0.949000,12.854000,11.905000,0.970000,15.275000,14.305000,0.956000,14.326000,13.370000,0.973000,7.887000,6.914000,0.952000,11.106000,10.154000,0.957000,10.721000,9.764000,0.959000,11.064000,10.105000,0.945000,12.770000,11.825000,0.954000,11.097000,10.143000,0.972000,8.230000,7.258000,0.967000,9.300000,8.333000
1.051000,11.533000,10.482000,0.969000,87.011000,86.042000,0.960000,87.410000,86.450000,0.957000,87.767000,86.810000,0.963000,88.169000,87.206000,0.964000,87.815000,86.851000,0.958000,4.570000,3.612000,0.950000,84.636000,83.686000,0.971000,85.729000,84.758000,0.972000,86.782000,85.810000,0.959000,89.132000,88.173000,0.959000,88.214000,87.255000,0.979000,5.680000,4.701000,0.970000,85.062000,84.092000,0.976000,85.456000,84.480000,0.971000,85.799000,84.828000,1.006000,29.565000,28.559000,0.945000,13.954000,13.009000,0.980000,6.792000,5.812000,0.973000,10.702000,9.729000,0.955000,11.795000,10.840000,0.955000,12.868000,11.913000,0.974000,15.295000,14.321000,0.950000,14.334000,13.384000,0.973000,7.908000,6.935000,0.948000,11.114000,10.166000,0.957000,10.722000,9.765000,0.957000,11.079000,10.122000,0.951000,12.784000,11.833000,0.956000,11.088000,10.132000,0.966000,8.245000,7.279000,0.963000,9.303000,8.340000
