Th 0 SCATTER_S,Th 0 SCATTER_E,Th 0 SCATTER_D,Th 1 SCATTER_S,Th 1 SCATTER_E,Th 1 SCATTER_D
2.277000,225.876000,223.599000,1.645000,11.705000,10.060000
1.440000,8.838000,7.398000,1.132000,9.285000,8.153000
1.223000,8.382000,7.159000,1.248000,7.452000,6.204000
1.162000,6.625000,5.463000,1.108000,6.798000,5.690000
1.177000,6.141000,4.964000,1.092000,6.000000,4.908000
1.174000,7.706000,6.532000,1.093000,6.100000,5.007000
1.210000,6.905000,5.695000,1.153000,7.517000,6.364000
1.146000,7.395000,6.249000,1.084000,5.864000,4.780000
1.165000,6.256000,5.091000,1.106000,6.035000,4.929000
1.124000,4.332000,3.208000,1.093000,4.284000,3.191000
1.193000,7.056000,5.863000,1.094000,6.850000,5.756000
1.163000,6.242000,5.079000,1.090000,6.681000,5.591000
1.196000,5.832000,4.636000,1.081000,7.648000,6.567000
1.206000,6.559000,5.353000,1.084000,6.436000,5.352000
1.245000,6.981000,5.736000,1.132000,7.850000,6.718000
1.138000,6.493000,5.355000,1.084000,6.244000,5.160000
1.339000,6.303000,4.964000,1.085000,6.312000,5.227000
1.158000,7.492000,6.334000,1.092000,5.868000,4.776000
1.204000,6.435000,5.231000,1.100000,6.757000,5.657000
1.200000,4.283000,3.083000,1.096000,4.305000,3.209000
1.126000,7.911000,6.785000,1.086000,6.048000,4.962000
1.166000,6.429000,5.263000,1.077000,5.809000,4.732000
1.217000,7.020000,5.803000,1.081000,7.423000,6.342000
1.157000,4.255000,3.098000,1.088000,4.117000,3.029000
1.169000,7.818000,6.649000,1.079000,6.169000,5.090000
1.115000,4.201000,3.086000,1.088000,4.055000,2.967000
1.200000,6.857000,5.657000,1.086000,7.247000,6.161000
1.202000,7.554000,6.352000,1.130000,9.092000,7.962000
1.159000,6.230000,5.071000,1.085000,6.798000,5.713000
1.175000,7.792000,6.617000,1.082000,6.106000,5.024000
1.238000,8.543000,7.305000,1.096000,7.692000,6.596000
1.176000,6.560000,5.384000,1.090000,6.875000,5.785000
1.158000,6.134000,4.976000,1.081000,5.975000,4.894000
1.160000,4.216000,3.056000,1.093000,4.808000,3.715000
1.163000,6.421000,5.258000,1.091000,6.398000,5.307000
1.158000,6.387000,5.229000,1.089000,6.089000,5.000000
1.115000,6.327000,5.212000,1.109000,5.733000,4.624000
1.165000,8.035000,6.870000,1.083000,7.195000,6.112000
1.204000,7.096000,5.892000,1.082000,6.489000,5.407000
1.153000,6.725000,5.572000,1.089000,6.280000,5.191000
1.127000,6.332000,5.205000,1.079000,5.890000,4.811000
1.196000,4.352000,3.156000,1.121000,4.235000,3.114000
1.206000,6.551000,5.345000,1.096000,6.256000,5.160000
1.157000,6.595000,5.438000,1.092000,6.304000,5.212000
1.113000,6.403000,5.290000,1.086000,7.562000,6.476000
1.174000,6.451000,5.277000,1.088000,6.152000,5.064000
1.206000,7.069000,5.863000,1.087000,7.836000,6.749000
1.115000,4.319000,3.204000,1.086000,4.562000,3.476000
1.171000,4.426000,3.255000,1.082000,4.548000,3.466000
1.135000,6.123000,4.988000,1.091000,6.034000,4.943000
1.212000,6.764000,5.552000,1.091000,7.540000,6.449000
1.177000,6.410000,5.233000,1.089000,6.423000,5.334000
1.133000,6.180000,5.047000,1.081000,5.936000,4.855000
1.176000,6.283000,5.107000,1.082000,6.251000,5.169000
1.205000,6.856000,5.651000,1.089000,6.674000,5.585000
1.160000,6.342000,5.182000,1.090000,6.110000,5.020000
1.156000,4.206000,3.050000,1.090000,54.927000,53.837000
1.121000,4.125000,3.004000,1.090000,5.014000,3.924000
1.208000,6.559000,5.351000,1.089000,6.815000,5.726000
1.162000,6.343000,5.181000,1.088000,6.233000,5.145000
1.156000,6.242000,5.086000,1.087000,6.352000,5.265000
1.210000,6.360000,5.150000,1.080000,5.971000,4.891000
1.180000,6.821000,5.641000,1.089000,7.572000,6.483000
1.146000,6.246000,5.100000,1.092000,5.840000,4.748000
1.158000,4.232000,3.074000,1.081000,4.159000,3.078000
1.128000,6.450000,5.322000,1.089000,6.526000,5.437000
1.225000,7.032000,5.807000,1.150000,8.069000,6.919000
1.180000,7.942000,6.762000,1.089000,7.836000,6.747000
1.180000,4.496000,3.316000,1.085000,5.728000,4.643000
1.146000,6.446000,5.300000,1.072000,7.060000,5.988000
1.198000,6.749000,5.551000,1.099000,7.318000,6.219000
1.174000,6.157000,4.983000,1.089000,7.387000,6.298000
1.125000,6.106000,4.981000,1.099000,6.934000,5.835000
1.172000,6.250000,5.078000,1.093000,7.130000,6.037000
1.217000,6.532000,5.315000,1.101000,7.210000,6.109000
1.123000,4.361000,3.238000,1.087000,5.584000,4.497000
1.159000,6.598000,5.439000,1.083000,7.392000,6.309000
1.181000,6.067000,4.886000,1.078000,8.236000,7.158000
1.282000,6.512000,5.230000,1.086000,7.375000,6.289000
1.167000,6.104000,4.937000,1.081000,8.029000,6.948000
1.157000,4.232000,3.075000,1.096000,5.275000,4.179000
1.125000,6.279000,5.154000,1.096000,6.949000,5.853000
1.190000,6.495000,5.305000,1.097000,8.613000,7.516000
1.155000,6.130000,4.975000,1.088000,7.007000,5.919000
1.127000,4.395000,3.268000,1.078000,5.749000,4.671000
1.170000,4.245000,3.075000,1.072000,5.362000,4.290000
1.198000,6.691000,5.493000,1.088000,7.495000,6.407000
1.159000,4.536000,3.377000,1.082000,5.557000,4.475000
1.141000,6.301000,5.160000,1.081000,7.521000,6.440000
1.161000,6.216000,5.055000,1.089000,8.251000,7.162000
1.238000,6.805000,5.567000,1.104000,7.584000,6.480000
1.168000,7.779000,6.611000,1.099000,7.252000,6.153000
1.129000,7.596000,6.467000,1.101000,7.032000,5.931000
1.181000,6.644000,5.463000,1.144000,8.107000,6.963000
1.176000,6.739000,5.563000,1.091000,7.362000,6.271000
1.175000,14.561000,13.386000,1.092000,3.876000,2.784000
1.173000,6.453000,5.280000,1.109000,7.651000,6.542000
1.170000,4.248000,3.078000,1.095000,5.364000,4.269000
1.209000,6.434000,5.225000,1.114000,7.390000,6.276000
1.156000,7.658000,6.502000,1.103000,7.248000,6.145000
1.158000,6.544000,5.386000,1.098000,7.969000,6.871000
1.141000,4.277000,3.136000,1.081000,7.148000,6.067000
1.213000,6.830000,5.617000,1.100000,7.547000,6.447000
1.138000,6.456000,5.318000,1.084000,7.305000,6.221000
1.142000,7.646000,6.504000,1.080000,7.365000,6.285000
1.156000,7.490000,6.334000,1.093000,7.376000,6.283000
1.200000,4.409000,3.209000,1.104000,5.269000,4.165000
1.141000,6.563000,5.422000,1.082000,7.526000,6.444000
1.150000,5.908000,4.758000,1.091000,6.887000,5.796000
1.141000,6.466000,5.325000,1.070000,8.310000,7.240000
1.183000,6.498000,5.315000,1.091000,9.546000,8.455000
1.151000,6.199000,5.048000,1.088000,7.473000,6.385000
1.174000,4.362000,3.188000,1.083000,5.330000,4.247000
1.148000,6.141000,4.993000,1.089000,7.103000,6.014000
1.176000,8.367000,7.191000,1.106000,8.995000,7.889000
1.167000,6.363000,5.196000,1.081000,7.367000,6.286000
1.117000,6.294000,5.177000,1.087000,7.409000,6.322000
1.167000,6.064000,4.897000,1.074000,7.185000,6.111000
1.258000,6.556000,5.298000,1.084000,7.476000,6.392000
1.151000,6.244000,5.093000,1.085000,6.986000,5.901000
1.158000,6.292000,5.134000,1.078000,7.147000,6.069000
1.125000,6.572000,5.447000,1.082000,5.636000,4.554000
1.204000,6.525000,5.321000,1.107000,8.479000,7.372000
1.175000,4.496000,3.321000,1.086000,5.503000,4.417000
1.172000,6.386000,5.214000,1.091000,7.537000,6.446000
1.180000,6.208000,5.028000,1.075000,8.180000,7.105000
1.210000,8.305000,7.095000,1.084000,7.230000,6.146000
1.160000,4.457000,3.297000,1.088000,5.572000,4.484000
1.173000,6.394000,5.221000,1.085000,7.243000,6.158000
1.156000,6.135000,4.979000,1.095000,6.931000,5.836000
1.196000,6.586000,5.390000,1.098000,7.361000,6.263000
1.170000,6.375000,5.205000,1.082000,9.339000,8.257000
1.123000,6.082000,4.959000,1.087000,7.254000,6.167000
1.171000,6.290000,5.119000,1.070000,7.380000,6.310000
1.200000,6.726000,5.526000,1.085000,7.686000,6.601000
1.143000,6.340000,5.197000,1.082000,7.234000,6.152000
1.152000,6.287000,5.135000,1.081000,7.461000,6.380000
1.147000,6.170000,5.023000,1.089000,7.058000,5.969000
1.205000,6.406000,5.201000,1.097000,7.231000,6.134000
1.164000,6.226000,5.062000,1.093000,8.604000,7.511000
1.142000,6.105000,4.963000,1.091000,7.099000,6.008000
1.142000,6.008000,4.866000,1.093000,7.003000,5.910000
1.203000,7.066000,5.863000,1.087000,5.607000,4.520000
1.152000,6.100000,4.948000,1.077000,7.025000,5.948000
1.158000,4.407000,3.249000,1.080000,5.477000,4.397000
1.131000,6.226000,5.095000,1.089000,7.101000,6.012000
1.288000,8.673000,7.385000,1.101000,7.903000,6.802000
1.157000,6.475000,5.318000,1.086000,7.505000,6.419000
1.165000,6.295000,5.130000,1.091000,7.264000,6.173000
1.169000,6.316000,5.147000,1.070000,7.400000,6.330000
1.177000,8.042000,6.865000,1.103000,7.258000,6.155000
1.157000,6.476000,5.319000,1.090000,26.703000,25.613000
1.167000,6.314000,5.147000,1.082000,7.365000,6.283000
1.155000,6.364000,5.209000,1.095000,8.531000,7.436000
1.192000,6.223000,5.031000,1.106000,6.821000,5.715000
1.162000,4.353000,3.191000,1.089000,30.953000,29.864000
1.140000,6.290000,5.150000,1.112000,7.272000,6.160000
1.181000,6.438000,5.257000,1.094000,7.166000,6.072000
1.201000,4.461000,3.260000,1.098000,5.392000,4.294000
1.147000,7.694000,6.547000,1.094000,8.999000,7.905000
1.190000,6.673000,5.483000,1.083000,7.851000,6.768000
1.172000,5.768000,4.596000,1.103000,9.231000,8.128000
1.173000,4.860000,3.687000,1.107000,5.578000,4.471000
1.158000,6.335000,5.177000,1.089000,7.321000,6.232000
1.151000,6.206000,5.055000,1.084000,7.245000,6.161000
1.120000,8.816000,7.696000,1.078000,7.200000,6.122000
1.215000,6.848000,5.633000,1.080000,7.543000,6.463000
1.153000,6.190000,5.037000,1.088000,7.280000,6.192000
1.193000,6.359000,5.166000,1.080000,8.777000,7.697000
1.152000,7.840000,6.688000,1.095000,7.299000,6.204000
1.161000,6.763000,5.602000,1.098000,7.419000,6.321000
1.180000,6.586000,5.406000,1.082000,7.802000,6.720000
1.113000,4.321000,3.208000,1.084000,5.402000,4.318000
1.183000,6.368000,5.185000,1.076000,7.168000,6.092000
1.210000,7.191000,5.981000,1.086000,7.839000,6.753000
1.149000,6.656000,5.507000,1.090000,8.673000,7.583000
1.138000,4.482000,3.344000,1.083000,5.786000,4.703000
1.160000,6.657000,5.497000,1.099000,7.461000,6.362000
1.203000,6.832000,5.629000,1.098000,7.669000,6.571000
1.150000,6.694000,5.544000,1.082000,7.474000,6.392000
1.130000,6.361000,5.231000,1.089000,7.238000,6.149000
1.166000,6.198000,5.032000,1.080000,7.210000,6.130000
1.185000,6.591000,5.406000,1.088000,7.763000,6.675000
1.156000,6.267000,5.111000,1.089000,8.250000,7.161000
1.123000,4.203000,3.080000,1.085000,5.309000,4.224000
1.122000,8.033000,6.911000,1.101000,7.004000,5.903000
1.187000,6.802000,5.615000,1.129000,7.274000,6.145000
1.135000,4.533000,3.398000,1.093000,5.592000,4.499000
1.146000,6.239000,5.093000,1.087000,7.139000,6.052000
1.132000,6.488000,5.356000,1.082000,7.612000,6.530000
1.208000,6.933000,5.725000,1.086000,7.746000,6.660000
1.164000,6.559000,5.395000,1.086000,7.727000,6.641000
1.137000,6.393000,5.256000,1.094000,7.246000,6.152000
1.157000,6.213000,5.056000,1.102000,7.429000,6.327000
1.164000,7.946000,6.782000,1.098000,7.003000,5.905000
1.202000,8.085000,6.883000,1.147000,8.197000,7.050000
1.152000,6.468000,5.316000,1.104000,6.818000,5.714000
1.154000,6.369000,5.215000,1.092000,6.258000,5.166000
1.208000,6.736000,5.528000,1.107000,7.142000,6.035000
1.162000,6.343000,5.181000,1.085000,6.070000,4.985000
1.136000,6.431000,5.295000,1.096000,7.522000,6.426000
1.155000,6.500000,5.345000,1.075000,6.936000,5.861000
1.197000,6.541000,5.344000,1.098000,6.644000,5.546000
1.158000,6.392000,5.234000,1.100000,6.422000,5.322000
1.158000,5.983000,4.825000,1.086000,6.179000,5.093000
1.135000,4.657000,3.522000,1.112000,5.421000,4.309000
1.212000,6.584000,5.372000,1.104000,7.073000,5.969000
1.197000,6.276000,5.079000,1.089000,7.488000,6.399000
1.158000,6.568000,5.410000,1.090000,7.368000,6.278000
1.126000,4.264000,3.138000,1.075000,5.171000,4.096000
1.191000,6.708000,5.517000,1.108000,7.412000,6.304000
1.198000,29.103000,27.905000,1.085000,3.951000,2.866000
1.125000,6.507000,5.382000,1.097000,7.512000,6.415000
1.187000,6.343000,5.156000,1.083000,7.260000,6.177000
1.207000,7.022000,5.815000,1.104000,7.757000,6.653000
1.157000,6.376000,5.219000,1.087000,8.798000,7.711000
1.115000,6.066000,4.951000,1.101000,7.334000,6.233000
1.160000,4.278000,3.118000,1.083000,5.317000,4.234000
1.160000,6.417000,5.257000,1.086000,7.086000,6.000000
1.157000,6.514000,5.357000,1.078000,7.470000,6.392000
1.112000,7.904000,6.792000,1.082000,7.435000,6.353000
1.158000,6.407000,5.249000,1.081000,7.528000,6.447000
1.169000,6.455000,5.286000,1.111000,7.248000,6.137000
1.138000,6.206000,5.068000,1.083000,7.193000,6.110000
1.124000,6.062000,4.938000,1.098000,7.148000,6.050000
1.180000,6.866000,5.686000,1.083000,8.919000,7.836000
1.197000,8.277000,7.080000,1.096000,7.646000,6.550000
1.163000,6.413000,5.250000,1.091000,7.629000,6.538000
1.150000,6.270000,5.120000,1.082000,7.338000,6.256000
1.124000,6.322000,5.198000,1.103000,9.162000,8.059000
1.211000,6.713000,5.502000,1.103000,7.484000,6.381000
1.168000,6.503000,5.335000,1.086000,8.867000,7.781000
1.106000,6.387000,5.281000,1.077000,7.201000,6.124000
1.203000,4.311000,3.108000,1.090000,5.300000,4.210000
1.208000,6.565000,5.357000,1.105000,7.313000,6.208000
1.133000,4.428000,3.295000,1.098000,5.433000,4.335000
1.158000,6.518000,5.360000,1.083000,7.607000,6.524000
1.129000,6.148000,5.019000,1.105000,7.416000,6.311000
1.210000,6.863000,5.653000,1.109000,7.678000,6.569000
1.170000,26.811000,25.641000,1.094000,3.741000,2.647000
1.126000,4.166000,3.040000,1.086000,5.329000,4.243000
1.131000,4.357000,3.226000,1.097000,5.042000,3.945000
1.212000,6.778000,5.566000,1.097000,7.153000,6.056000
1.165000,6.107000,4.942000,1.098000,7.074000,5.976000
1.119000,6.149000,5.030000,1.087000,7.067000,5.980000
1.158000,7.396000,6.238000,1.097000,7.173000,6.076000
1.214000,6.547000,5.333000,1.105000,7.286000,6.181000
1.160000,6.207000,5.047000,1.083000,14.017000,12.934000
1.157000,6.070000,4.913000,1.101000,6.959000,5.858000
1.152000,6.150000,4.998000,1.079000,7.143000,6.064000
1.205000,6.626000,5.421000,1.090000,7.856000,6.766000
1.154000,6.357000,5.203000,1.088000,10.220000,9.132000
1.125000,6.553000,5.428000,1.079000,7.232000,6.153000
1.163000,6.213000,5.050000,1.093000,9.223000,8.130000
1.171000,6.495000,5.324000,1.105000,7.499000,6.394000
1.153000,6.245000,5.092000,1.081000,7.473000,6.392000
1.161000,6.250000,5.089000,1.100000,7.230000,6.130000
1.157000,6.080000,4.923000,1.081000,7.175000,6.094000
1.196000,6.450000,5.254000,1.094000,7.283000,6.189000
1.193000,6.501000,5.308000,1.092000,7.507000,6.415000
1.167000,6.310000,5.143000,1.083000,7.142000,6.059000
1.122000,4.546000,3.424000,1.097000,5.881000,4.784000
1.220000,6.431000,5.211000,1.108000,7.879000,6.771000
1.169000,4.417000,3.248000,1.085000,6.602000,5.517000
1.130000,6.358000,5.228000,1.100000,7.155000,6.055000
1.160000,6.158000,4.998000,1.081000,7.253000,6.172000
1.201000,6.705000,5.504000,1.100000,7.751000,6.651000
1.170000,6.185000,5.015000,1.092000,7.208000,6.116000
1.149000,6.035000,4.886000,1.083000,7.025000,5.942000
1.115000,6.440000,5.325000,1.097000,7.522000,6.425000
1.182000,6.787000,5.605000,1.104000,7.547000,6.443000
1.174000,7.623000,6.449000,1.081000,7.870000,6.789000
1.128000,6.508000,5.380000,1.098000,7.530000,6.432000
1.174000,4.281000,3.107000,1.085000,5.321000,4.236000
1.203000,4.586000,3.383000,1.099000,5.119000,4.020000
1.126000,6.120000,4.994000,1.092000,7.460000,6.368000
1.192000,5.830000,4.638000,1.079000,10.642000,9.563000
1.128000,4.465000,3.337000,1.097000,5.305000,4.208000
1.157000,4.417000,3.260000,1.099000,5.322000,4.223000
1.112000,6.884000,5.772000,1.077000,8.569000,7.492000
1.122000,4.236000,3.114000,1.100000,5.307000,4.207000
1.156000,6.115000,4.959000,1.085000,7.194000,6.109000
1.233000,6.714000,5.481000,1.095000,8.589000,7.494000
1.158000,6.751000,5.593000,1.096000,8.590000,7.494000
1.110000,6.080000,4.970000,1.080000,6.860000,5.780000
1.158000,6.155000,4.997000,1.097000,7.192000,6.095000
1.220000,6.547000,5.327000,1.106000,7.601000,6.495000
1.165000,18.973000,17.808000,1.097000,3.804000,2.707000
1.160000,4.330000,3.170000,1.095000,6.414000,5.319000
1.155000,6.133000,4.978000,1.087000,6.934000,5.847000
1.186000,6.879000,5.693000,1.093000,7.701000,6.608000
1.166000,7.324000,6.158000,1.281000,8.338000,7.057000
1.141000,6.771000,5.630000,1.081000,7.702000,6.621000
1.155000,4.472000,3.317000,1.099000,5.652000,4.553000
1.164000,6.947000,5.783000,1.101000,7.599000,6.498000
1.148000,6.074000,4.926000,1.092000,7.327000,6.235000
1.117000,4.342000,3.225000,1.088000,5.485000,4.397000
1.119000,4.191000,3.072000,1.081000,5.206000,4.125000
1.193000,6.569000,5.376000,1.085000,7.091000,6.006000
1.155000,6.426000,5.271000,1.083000,7.602000,6.519000
1.162000,6.449000,5.287000,1.086000,7.411000,6.325000
1.174000,6.379000,5.205000,1.085000,7.502000,6.417000
1.165000,6.725000,5.560000,1.096000,7.716000,6.620000
1.148000,6.312000,5.164000,1.095000,7.191000,6.096000
1.166000,6.075000,4.909000,1.092000,7.135000,6.043000
1.121000,6.028000,4.907000,1.083000,8.759000,7.676000
1.210000,6.667000,5.457000,1.097000,6.634000,5.537000
1.170000,6.191000,5.021000,1.096000,8.708000,7.612000
1.159000,6.369000,5.210000,1.086000,6.174000,5.088000
1.166000,6.251000,5.085000,1.101000,6.458000,5.357000
1.182000,6.647000,5.465000,1.102000,6.812000,5.710000
1.170000,6.336000,5.166000,1.086000,6.436000,5.350000
1.131000,6.030000,4.899000,1.077000,6.213000,5.136000
1.170000,6.001000,4.831000,1.084000,6.012000,4.928000
1.172000,6.388000,5.216000,1.101000,7.219000,6.118000
1.164000,52.346000,51.182000,1.098000,4.042000,2.944000
1.150000,6.199000,5.049000,1.094000,6.657000,5.563000
1.157000,6.028000,4.871000,1.102000,5.931000,4.829000
1.157000,6.447000,5.290000,1.110000,7.503000,6.393000
1.148000,4.203000,3.055000,1.096000,36.194000,35.098000
1.131000,4.319000,3.188000,1.093000,4.303000,3.210000
1.123000,6.181000,5.058000,1.094000,5.981000,4.887000
1.230000,8.535000,7.305000,1.097000,7.167000,6.070000
1.148000,4.378000,3.230000,1.100000,4.668000,3.568000
1.121000,6.274000,5.153000,1.085000,57.141000,56.056000
1.168000,7.525000,6.357000,1.106000,7.137000,6.031000
1.205000,6.606000,5.401000,1.098000,7.455000,6.357000
1.187000,7.063000,5.876000,1.091000,9.155000,8.064000
1.177000,7.547000,6.370000,1.088000,6.929000,5.841000
1.158000,6.548000,5.390000,1.107000,7.407000,6.300000
1.180000,7.809000,6.629000,1.101000,7.381000,6.280000
1.162000,6.301000,5.139000,1.102000,7.283000,6.181000
1.149000,6.197000,5.048000,1.080000,7.193000,6.113000
1.158000,4.394000,3.236000,1.098000,5.324000,4.226000
1.181000,6.680000,5.499000,1.107000,8.746000,7.639000
1.157000,6.391000,5.234000,1.088000,7.293000,6.205000
1.165000,6.481000,5.316000,1.096000,7.797000,6.701000
1.152000,6.141000,4.989000,1.083000,7.184000,6.101000
1.167000,6.690000,5.523000,1.098000,7.454000,6.356000
1.157000,25.840000,24.683000,1.101000,4.036000,2.935000
1.113000,4.188000,3.075000,1.094000,5.117000,4.023000
1.117000,6.522000,5.405000,1.092000,9.035000,7.943000
1.172000,7.922000,6.750000,1.109000,7.463000,6.354000
1.167000,6.268000,5.101000,1.081000,7.288000,6.207000
1.145000,4.560000,3.415000,1.098000,5.455000,4.357000
1.117000,4.298000,3.181000,1.081000,6.479000,5.398000
1.161000,4.672000,3.511000,1.142000,5.475000,4.333000
1.158000,6.606000,5.448000,1.081000,7.808000,6.727000
1.156000,4.401000,3.245000,1.074000,5.373000,4.299000
1.166000,6.049000,4.883000,1.093000,7.003000,5.910000
1.176000,8.265000,7.089000,1.095000,7.241000,6.146000
1.154000,4.237000,3.083000,1.088000,22.386000,21.298000
1.120000,6.279000,5.159000,1.070000,7.459000,6.389000
1.166000,6.283000,5.117000,1.086000,7.393000,6.307000
1.248000,6.669000,5.421000,1.096000,7.532000,6.436000
1.163000,6.569000,5.406000,1.091000,7.317000,6.226000
1.112000,6.132000,5.020000,1.081000,7.155000,6.074000
1.297000,7.128000,5.831000,1.165000,8.629000,7.464000
1.212000,6.863000,5.651000,1.105000,7.513000,6.408000
1.164000,6.171000,5.007000,1.089000,7.385000,6.296000
1.124000,6.278000,5.154000,1.075000,7.216000,6.141000
1.173000,5.813000,4.640000,1.089000,9.117000,8.028000
1.203000,6.816000,5.613000,1.096000,7.753000,6.657000
1.183000,6.156000,4.973000,1.091000,7.172000,6.081000
1.122000,5.988000,4.866000,1.080000,7.294000,6.214000
1.157000,6.084000,4.927000,1.084000,7.094000,6.010000
1.180000,8.014000,6.834000,1.099000,8.789000,7.690000
1.164000,6.412000,5.248000,1.090000,7.547000,6.457000
1.163000,4.306000,3.143000,1.094000,6.553000,5.459000
1.150000,6.033000,4.883000,1.089000,7.238000,6.149000
1.152000,6.633000,5.481000,1.099000,7.208000,6.109000
1.165000,6.625000,5.460000,1.089000,7.742000,6.653000
1.162000,6.669000,5.507000,1.078000,7.939000,6.861000
1.158000,6.262000,5.104000,1.095000,7.349000,6.254000
1.178000,6.445000,5.267000,1.096000,7.214000,6.118000
1.167000,4.394000,3.227000,1.089000,5.483000,4.394000
1.144000,6.218000,5.074000,1.081000,7.105000,6.024000
1.160000,6.428000,5.268000,1.083000,7.508000,6.425000
1.196000,4.567000,3.371000,1.092000,5.212000,4.120000
1.165000,7.890000,6.725000,1.073000,7.369000,6.296000
1.160000,6.417000,5.257000,1.078000,7.552000,6.474000
1.156000,6.459000,5.303000,1.087000,9.028000,7.941000
1.192000,6.694000,5.502000,1.106000,7.593000,6.487000
1.166000,6.509000,5.343000,1.085000,8.788000,7.703000
1.214000,6.286000,5.072000,1.100000,7.315000,6.215000
1.158000,6.120000,4.962000,1.092000,7.090000,5.998000
1.205000,6.586000,5.381000,1.099000,7.254000,6.155000
1.153000,5.977000,4.824000,1.081000,7.270000,6.189000
1.156000,6.306000,5.150000,1.080000,7.305000,6.225000
1.194000,6.205000,5.011000,1.085000,7.160000,6.075000
1.209000,6.563000,5.354000,1.100000,7.203000,6.103000
1.144000,7.869000,6.725000,1.085000,7.188000,6.103000
1.169000,6.346000,5.177000,1.100000,7.341000,6.241000
1.155000,6.130000,4.975000,1.089000,7.053000,5.964000
1.185000,6.550000,5.365000,1.091000,7.282000,6.191000
1.159000,6.480000,5.321000,1.071000,9.559000,8.488000
1.118000,6.062000,4.944000,1.080000,6.971000,5.891000
1.162000,6.036000,4.874000,1.097000,7.184000,6.087000
1.182000,6.598000,5.416000,1.099000,7.459000,6.360000
1.148000,20.177000,19.029000,1.090000,3.791000,2.701000
1.166000,6.414000,5.248000,1.087000,7.048000,5.961000
1.117000,4.376000,3.259000,1.079000,5.378000,4.299000
1.175000,6.607000,5.432000,1.095000,7.146000,6.051000
1.160000,6.674000,5.514000,1.086000,7.616000,6.530000
1.161000,6.343000,5.182000,1.078000,8.384000,7.306000
1.149000,7.592000,6.443000,1.097000,7.192000,6.095000
1.164000,8.488000,7.324000,1.106000,8.110000,7.004000
1.165000,6.187000,5.022000,1.086000,7.312000,6.226000
1.162000,6.102000,4.940000,1.100000,7.182000,6.082000
1.156000,4.235000,3.079000,1.081000,5.369000,4.288000
1.144000,6.759000,5.615000,1.091000,7.335000,6.244000
1.169000,4.245000,3.076000,1.081000,5.284000,4.203000
1.128000,6.443000,5.315000,1.079000,7.654000,6.575000
1.162000,6.190000,5.028000,1.096000,7.229000,6.133000
1.215000,7.125000,5.910000,1.109000,6.680000,5.571000
1.120000,4.334000,3.214000,1.082000,4.692000,3.610000
1.224000,6.755000,5.531000,1.104000,6.304000,5.200000
1.162000,6.264000,5.102000,1.081000,6.472000,5.391000
1.191000,6.442000,5.251000,1.099000,6.864000,5.765000
1.156000,99.366000,98.210000,1.112000,3.939000,2.827000
1.102000,6.573000,5.471000,1.082000,6.775000,5.693000
1.166000,6.374000,5.208000,1.096000,7.067000,5.971000
1.171000,8.598000,7.427000,1.112000,7.782000,6.670000
1.154000,6.707000,5.553000,1.087000,8.537000,7.450000
1.162000,7.525000,6.363000,1.100000,6.791000,5.691000
1.149000,6.409000,5.260000,1.085000,6.151000,5.066000
1.175000,6.723000,5.548000,1.092000,6.480000,5.388000
1.179000,5.904000,4.725000,1.076000,8.547000,7.471000
1.143000,4.354000,3.211000,1.079000,4.618000,3.539000
1.168000,6.393000,5.225000,1.095000,6.516000,5.421000
1.183000,7.009000,5.826000,1.128000,6.790000,5.662000
1.146000,8.119000,6.973000,1.098000,6.530000,5.432000
1.126000,8.434000,7.308000,1.104000,7.077000,5.973000
1.167000,8.128000,6.961000,1.091000,5.980000,4.889000
1.227000,6.988000,5.761000,1.103000,6.654000,5.551000
1.160000,6.412000,5.252000,1.102000,6.934000,5.832000
1.106000,7.616000,6.510000,1.092000,5.900000,4.808000
1.170000,6.284000,5.114000,1.101000,6.683000,5.582000
1.243000,8.539000,7.296000,1.112000,6.631000,5.519000
1.180000,5.767000,4.587000,1.091000,7.822000,6.731000
1.162000,6.350000,5.188000,1.103000,6.776000,5.673000
1.169000,6.448000,5.279000,1.091000,6.746000,5.655000
1.197000,6.831000,5.634000,1.098000,6.579000,5.481000
1.160000,7.771000,6.611000,1.095000,6.893000,5.798000
1.110000,4.394000,3.284000,1.085000,4.989000,3.904000
1.127000,6.175000,5.048000,1.086000,6.079000,4.993000
1.215000,6.676000,5.461000,1.105000,7.363000,6.258000
1.129000,4.770000,3.641000,1.100000,6.013000,4.913000
1.162000,6.154000,4.992000,1.097000,7.160000,6.063000
1.154000,6.314000,5.160000,1.081000,8.538000,7.457000
1.175000,6.617000,5.442000,1.091000,7.333000,6.242000
1.162000,40.049000,38.887000,1.097000,3.966000,2.869000
1.112000,4.253000,3.141000,1.083000,5.558000,4.475000
1.163000,5.969000,4.806000,1.097000,6.930000,5.833000
1.181000,4.451000,3.270000,1.096000,5.339000,4.243000
1.167000,6.437000,5.270000,1.076000,8.428000,7.352000
1.150000,6.411000,5.261000,1.073000,7.162000,6.089000
1.134000,4.391000,3.257000,1.082000,5.820000,4.738000
1.164000,6.783000,5.619000,1.081000,7.537000,6.456000
1.172000,6.015000,4.843000,1.086000,7.232000,6.146000
1.109000,6.242000,5.133000,1.083000,7.360000,6.277000
1.164000,6.129000,4.965000,1.097000,7.301000,6.204000
1.186000,6.861000,5.675000,1.109000,7.597000,6.488000
1.187000,60.419000,59.232000,1.095000,3.960000,2.865000
1.118000,6.140000,5.022000,1.081000,7.118000,6.037000
1.171000,6.123000,4.952000,1.091000,7.208000,6.117000
1.152000,6.510000,5.358000,1.087000,7.831000,6.744000
1.130000,4.282000,3.152000,1.086000,5.329000,4.243000
1.157000,6.387000,5.230000,1.088000,7.425000,6.337000
1.120000,6.392000,5.272000,1.083000,7.643000,6.560000
1.223000,6.917000,5.694000,1.134000,9.702000,8.568000
1.159000,6.372000,5.213000,1.085000,9.980000,8.895000
1.138000,4.375000,3.237000,1.088000,5.474000,4.386000
1.161000,6.174000,5.013000,1.088000,6.851000,5.763000
1.202000,6.670000,5.468000,1.095000,7.432000,6.337000
1.151000,17.110000,15.959000,1.094000,4.117000,3.023000
1.146000,6.371000,5.225000,1.088000,9.186000,8.098000
1.127000,4.522000,3.395000,1.099000,5.349000,4.250000
1.239000,6.608000,5.369000,1.103000,9.657000,8.554000
1.170000,6.385000,5.215000,1.083000,8.645000,7.562000
1.150000,6.115000,4.965000,1.186000,7.186000,6.000000
1.172000,4.300000,3.128000,1.084000,5.320000,4.236000
1.212000,6.736000,5.524000,1.087000,7.421000,6.334000
1.159000,6.281000,5.122000,1.086000,7.227000,6.141000
1.170000,6.043000,4.873000,1.083000,7.218000,6.135000
1.160000,6.648000,5.488000,1.161000,7.562000,6.401000
1.185000,6.721000,5.536000,1.099000,7.676000,6.577000
1.127000,4.303000,3.176000,1.087000,5.810000,4.723000
1.162000,7.684000,6.522000,1.102000,9.384000,8.282000
1.198000,4.522000,3.324000,1.208000,6.206000,4.998000
1.167000,6.838000,5.671000,1.090000,7.573000,6.483000
1.166000,40.129000,38.963000,1.106000,3.953000,2.847000
1.149000,4.410000,3.261000,1.089000,5.718000,4.629000
1.156000,6.162000,5.006000,1.097000,7.071000,5.974000
1.154000,8.549000,7.395000,1.102000,8.723000,7.621000
1.157000,6.247000,5.090000,1.091000,6.959000,5.868000
1.144000,6.139000,4.995000,1.086000,7.134000,6.048000
1.156000,6.257000,5.101000,1.081000,7.333000,6.252000
1.222000,6.762000,5.540000,1.099000,7.454000,6.355000
1.159000,6.116000,4.957000,1.097000,7.151000,6.054000
1.154000,6.165000,5.011000,1.086000,9.007000,7.921000
1.159000,6.305000,5.146000,1.101000,7.202000,6.101000
1.208000,6.846000,5.638000,1.102000,7.751000,6.649000
1.145000,6.321000,5.176000,1.081000,21.513000,20.432000
1.134000,6.499000,5.365000,1.087000,7.388000,6.301000
1.164000,6.154000,4.990000,1.083000,7.245000,6.162000
1.190000,6.871000,5.681000,1.098000,7.392000,6.294000
1.164000,6.670000,5.506000,1.095000,7.724000,6.629000
1.169000,6.529000,5.360000,1.082000,7.281000,6.199000
1.181000,4.309000,3.128000,1.104000,5.688000,4.584000
1.205000,6.734000,5.529000,1.101000,7.269000,6.168000
1.155000,4.362000,3.207000,1.088000,6.505000,5.417000
1.167000,4.227000,3.060000,1.092000,6.977000,5.885000
1.159000,6.363000,5.204000,1.081000,7.449000,6.368000
1.194000,7.041000,5.847000,1.097000,7.823000,6.726000
1.168000,6.105000,4.937000,1.081000,7.079000,5.998000
1.132000,4.438000,3.306000,1.078000,5.562000,4.484000
1.153000,5.989000,4.836000,1.080000,7.125000,6.045000
1.206000,6.732000,5.526000,1.106000,7.487000,6.381000
1.179000,7.548000,6.369000,1.085000,7.560000,6.475000
1.128000,6.625000,5.497000,1.098000,7.342000,6.244000
1.144000,4.231000,3.087000,1.083000,5.467000,4.384000
1.201000,6.657000,5.456000,1.085000,7.225000,6.140000
1.163000,6.419000,5.256000,1.114000,7.338000,6.224000
1.157000,6.467000,5.310000,1.103000,6.742000,5.639000
1.203000,6.102000,4.899000,1.105000,5.793000,4.688000
1.196000,8.472000,7.276000,1.102000,6.752000,5.650000
1.212000,6.640000,5.428000,1.104000,6.598000,5.494000
1.149000,4.484000,3.335000,1.087000,4.275000,3.188000
1.161000,6.181000,5.020000,1.091000,5.650000,4.559000
1.205000,6.695000,5.490000,1.149000,7.475000,6.326000
1.232000,6.377000,5.145000,1.110000,5.951000,4.841000
1.226000,4.418000,3.192000,1.098000,4.484000,3.386000
1.209000,6.325000,5.116000,1.103000,6.384000,5.281000
1.217000,6.373000,5.156000,1.098000,5.801000,4.703000
1.155000,66.662000,65.507000,1.094000,3.954000,2.860000
1.130000,6.381000,5.251000,1.107000,7.003000,5.896000
1.206000,6.335000,5.129000,1.095000,6.988000,5.893000
1.170000,6.800000,5.630000,1.104000,7.271000,6.167000
1.154000,4.351000,3.197000,1.106000,4.079000,2.973000
1.151000,6.649000,5.498000,1.103000,6.097000,4.994000
1.145000,7.258000,6.113000,1.101000,6.819000,5.718000
1.242000,4.493000,3.251000,1.098000,4.426000,3.328000
1.164000,6.496000,5.332000,1.093000,6.064000,4.971000
1.113000,6.418000,5.305000,1.085000,6.175000,5.090000
1.164000,6.313000,5.149000,1.097000,6.702000,5.605000
1.207000,6.685000,5.478000,1.097000,7.135000,6.038000
1.159000,6.449000,5.290000,1.109000,39.313000,38.204000
1.155000,6.380000,5.225000,1.108000,6.448000,5.340000
1.185000,6.165000,4.980000,1.099000,5.747000,4.648000
1.168000,6.512000,5.344000,1.097000,6.361000,5.264000
1.167000,6.529000,5.362000,1.109000,6.854000,5.745000
1.153000,6.140000,4.987000,1.089000,5.882000,4.793000
1.152000,6.298000,5.146000,1.094000,6.233000,5.139000
1.192000,6.721000,5.529000,1.094000,8.650000,7.556000
1.157000,6.656000,5.499000,1.104000,7.060000,5.956000
1.164000,6.494000,5.330000,1.092000,6.875000,5.783000
1.150000,6.476000,5.326000,1.103000,6.283000,5.180000
1.212000,7.150000,5.938000,1.103000,7.993000,6.890000
1.158000,6.453000,5.295000,1.097000,6.776000,5.679000
1.145000,7.087000,5.942000,1.086000,5.819000,4.733000
1.204000,4.251000,3.047000,1.087000,5.041000,3.954000
1.214000,6.646000,5.432000,1.102000,6.316000,5.214000
1.190000,6.369000,5.179000,1.096000,6.456000,5.360000
1.125000,4.244000,3.119000,1.093000,4.558000,3.465000
1.173000,4.288000,3.115000,1.097000,4.069000,2.972000
1.206000,6.802000,5.596000,1.094000,6.686000,5.592000
1.170000,4.325000,3.155000,1.111000,5.634000,4.523000
1.153000,6.258000,5.105000,1.094000,7.191000,6.097000
1.132000,6.597000,5.465000,1.087000,4.938000,3.851000
1.185000,6.573000,5.388000,1.106000,7.235000,6.129000
1.154000,6.300000,5.146000,1.106000,7.059000,5.953000
1.119000,8.289000,7.170000,1.088000,8.529000,7.441000
1.155000,6.470000,5.315000,1.102000,7.228000,6.126000
1.161000,7.005000,5.844000,1.091000,8.219000,7.128000
1.168000,61.034000,59.866000,1.082000,3.946000,2.864000
1.127000,6.240000,5.113000,1.097000,6.943000,5.846000
1.151000,6.309000,5.158000,1.093000,8.738000,7.645000
1.178000,6.927000,5.749000,1.099000,8.158000,7.059000
1.154000,6.744000,5.590000,1.100000,7.528000,6.428000
1.126000,6.604000,5.478000,1.094000,5.159000,4.065000
1.156000,6.521000,5.365000,1.101000,7.185000,6.084000
1.163000,6.936000,5.773000,1.095000,7.793000,6.698000
1.158000,10.493000,9.335000,1.098000,3.801000,2.703000
1.164000,6.255000,5.091000,1.093000,8.325000,7.232000
1.155000,4.381000,3.226000,1.089000,5.142000,4.053000
1.166000,6.607000,5.441000,1.130000,7.392000,6.262000
1.170000,6.175000,5.005000,1.106000,7.172000,6.066000
1.162000,6.277000,5.115000,1.094000,7.036000,5.942000
1.152000,6.295000,5.143000,1.106000,7.417000,6.311000
1.175000,6.747000,5.572000,1.088000,8.498000,7.410000
1.155000,4.393000,3.238000,1.094000,5.277000,4.183000
1.122000,6.243000,5.121000,1.089000,7.106000,6.017000
1.158000,6.001000,4.843000,1.085000,7.060000,5.975000
1.178000,6.652000,5.474000,1.098000,7.504000,6.406000
1.163000,6.287000,5.124000,1.100000,7.210000,6.110000
1.175000,6.248000,5.073000,1.098000,7.064000,5.966000
1.160000,7.704000,6.544000,1.099000,7.297000,6.198000
1.184000,6.433000,5.249000,1.097000,7.685000,6.588000
1.167000,6.227000,5.060000,1.097000,7.017000,5.920000
1.118000,4.369000,3.251000,1.085000,5.316000,4.231000
1.128000,4.257000,3.129000,1.078000,5.241000,4.163000
1.187000,6.479000,5.292000,1.125000,7.189000,6.064000
1.159000,6.416000,5.257000,1.098000,8.510000,7.412000
1.129000,4.187000,3.058000,1.098000,5.231000,4.133000
1.119000,6.610000,5.491000,1.105000,7.535000,6.430000
1.146000,6.763000,5.617000,1.089000,9.397000,8.308000
1.157000,6.188000,5.031000,1.090000,7.208000,6.118000
1.141000,6.030000,4.889000,1.085000,6.774000,5.689000
1.121000,6.095000,4.974000,1.085000,6.749000,5.664000
1.262000,7.829000,6.567000,1.193000,7.753000,6.560000
1.151000,7.643000,6.492000,1.086000,7.155000,6.069000
1.119000,6.264000,5.145000,1.087000,6.579000,5.492000
1.161000,6.382000,5.221000,1.089000,4.325000,3.236000
1.208000,8.053000,6.845000,1.128000,6.359000,5.231000
1.164000,6.299000,5.135000,1.082000,6.304000,5.222000
1.117000,6.528000,5.411000,1.077000,7.386000,6.309000
1.169000,7.760000,6.591000,1.077000,6.498000,5.421000
1.214000,8.173000,6.959000,1.112000,6.317000,5.205000
1.179000,6.315000,5.136000,1.098000,6.313000,5.215000
1.162000,5.995000,4.833000,1.084000,6.102000,5.018000
1.144000,6.364000,5.220000,1.100000,6.860000,5.760000
1.393000,7.015000,5.622000,1.135000,7.156000,6.021000
1.193000,7.778000,6.585000,1.088000,6.157000,5.069000
1.169000,6.166000,4.997000,1.107000,6.551000,5.444000
1.162000,6.479000,5.317000,1.090000,6.250000,5.160000
1.188000,6.719000,5.531000,1.098000,6.477000,5.379000
1.157000,6.190000,5.033000,1.095000,6.391000,5.296000
1.167000,6.473000,5.306000,1.089000,6.828000,5.739000
1.153000,6.358000,5.205000,1.090000,6.153000,5.063000
1.199000,6.584000,5.385000,1.101000,6.186000,5.085000
1.168000,6.311000,5.143000,1.088000,6.153000,5.065000
1.147000,6.074000,4.927000,1.100000,6.231000,5.131000
1.203000,6.336000,5.133000,1.093000,6.122000,5.029000
1.200000,6.491000,5.291000,1.108000,6.757000,5.649000
1.203000,6.207000,5.004000,1.079000,5.916000,4.837000
1.215000,6.401000,5.186000,1.085000,7.586000,6.501000
1.159000,6.215000,5.056000,1.086000,5.755000,4.669000
1.210000,6.678000,5.468000,1.097000,6.237000,5.140000
1.160000,74.684000,73.524000,1.087000,3.952000,2.865000
1.155000,6.193000,5.038000,1.093000,5.800000,4.707000
1.212000,4.438000,3.226000,1.082000,5.015000,3.933000
1.248000,8.148000,6.900000,1.095000,8.836000,7.741000
1.147000,7.967000,6.820000,1.086000,13.317000,12.231000
1.121000,6.519000,5.398000,1.079000,6.686000,5.607000
1.194000,6.379000,5.185000,1.086000,6.685000,5.599000
1.203000,6.806000,5.603000,1.088000,7.691000,6.603000
1.164000,6.163000,4.999000,1.086000,5.943000,4.857000
1.159000,6.177000,5.018000,1.085000,6.496000,5.411000
1.151000,4.198000,3.047000,1.086000,4.239000,3.153000
1.235000,6.528000,5.293000,1.094000,6.548000,5.454000
1.158000,6.190000,5.032000,1.081000,6.734000,5.653000
1.135000,4.377000,3.242000,1.079000,5.067000,3.988000
1.159000,6.485000,5.326000,1.083000,6.830000,5.747000
1.208000,6.297000,5.089000,1.091000,6.021000,4.930000
1.167000,6.331000,5.164000,1.082000,6.152000,5.070000
1.155000,6.125000,4.970000,1.085000,6.445000,5.360000
1.141000,6.158000,5.017000,1.086000,6.140000,5.054000
1.212000,6.625000,5.413000,1.095000,7.295000,6.200000
1.153000,6.721000,5.568000,1.081000,7.040000,5.959000
1.178000,6.040000,4.862000,1.076000,6.468000,5.392000
1.155000,6.256000,5.101000,1.083000,5.943000,4.860000
1.200000,8.316000,7.116000,1.075000,7.590000,6.515000
1.165000,6.206000,5.041000,1.090000,6.579000,5.489000
1.129000,6.280000,5.151000,1.085000,6.079000,4.994000
1.173000,6.722000,5.549000,1.095000,6.782000,5.687000
1.204000,8.294000,7.090000,1.092000,7.381000,6.289000
1.158000,6.363000,5.205000,1.089000,6.303000,5.214000
1.158000,6.395000,5.237000,1.083000,5.874000,4.791000
1.147000,6.383000,5.236000,1.091000,6.131000,5.040000
1.205000,6.736000,5.531000,1.080000,7.028000,5.948000
1.151000,7.709000,6.558000,1.082000,6.799000,5.717000
1.128000,8.054000,6.926000,1.085000,6.431000,5.346000
1.195000,6.346000,5.151000,1.092000,6.692000,5.600000
1.219000,4.430000,3.211000,1.086000,4.318000,3.232000
1.188000,6.210000,5.022000,1.077000,6.116000,5.039000
1.131000,6.944000,5.813000,1.080000,6.728000,5.648000
1.117000,4.330000,3.213000,1.085000,4.353000,3.268000
1.213000,6.759000,5.546000,1.107000,6.493000,5.386000
1.198000,7.010000,5.812000,1.099000,82.347000,81.248000
1.153000,6.266000,5.113000,1.087000,6.095000,5.008000
1.171000,4.460000,3.289000,1.084000,4.930000,3.846000
1.217000,6.789000,5.572000,1.096000,6.699000,5.603000
1.162000,6.102000,4.940000,1.084000,5.929000,4.845000
1.158000,4.345000,3.187000,1.080000,4.339000,3.259000
1.123000,6.417000,5.294000,1.084000,7.275000,6.191000
1.207000,6.886000,5.679000,1.087000,7.548000,6.461000
1.338000,7.254000,5.916000,1.085000,8.903000,7.818000
1.173000,6.363000,5.190000,1.083000,8.704000,7.621000
1.166000,6.155000,4.989000,1.086000,7.198000,6.112000
1.189000,6.938000,5.749000,1.098000,7.447000,6.349000
1.144000,6.356000,5.212000,1.075000,7.134000,6.059000
1.122000,6.559000,5.437000,1.074000,7.565000,6.491000
1.156000,6.142000,4.986000,1.075000,7.133000,6.058000
1.175000,6.881000,5.706000,1.082000,7.607000,6.525000
1.154000,6.253000,5.099000,1.080000,8.410000,7.330000
1.120000,6.282000,5.162000,1.089000,7.427000,6.338000
1.174000,5.749000,4.575000,1.080000,8.236000,7.156000
1.158000,6.702000,5.544000,1.088000,8.353000,7.265000
1.169000,6.069000,4.900000,1.094000,7.029000,5.935000
1.132000,7.691000,6.559000,1.075000,8.104000,7.029000
1.156000,6.342000,5.186000,1.097000,7.322000,6.225000
1.188000,6.522000,5.334000,1.084000,7.297000,6.213000
1.182000,6.126000,4.944000,1.093000,7.472000,6.379000
1.130000,7.944000,6.814000,1.087000,8.520000,7.433000
1.167000,6.407000,5.240000,1.087000,7.312000,6.225000
1.179000,6.582000,5.403000,1.094000,7.705000,6.611000
1.157000,6.322000,5.165000,1.081000,7.281000,6.200000
1.153000,6.318000,5.165000,1.076000,7.410000,6.334000
1.150000,6.210000,5.060000,1.080000,8.433000,7.353000
1.210000,8.238000,7.028000,1.085000,7.687000,6.602000
1.155000,6.531000,5.376000,1.082000,8.982000,7.900000
1.131000,4.371000,3.240000,1.078000,5.729000,4.651000
1.167000,6.698000,5.531000,1.082000,5.471000,4.389000
1.199000,6.893000,5.694000,1.107000,6.491000,5.384000
1.154000,6.537000,5.383000,1.082000,7.240000,6.158000
1.126000,6.354000,5.228000,1.079000,6.579000,5.500000
1.169000,6.394000,5.225000,1.074000,6.439000,5.365000
1.203000,6.681000,5.478000,1.095000,8.636000,7.541000
1.171000,6.662000,5.491000,1.082000,8.542000,7.460000
1.202000,6.070000,4.868000,1.079000,6.065000,4.986000
1.129000,6.334000,5.205000,1.081000,7.362000,6.281000
1.203000,8.356000,7.153000,1.095000,6.640000,5.545000
1.151000,6.546000,5.395000,1.075000,6.515000,5.440000
1.127000,6.399000,5.272000,1.095000,8.082000,6.987000
1.153000,6.114000,4.961000,1.078000,6.065000,4.987000
1.173000,6.717000,5.544000,1.091000,6.440000,5.349000
1.151000,6.377000,5.226000,1.094000,6.353000,5.259000
1.158000,6.039000,4.881000,1.090000,7.636000,6.546000
1.170000,6.171000,5.001000,1.083000,6.976000,5.893000
1.169000,6.517000,5.348000,1.102000,6.294000,5.192000
1.146000,6.456000,5.310000,1.086000,6.591000,5.505000
1.145000,7.755000,6.610000,1.085000,7.093000,6.008000
1.156000,6.418000,5.262000,1.084000,6.809000,5.725000
1.201000,6.913000,5.712000,1.077000,6.725000,5.648000
1.172000,6.142000,4.970000,1.084000,5.884000,4.800000
1.167000,7.715000,6.548000,1.084000,6.036000,4.952000
1.139000,5.950000,4.811000,1.087000,7.589000,6.502000
1.218000,6.644000,5.426000,1.088000,7.841000,6.753000
1.159000,6.587000,5.428000,1.079000,6.423000,5.344000
1.130000,6.211000,5.081000,1.074000,6.225000,5.151000
1.190000,6.336000,5.146000,1.091000,6.191000,5.100000
1.203000,4.655000,3.452000,1.087000,4.533000,3.446000
1.174000,6.134000,4.960000,1.086000,6.363000,5.277000
1.160000,6.522000,5.362000,1.085000,6.710000,5.625000
1.147000,7.833000,6.686000,1.086000,6.658000,5.572000
1.198000,6.677000,5.479000,1.095000,6.460000,5.365000
1.138000,6.580000,5.442000,1.077000,6.476000,5.399000
1.206000,6.350000,5.144000,1.082000,6.195000,5.113000
1.184000,7.746000,6.562000,1.084000,6.524000,5.440000
1.230000,6.585000,5.355000,1.085000,7.224000,6.139000
1.166000,6.125000,4.959000,1.083000,6.029000,4.946000
1.164000,4.388000,3.224000,1.089000,4.272000,3.183000
1.335000,7.033000,5.698000,1.098000,8.387000,7.289000
1.220000,8.423000,7.203000,1.142000,8.004000,6.862000
1.175000,6.614000,5.439000,1.079000,6.307000,5.228000
1.158000,4.393000,3.235000,1.074000,4.791000,3.717000
1.129000,6.426000,5.297000,1.083000,8.728000,7.645000
1.207000,6.651000,5.444000,1.095000,7.534000,6.439000
1.203000,6.690000,5.487000,1.084000,6.551000,5.467000
1.220000,6.223000,5.003000,1.094000,7.330000,6.236000
1.154000,4.231000,3.077000,1.089000,5.562000,4.473000
1.207000,6.716000,5.509000,1.099000,7.702000,6.603000
1.140000,6.121000,4.981000,1.075000,7.097000,6.022000
1.158000,6.174000,5.016000,1.073000,6.915000,5.842000
1.117000,6.206000,5.089000,1.081000,6.866000,5.785000
1.205000,6.707000,5.502000,1.089000,7.505000,6.416000
1.173000,6.356000,5.183000,1.088000,7.555000,6.467000
1.158000,6.319000,5.161000,1.080000,9.198000,8.118000
1.175000,6.208000,5.033000,1.084000,7.415000,6.331000
1.214000,6.796000,5.582000,1.098000,7.601000,6.503000
1.145000,6.204000,5.059000,1.077000,7.317000,6.240000
1.128000,6.379000,5.251000,1.075000,8.047000,6.972000
1.152000,6.931000,5.779000,1.084000,7.807000,6.723000
1.209000,6.785000,5.576000,1.082000,7.619000,6.537000
1.158000,6.576000,5.418000,1.086000,7.454000,6.368000
1.126000,4.226000,3.100000,1.078000,5.324000,4.246000
1.148000,4.191000,3.043000,1.082000,5.611000,4.529000
1.169000,8.305000,7.136000,1.097000,8.756000,7.659000
1.145000,8.038000,6.893000,1.077000,7.418000,6.341000
1.160000,6.206000,5.046000,1.082000,7.322000,6.240000
1.153000,4.303000,3.150000,1.084000,5.357000,4.273000
1.207000,6.759000,5.552000,1.082000,7.627000,6.545000
1.151000,7.748000,6.597000,1.077000,7.256000,6.179000
1.126000,6.295000,5.169000,1.098000,8.308000,7.210000
1.153000,6.313000,5.160000,1.076000,7.288000,6.212000
1.200000,7.081000,5.881000,1.100000,7.429000,6.329000
1.153000,6.360000,5.207000,1.077000,9.659000,8.582000
1.162000,6.081000,4.919000,1.072000,7.050000,5.978000
1.119000,6.265000,5.146000,1.079000,7.193000,6.114000
1.208000,6.550000,5.342000,1.080000,9.165000,8.085000
1.166000,7.977000,6.811000,1.085000,7.615000,6.530000
1.123000,6.388000,5.265000,1.079000,7.730000,6.651000
1.170000,6.250000,5.080000,1.086000,7.111000,6.025000
1.205000,6.699000,5.494000,1.096000,7.367000,6.271000
1.159000,6.569000,5.410000,1.081000,7.528000,6.447000
1.137000,6.085000,4.948000,1.076000,7.034000,5.958000
1.143000,6.472000,5.329000,1.080000,7.739000,6.659000
1.201000,6.444000,5.243000,1.085000,7.041000,5.956000
1.156000,6.201000,5.045000,1.081000,7.193000,6.112000
1.116000,6.371000,5.255000,1.099000,7.456000,6.357000
1.148000,6.203000,5.055000,1.083000,9.185000,8.102000
1.161000,6.734000,5.573000,1.107000,9.288000,8.181000
1.155000,82.059000,80.904000,1.081000,3.934000,2.853000
1.162000,6.312000,5.150000,1.089000,7.094000,6.005000
1.155000,6.255000,5.100000,1.074000,8.315000,7.241000
1.193000,6.526000,5.333000,1.092000,7.062000,5.970000
1.165000,61.532000,60.367000,1.086000,3.951000,2.865000
1.186000,4.283000,3.097000,1.095000,5.732000,4.637000
1.119000,6.750000,5.631000,1.080000,7.536000,6.456000
1.212000,4.408000,3.196000,1.137000,5.128000,3.991000
1.162000,8.260000,7.098000,1.077000,7.786000,6.709000
1.176000,6.388000,5.212000,1.078000,7.424000,6.346000
1.153000,4.461000,3.308000,1.081000,5.642000,4.561000
1.175000,6.526000,5.351000,1.081000,7.243000,6.162000
1.176000,4.583000,3.407000,1.083000,5.483000,4.400000
1.135000,6.397000,5.262000,1.080000,8.377000,7.297000
1.166000,6.301000,5.135000,1.081000,7.529000,6.448000
1.201000,7.061000,5.860000,1.094000,7.640000,6.546000
1.201000,8.564000,7.363000,1.237000,10.082000,8.845000
1.173000,4.186000,3.013000,1.092000,5.674000,4.582000
1.125000,6.145000,5.020000,1.105000,6.079000,4.974000
1.227000,7.008000,5.781000,1.140000,8.289000,7.149000
1.162000,6.891000,5.729000,1.082000,6.863000,5.781000
1.156000,6.483000,5.327000,1.080000,7.891000,6.811000
1.184000,6.643000,5.459000,1.081000,6.639000,5.558000
1.212000,6.665000,5.453000,1.101000,7.416000,6.315000
1.155000,6.350000,5.195000,1.091000,6.398000,5.307000
1.158000,6.335000,5.177000,1.085000,6.862000,5.777000
1.167000,6.259000,5.092000,1.091000,6.200000,5.109000
1.174000,6.835000,5.661000,1.099000,6.962000,5.863000
1.167000,6.599000,5.432000,1.078000,6.749000,5.671000
1.109000,6.168000,5.059000,1.083000,6.242000,5.159000
1.163000,4.226000,3.063000,1.081000,4.277000,3.196000
1.182000,6.900000,5.718000,1.094000,6.602000,5.508000
1.152000,64.673000,63.521000,1.102000,3.961000,2.859000
1.124000,6.104000,4.980000,1.094000,5.722000,4.628000
1.163000,6.085000,4.922000,1.089000,6.446000,5.357000
1.214000,6.796000,5.582000,1.106000,6.496000,5.390000
1.145000,6.447000,5.302000,1.087000,19.758000,18.671000
1.137000,6.083000,4.946000,1.102000,6.158000,5.056000
1.157000,6.160000,5.003000,1.088000,6.131000,5.043000
1.174000,8.232000,7.058000,1.104000,8.584000,7.480000
1.155000,7.975000,6.820000,1.091000,7.178000,6.087000
1.162000,8.179000,7.017000,1.081000,7.241000,6.160000
1.155000,4.323000,3.168000,1.100000,4.489000,3.389000
1.192000,6.590000,5.398000,1.113000,6.930000,5.817000
1.157000,7.927000,6.770000,1.088000,6.682000,5.594000
1.149000,6.585000,5.436000,1.086000,6.635000,5.549000
1.158000,6.115000,4.957000,1.085000,6.141000,5.056000
1.215000,6.797000,5.582000,1.104000,7.076000,5.972000
1.151000,6.522000,5.371000,1.083000,6.747000,5.664000
1.183000,6.526000,5.343000,1.081000,6.328000,5.247000
1.194000,6.434000,5.240000,1.093000,6.321000,5.228000
1.200000,6.888000,5.688000,1.112000,7.340000,6.228000
1.163000,6.315000,5.152000,1.092000,6.710000,5.618000
1.114000,4.186000,3.072000,1.092000,4.106000,3.014000
1.167000,6.508000,5.341000,1.087000,6.038000,4.951000
1.212000,6.689000,5.477000,1.138000,6.464000,5.326000
1.153000,18.679000,17.526000,1.096000,4.159000,3.063000
1.159000,6.366000,5.207000,1.094000,6.944000,5.850000
1.158000,5.992000,4.834000,1.093000,5.816000,4.723000
1.206000,6.652000,5.446000,1.108000,7.141000,6.033000
1.152000,16.456000,15.304000,1.087000,3.918000,2.831000
1.162000,7.781000,6.619000,1.091000,5.968000,4.877000
1.165000,6.245000,5.080000,1.083000,6.598000,5.515000
1.210000,6.810000,5.600000,1.107000,9.808000,8.701000
1.120000,4.583000,3.463000,1.095000,4.342000,3.247000
1.165000,6.540000,5.375000,1.083000,6.398000,5.315000
1.129000,6.368000,5.239000,1.090000,6.590000,5.500000
1.208000,6.876000,5.668000,1.103000,7.707000,6.604000
1.157000,6.335000,5.178000,1.098000,6.073000,4.975000
1.154000,6.008000,4.854000,1.091000,5.731000,4.640000
1.157000,6.087000,4.930000,1.088000,5.974000,4.886000
1.212000,6.759000,5.547000,1.098000,7.737000,6.639000
1.162000,6.116000,4.954000,1.097000,6.164000,5.067000
1.142000,6.447000,5.305000,1.087000,7.344000,6.257000
1.159000,6.100000,4.941000,1.095000,5.938000,4.843000
1.197000,6.750000,5.553000,1.093000,6.737000,5.644000
1.131000,6.482000,5.351000,1.088000,4.577000,3.489000
1.162000,6.040000,4.878000,1.093000,7.198000,6.105000
1.169000,6.537000,5.368000,1.092000,8.521000,7.429000
1.192000,6.744000,5.552000,1.091000,7.571000,6.480000
1.161000,9.041000,7.880000,1.100000,21.452000,20.352000
1.125000,6.294000,5.169000,1.080000,7.241000,6.161000
1.156000,4.274000,3.118000,1.235000,6.105000,4.870000
1.174000,8.561000,7.387000,1.103000,7.897000,6.794000
1.156000,6.316000,5.160000,1.079000,14.872000,13.793000
1.151000,6.255000,5.104000,1.094000,7.548000,6.454000
1.162000,6.462000,5.300000,1.091000,7.422000,6.331000
1.185000,6.624000,5.439000,1.088000,7.572000,6.484000
1.163000,6.404000,5.241000,1.079000,7.338000,6.259000
1.175000,6.206000,5.031000,1.079000,7.463000,6.384000
1.149000,7.837000,6.688000,1.092000,9.257000,8.165000
1.179000,6.943000,5.764000,1.083000,7.841000,6.758000
1.169000,6.509000,5.340000,1.076000,7.571000,6.495000
1.106000,7.762000,6.656000,1.089000,7.005000,5.916000
1.147000,6.431000,5.284000,1.096000,7.369000,6.273000
1.212000,6.943000,5.731000,1.084000,7.956000,6.872000
1.184000,7.599000,6.415000,1.097000,3.801000,2.704000
1.157000,6.093000,4.936000,1.099000,6.995000,5.896000
1.178000,5.844000,4.666000,1.086000,8.708000,7.622000
1.208000,6.813000,5.605000,1.098000,7.460000,6.362000
1.159000,6.318000,5.159000,1.083000,26.404000,25.321000
1.130000,6.226000,5.096000,1.074000,6.895000,5.821000
1.172000,6.339000,5.167000,1.077000,8.374000,7.297000
1.178000,6.601000,5.423000,1.088000,7.309000,6.221000
1.159000,6.021000,4.862000,1.106000,7.321000,6.215000
1.167000,6.470000,5.303000,1.077000,7.501000,6.424000
1.155000,6.440000,5.285000,1.092000,9.083000,7.991000
1.174000,6.924000,5.750000,1.082000,7.647000,6.565000
1.162000,7.731000,6.569000,1.082000,7.181000,6.099000
1.155000,6.204000,5.049000,1.079000,7.057000,5.978000
1.153000,4.387000,3.234000,1.072000,5.467000,4.395000
1.182000,8.354000,7.172000,1.092000,7.613000,6.521000
1.155000,4.247000,3.092000,1.085000,5.401000,4.316000
1.113000,6.335000,5.222000,1.084000,8.831000,7.747000
1.152000,6.465000,5.313000,1.089000,7.508000,6.419000
1.173000,6.701000,5.528000,1.084000,8.568000,7.484000
1.124000,4.399000,3.275000,1.075000,5.404000,4.329000
1.151000,6.403000,5.252000,1.083000,9.041000,7.958000
1.124000,4.268000,3.144000,1.077000,5.415000,4.338000
1.194000,6.540000,5.346000,1.082000,7.208000,6.126000
1.160000,6.346000,5.186000,1.091000,8.554000,7.463000
1.172000,6.345000,5.173000,1.077000,8.561000,7.484000
1.171000,6.294000,5.123000,1.086000,8.616000,7.530000
1.178000,4.412000,3.234000,1.090000,5.206000,4.116000
1.123000,6.452000,5.329000,1.080000,7.541000,6.461000
1.169000,6.131000,4.962000,1.081000,7.011000,5.930000
1.158000,4.283000,3.125000,1.078000,4.412000,3.334000
1.203000,6.678000,5.475000,1.092000,7.206000,6.114000
1.157000,6.459000,5.302000,1.085000,6.650000,5.565000
1.124000,6.225000,5.101000,1.074000,6.705000,5.631000
1.161000,6.561000,5.400000,1.077000,4.662000,3.585000
1.192000,6.922000,5.730000,1.097000,6.574000,5.477000
1.165000,4.368000,3.203000,1.078000,4.465000,3.387000
1.111000,6.063000,4.952000,1.086000,6.638000,5.552000
1.163000,6.208000,5.045000,1.091000,6.343000,5.252000
1.219000,6.776000,5.557000,1.084000,6.726000,5.642000
1.169000,12.242000,11.073000,1.085000,3.816000,2.731000
1.174000,6.516000,5.342000,1.076000,5.924000,4.848000
1.189000,6.114000,4.925000,1.081000,6.468000,5.387000
1.202000,6.494000,5.292000,1.091000,6.617000,5.526000
1.156000,6.471000,5.315000,1.077000,8.838000,7.761000
1.141000,4.319000,3.178000,1.072000,4.381000,3.309000
1.125000,4.348000,3.223000,1.103000,4.989000,3.886000
1.173000,6.548000,5.375000,1.094000,7.679000,6.585000
1.160000,6.284000,5.124000,1.092000,6.113000,5.021000
1.161000,6.479000,5.318000,1.078000,6.576000,5.498000
1.174000,6.238000,5.064000,1.087000,6.172000,5.085000
1.181000,6.510000,5.329000,1.097000,6.603000,5.506000
1.177000,6.867000,5.690000,1.096000,6.794000,5.698000
1.115000,6.344000,5.229000,1.150000,7.626000,6.476000
1.164000,4.241000,3.077000,1.094000,4.910000,3.816000
1.210000,8.707000,7.497000,1.092000,6.936000,5.844000
1.194000,6.305000,5.111000,1.102000,6.966000,5.864000
1.150000,6.270000,5.120000,1.088000,6.226000,5.138000
1.187000,6.504000,5.317000,1.087000,6.194000,5.107000
1.159000,6.688000,5.529000,1.102000,7.232000,6.130000
1.161000,27.035000,25.874000,1.084000,3.921000,2.837000
1.146000,4.171000,3.025000,1.091000,4.433000,3.342000
1.155000,6.135000,4.980000,1.089000,6.973000,5.884000
1.204000,6.779000,5.575000,1.110000,7.795000,6.685000
1.149000,6.384000,5.235000,1.092000,6.366000,5.274000
1.136000,6.056000,4.920000,1.085000,5.796000,4.711000
1.157000,6.020000,4.863000,1.090000,6.507000,5.417000
1.206000,6.838000,5.632000,1.096000,9.638000,8.542000
1.180000,6.352000,5.172000,1.097000,6.087000,4.990000
1.155000,6.096000,4.941000,1.095000,5.933000,4.838000
1.199000,6.433000,5.234000,1.090000,6.772000,5.682000
1.221000,6.558000,5.337000,1.097000,6.476000,5.379000
1.172000,6.159000,4.987000,1.089000,6.830000,5.741000
1.126000,6.244000,5.118000,1.096000,6.275000,5.179000
1.153000,6.304000,5.151000,1.090000,6.750000,5.660000
1.229000,6.779000,5.550000,1.093000,6.833000,5.740000
1.187000,6.389000,5.202000,1.089000,6.964000,5.875000
1.143000,6.036000,4.893000,1.097000,7.134000,6.037000
1.151000,6.361000,5.210000,1.098000,6.202000,5.104000
1.182000,6.802000,5.620000,1.094000,6.578000,5.484000
1.177000,49.461000,48.284000,1.092000,3.854000,2.762000
1.163000,6.259000,5.096000,1.088000,6.847000,5.759000
1.162000,4.272000,3.110000,1.096000,4.145000,3.049000
1.172000,8.172000,7.000000,1.107000,6.393000,5.286000
1.164000,6.185000,5.021000,1.091000,6.694000,5.603000
1.121000,4.515000,3.394000,1.092000,4.952000,3.860000
1.128000,6.440000,5.312000,1.092000,6.321000,5.229000
1.168000,6.504000,5.336000,1.102000,6.419000,5.317000
1.160000,85.259000,84.099000,1.093000,3.996000,2.903000
1.160000,4.272000,3.112000,1.099000,4.723000,3.624000
1.164000,6.197000,5.033000,1.122000,6.008000,4.886000
1.190000,6.620000,5.430000,1.144000,7.065000,5.921000
1.191000,6.358000,5.167000,1.088000,8.769000,7.681000
1.119000,6.514000,5.395000,1.096000,6.354000,5.258000
1.156000,6.354000,5.198000,1.091000,6.446000,5.355000
1.180000,6.800000,5.620000,1.101000,6.682000,5.581000
1.165000,4.310000,3.145000,1.086000,4.375000,3.289000
1.136000,4.363000,3.227000,1.088000,4.286000,3.198000
1.155000,6.251000,5.096000,1.093000,7.435000,6.342000
1.175000,6.781000,5.606000,1.095000,7.575000,6.480000
1.158000,6.146000,4.988000,1.096000,7.355000,6.259000
