Th 0 BCAST_S,Th 0 BCAST_E,Th 0 BCAST_D,Th 1 BCAST_S,Th 1 BCAST_E,Th 1 BCAST_D
2.329000,376.131000,373.802000,1.741000,145.990000,144.249000
1.214000,134.073000,132.859000,1.002000,134.506000,133.504000
1.080000,129.377000,128.297000,0.951000,129.717000,128.766000
1.093000,129.310000,128.217000,0.953000,129.581000,128.628000
1.091000,129.299000,128.208000,0.949000,129.547000,128.598000
1.091000,129.351000,128.260000,0.953000,129.613000,128.660000
1.091000,129.292000,128.201000,0.949000,129.541000,128.592000
1.089000,129.339000,128.250000,0.953000,129.603000,128.650000
1.091000,129.291000,128.200000,0.949000,129.541000,128.592000
1.089000,129.399000,128.310000,0.953000,129.707000,128.754000
1.091000,129.294000,128.203000,0.949000,129.543000,128.594000
1.084000,129.336000,128.252000,0.953000,129.599000,128.646000
1.090000,129.295000,128.205000,0.949000,129.553000,128.604000
1.089000,129.305000,128.216000,0.953000,129.574000,128.621000
1.101000,129.392000,128.291000,0.949000,129.646000,128.697000
1.089000,129.293000,128.204000,0.953000,129.557000,128.604000
1.088000,129.377000,128.289000,0.949000,129.627000,128.678000
1.089000,129.308000,128.219000,0.953000,129.615000,128.662000
1.094000,129.394000,128.300000,0.949000,129.650000,128.701000
1.095000,129.320000,128.225000,0.953000,129.629000,128.676000
1.102000,129.451000,128.349000,0.949000,129.783000,128.834000
1.090000,129.306000,128.216000,0.953000,129.569000,128.616000
1.091000,129.344000,128.253000,0.949000,129.598000,128.649000
1.083000,129.283000,128.200000,0.953000,129.547000,128.594000
1.090000,129.291000,128.201000,0.949000,129.541000,128.592000
1.083000,129.324000,128.241000,0.953000,129.587000,128.634000
1.086000,129.293000,128.207000,0.949000,129.543000,128.594000
1.083000,129.337000,128.254000,0.953000,129.601000,128.648000
1.089000,129.297000,128.208000,0.949000,129.547000,128.598000
1.095000,129.404000,128.309000,0.953000,129.753000,128.800000
1.086000,129.295000,128.209000,0.949000,129.548000,128.599000
1.097000,129.401000,128.304000,0.953000,129.665000,128.712000
1.092000,129.326000,128.234000,0.949000,129.611000,128.662000
1.097000,129.369000,128.272000,0.953000,129.638000,128.685000
1.086000,129.296000,128.210000,0.949000,129.545000,128.596000
1.101000,129.316000,128.215000,0.953000,129.579000,128.626000
1.091000,129.348000,128.257000,0.949000,129.597000,128.648000
1.094000,129.323000,128.229000,0.953000,129.676000,128.723000
1.090000,129.383000,128.293000,0.949000,129.680000,128.731000
1.095000,129.309000,128.214000,0.953000,129.573000,128.620000
1.090000,129.343000,128.253000,0.949000,129.593000,128.644000
1.093000,129.319000,128.226000,0.953000,129.669000,128.716000
1.096000,129.425000,128.329000,0.949000,129.674000,128.725000
1.100000,129.313000,128.213000,0.953000,129.577000,128.624000
1.096000,130.097000,129.001000,0.949000,130.345000,129.396000
1.096000,129.311000,128.215000,0.953000,129.580000,128.627000
1.094000,129.379000,128.285000,0.949000,129.629000,128.680000
1.090000,129.364000,128.274000,0.953000,129.627000,128.674000
1.090000,129.359000,128.269000,0.949000,129.609000,128.660000
1.090000,129.307000,128.217000,0.953000,129.576000,128.623000
1.090000,129.374000,128.284000,0.949000,129.630000,128.681000
1.094000,129.306000,128.212000,0.953000,129.571000,128.618000
1.090000,129.325000,128.235000,0.949000,129.575000,128.626000
1.089000,129.305000,128.216000,0.953000,129.574000,128.621000
1.104000,129.335000,128.231000,0.949000,129.607000,128.658000
1.094000,129.360000,128.266000,0.953000,129.625000,128.672000
1.090000,129.291000,128.201000,0.949000,129.541000,128.592000
1.090000,129.379000,128.289000,0.953000,129.643000,128.690000
1.090000,129.298000,128.208000,0.949000,129.554000,128.605000
1.100000,129.409000,128.309000,0.953000,129.673000,128.720000
1.096000,129.299000,128.203000,0.949000,129.549000,128.600000
1.097000,129.380000,128.283000,0.953000,129.645000,128.692000
1.090000,129.297000,128.207000,0.949000,129.552000,128.603000
1.100000,129.348000,128.248000,0.953000,129.607000,128.654000
1.093000,129.308000,128.215000,0.949000,129.553000,128.604000
1.091000,129.309000,128.218000,0.953000,129.573000,128.620000
1.086000,159.296000,158.210000,0.949000,180.719000,179.770000
1.093000,133.676000,132.583000,1.015000,134.042000,133.027000
1.093000,133.445000,132.352000,0.944000,133.731000,132.787000
1.098000,133.386000,132.288000,0.938000,133.689000,132.751000
1.103000,133.520000,132.417000,0.944000,133.832000,132.888000
1.098000,133.386000,132.288000,0.938000,133.645000,132.707000
1.101000,133.436000,132.335000,0.944000,133.704000,132.760000
1.096000,133.386000,132.290000,0.938000,133.645000,132.707000
1.104000,133.422000,132.318000,0.944000,134.008000,133.064000
1.096000,133.386000,132.290000,0.938000,133.643000,132.705000
1.099000,133.399000,132.300000,0.944000,133.746000,132.802000
1.096000,133.400000,132.304000,0.938000,133.657000,132.719000
1.101000,133.402000,132.301000,0.944000,133.696000,132.752000
1.096000,133.417000,132.321000,0.938000,133.677000,132.739000
1.101000,133.390000,132.289000,0.944000,133.658000,132.714000
1.098000,133.452000,132.354000,0.938000,133.711000,132.773000
1.101000,133.390000,132.289000,0.944000,133.658000,132.714000
1.096000,133.428000,132.332000,0.938000,133.687000,132.749000
1.094000,133.383000,132.289000,0.944000,133.650000,132.706000
1.093000,133.451000,132.358000,0.938000,133.709000,132.771000
1.091000,133.380000,132.289000,0.944000,133.648000,132.704000
1.092000,133.383000,132.291000,0.938000,133.641000,132.703000
1.102000,133.436000,132.334000,0.944000,133.738000,132.794000
1.103000,133.394000,132.291000,0.938000,133.653000,132.715000
1.099000,133.459000,132.360000,0.944000,133.730000,132.786000
1.105000,133.397000,132.292000,0.938000,133.655000,132.717000
1.099000,133.456000,132.357000,0.944000,133.726000,132.782000
1.105000,133.384000,132.279000,0.938000,133.641000,132.703000
1.097000,133.430000,132.333000,0.944000,133.700000,132.756000
1.103000,133.392000,132.289000,0.938000,133.649000,132.711000
1.090000,133.436000,132.346000,0.944000,133.714000,132.770000
1.099000,133.401000,132.302000,0.938000,133.743000,132.805000
1.089000,133.374000,132.285000,0.944000,133.644000,132.700000
1.100000,133.466000,132.366000,0.938000,133.723000,132.785000
1.089000,133.375000,132.286000,0.944000,133.654000,132.710000
1.116000,133.474000,132.358000,0.938000,133.775000,132.837000
1.093000,133.392000,132.299000,0.944000,133.750000,132.806000
1.102000,133.444000,132.342000,0.938000,133.699000,132.761000
1.091000,133.378000,132.287000,0.944000,133.662000,132.718000
1.100000,133.437000,132.337000,0.938000,133.731000,132.793000
1.087000,133.386000,132.299000,0.944000,133.688000,132.744000
1.096000,133.418000,132.322000,0.938000,133.675000,132.737000
1.083000,133.354000,132.271000,0.944000,133.624000,132.680000
1.096000,133.444000,132.348000,0.938000,133.729000,132.791000
1.087000,133.373000,132.286000,0.944000,133.644000,132.700000
1.098000,133.384000,132.286000,0.938000,133.641000,132.703000
1.087000,133.430000,132.343000,0.944000,133.710000,132.766000
1.100000,133.396000,132.296000,0.938000,133.697000,132.759000
1.087000,133.451000,132.364000,0.944000,133.722000,132.778000
1.098000,133.398000,132.300000,0.938000,133.679000,132.741000
1.085000,133.417000,132.332000,0.944000,133.696000,132.752000
1.096000,133.368000,132.272000,0.938000,133.625000,132.687000
1.087000,133.394000,132.307000,0.944000,133.664000,132.720000
1.098000,133.386000,132.288000,0.938000,133.643000,132.705000
1.085000,133.387000,132.302000,0.944000,133.658000,132.714000
1.096000,133.397000,132.301000,0.938000,133.699000,132.761000
1.087000,133.455000,132.368000,0.944000,133.752000,132.808000
1.098000,133.395000,132.297000,0.938000,133.697000,132.759000
1.085000,133.438000,132.353000,0.944000,133.708000,132.764000
1.098000,133.387000,132.289000,0.938000,133.643000,132.705000
1.092000,133.403000,132.311000,0.944000,133.672000,132.728000
1.101000,133.385000,132.284000,0.938000,133.643000,132.705000
1.095000,133.391000,132.296000,0.944000,133.740000,132.796000
1.100000,133.454000,132.354000,0.938000,133.711000,132.773000
1.095000,133.398000,132.303000,0.944000,133.692000,132.748000
1.100000,133.428000,132.328000,0.938000,133.687000,132.749000
1.093000,133.376000,132.283000,0.944000,133.688000,132.744000
1.098000,133.446000,132.348000,0.938000,133.705000,132.767000
1.086000,133.363000,132.277000,0.944000,133.638000,132.694000
1.093000,142.871000,141.778000,0.938000,143.018000,142.080000
1.084000,133.584000,132.500000,0.964000,133.861000,132.897000
1.098000,133.385000,132.287000,0.943000,133.686000,132.743000
1.096000,133.391000,132.295000,0.937000,133.646000,132.709000
1.091000,133.375000,132.284000,0.943000,133.650000,132.707000
1.100000,133.396000,132.296000,0.937000,133.660000,132.723000
1.091000,133.360000,132.269000,0.943000,133.634000,132.691000
1.098000,133.410000,132.312000,0.937000,133.778000,132.841000
1.096000,133.398000,132.302000,0.943000,133.714000,132.771000
1.101000,133.398000,132.297000,0.937000,133.652000,132.715000
1.092000,133.373000,132.281000,0.943000,133.648000,132.705000
1.100000,133.395000,132.295000,0.937000,133.650000,132.713000
1.091000,133.372000,132.281000,0.943000,133.646000,132.703000
1.103000,133.398000,132.295000,0.937000,133.652000,132.715000
1.121000,133.408000,132.287000,0.943000,133.814000,132.871000
1.102000,133.401000,132.299000,0.937000,133.656000,132.719000
1.095000,133.376000,132.281000,0.943000,133.652000,132.709000
1.105000,133.398000,132.293000,0.937000,133.654000,132.717000
1.093000,133.391000,132.298000,0.943000,133.752000,132.809000
1.102000,133.417000,132.315000,0.937000,133.698000,132.761000
1.095000,133.377000,132.282000,0.943000,133.652000,132.709000
1.102000,133.393000,132.291000,0.937000,133.652000,132.715000
1.095000,133.402000,132.307000,0.943000,133.710000,132.767000
1.101000,133.399000,132.298000,0.937000,133.654000,132.717000
1.086000,133.372000,132.286000,0.943000,133.646000,132.703000
1.094000,133.389000,132.295000,0.937000,133.644000,132.707000
1.083000,133.397000,132.314000,0.943000,133.758000,132.815000
1.100000,133.383000,132.283000,0.937000,133.638000,132.701000
1.085000,133.384000,132.299000,0.943000,133.696000,132.753000
1.100000,133.401000,132.301000,0.937000,133.656000,132.719000
1.091000,133.375000,132.284000,0.943000,133.650000,132.707000
1.094000,133.391000,132.297000,0.937000,133.646000,132.709000
1.085000,133.383000,132.298000,0.943000,133.702000,132.759000
1.094000,133.383000,132.289000,0.937000,133.638000,132.701000
1.085000,133.367000,132.282000,0.943000,133.642000,132.699000
1.094000,133.390000,132.296000,0.937000,133.768000,132.831000
1.091000,133.382000,132.291000,0.943000,133.656000,132.713000
1.100000,133.413000,132.313000,0.937000,133.712000,132.775000
1.085000,133.371000,132.286000,0.943000,133.644000,132.701000
1.097000,133.409000,132.312000,0.937000,133.698000,132.761000
1.090000,133.368000,132.278000,0.943000,133.642000,132.699000
1.102000,133.395000,132.293000,0.937000,133.650000,132.713000
1.093000,133.395000,132.302000,0.943000,133.758000,132.815000
1.171000,133.514000,132.343000,0.937000,133.848000,132.911000
1.095000,133.381000,132.286000,0.943000,133.654000,132.711000
1.097000,133.382000,132.285000,0.937000,133.646000,132.709000
1.089000,133.371000,132.282000,0.943000,133.646000,132.703000
1.096000,133.487000,132.391000,0.937000,133.828000,132.891000
1.089000,133.373000,132.284000,0.943000,133.646000,132.703000
1.096000,133.413000,132.317000,0.937000,133.668000,132.731000
1.089000,133.372000,132.283000,0.943000,133.648000,132.705000
1.096000,133.434000,132.338000,0.937000,133.690000,132.753000
1.089000,133.369000,132.280000,0.943000,133.644000,132.701000
1.092000,133.397000,132.305000,0.937000,133.740000,132.803000
1.095000,133.397000,132.302000,0.943000,133.714000,132.771000
1.105000,133.395000,132.290000,0.937000,133.650000,132.713000
1.095000,133.375000,132.280000,0.943000,133.650000,132.707000
1.102000,133.391000,132.289000,0.937000,133.646000,132.709000
1.120000,133.403000,132.283000,0.943000,133.768000,132.825000
1.097000,133.407000,132.310000,0.937000,133.686000,132.749000
1.095000,133.375000,132.280000,0.943000,133.650000,132.707000
1.105000,133.395000,132.290000,0.937000,133.650000,132.713000
1.095000,133.381000,132.286000,0.943000,133.656000,132.713000
1.105000,133.399000,132.294000,0.937000,133.654000,132.717000
1.089000,133.373000,132.284000,0.943000,133.648000,132.705000
1.096000,133.372000,132.276000,0.937000,133.628000,132.691000
1.089000,133.372000,132.283000,0.943000,133.648000,132.705000
1.096000,133.383000,132.287000,0.937000,133.638000,132.701000
1.095000,133.377000,132.282000,0.943000,133.652000,132.709000
1.097000,133.386000,132.289000,0.937000,133.642000,132.705000
1.095000,141.500000,140.405000,0.943000,141.679000,140.736000
1.092000,137.438000,136.346000,0.954000,137.764000,136.810000
1.098000,137.401000,136.303000,0.946000,137.710000,136.764000
1.094000,137.384000,136.290000,0.944000,137.670000,136.726000
1.095000,137.390000,136.295000,0.946000,137.691000,136.745000
1.094000,137.396000,136.302000,0.944000,137.708000,136.764000
1.095000,137.390000,136.295000,0.946000,137.691000,136.745000
1.100000,137.397000,136.297000,0.944000,137.684000,136.740000
1.101000,137.402000,136.301000,0.946000,137.703000,136.757000
1.094000,137.386000,136.292000,0.944000,137.670000,136.726000
1.095000,137.394000,136.299000,0.946000,137.689000,136.743000
1.094000,137.394000,136.300000,0.944000,137.724000,136.780000
1.095000,137.388000,136.293000,0.946000,137.689000,136.743000
1.096000,137.398000,136.302000,0.944000,137.728000,136.784000
1.095000,137.388000,136.293000,0.946000,137.689000,136.743000
1.121000,137.416000,136.295000,0.944000,137.908000,136.964000
1.095000,137.398000,136.303000,0.946000,137.691000,136.745000
1.094000,137.396000,136.302000,0.944000,137.770000,136.826000
1.093000,137.403000,136.310000,0.946000,137.727000,136.781000
1.094000,137.392000,136.298000,0.944000,137.728000,136.784000
1.095000,137.400000,136.305000,0.946000,137.745000,136.799000
1.096000,137.391000,136.295000,0.944000,137.672000,136.728000
1.093000,137.388000,136.295000,0.946000,137.689000,136.743000
1.094000,137.384000,136.290000,0.944000,137.670000,136.726000
1.095000,137.391000,136.296000,0.946000,137.693000,136.747000
1.115000,137.442000,136.327000,0.944000,137.772000,136.828000
1.095000,137.390000,136.295000,0.946000,137.691000,136.745000
1.100000,137.403000,136.303000,0.944000,137.684000,136.740000
1.099000,137.400000,136.301000,0.946000,137.701000,136.755000
1.100000,137.413000,136.313000,0.944000,137.728000,136.784000
1.095000,137.390000,136.295000,0.946000,137.691000,136.745000
1.094000,137.382000,136.288000,0.944000,137.668000,136.724000
1.095000,137.392000,136.297000,0.946000,137.693000,136.747000
1.094000,137.395000,136.301000,0.944000,137.770000,136.826000
1.095000,137.394000,136.299000,0.946000,137.693000,136.747000
1.102000,137.402000,136.300000,0.944000,137.686000,136.742000
1.101000,137.416000,136.315000,0.946000,137.743000,136.797000
1.100000,137.396000,136.296000,0.944000,137.682000,136.738000
1.093000,137.400000,136.307000,0.946000,137.789000,136.843000
1.098000,137.396000,136.298000,0.944000,137.682000,136.738000
1.101000,137.404000,136.303000,0.946000,137.705000,136.759000
1.100000,137.413000,136.313000,0.944000,137.728000,136.784000
1.095000,137.397000,136.302000,0.946000,137.693000,136.747000
1.096000,137.386000,136.290000,0.944000,137.672000,136.728000
1.101000,137.406000,136.305000,0.946000,137.707000,136.761000
1.100000,137.402000,136.302000,0.944000,137.682000,136.738000
1.099000,137.405000,136.306000,0.946000,137.705000,136.759000
1.100000,137.397000,136.297000,0.944000,137.682000,136.738000
1.108000,137.411000,136.303000,0.946000,137.711000,136.765000
1.105000,137.409000,136.304000,0.944000,137.782000,136.838000
1.105000,137.427000,136.322000,0.946000,137.755000,136.809000
1.106000,137.399000,136.293000,0.944000,137.686000,136.742000
1.107000,137.410000,136.303000,0.946000,137.711000,136.765000
1.104000,137.396000,136.292000,0.944000,137.682000,136.738000
1.099000,137.394000,136.295000,0.946000,137.695000,136.749000
1.096000,137.384000,136.288000,0.944000,137.670000,136.726000
1.099000,137.404000,136.305000,0.946000,137.749000,136.803000
1.100000,137.401000,136.301000,0.944000,137.722000,136.778000
1.096000,137.394000,136.298000,0.946000,137.695000,136.749000
1.101000,137.405000,136.304000,0.944000,137.778000,136.834000
1.095000,137.396000,136.301000,0.946000,137.691000,136.745000
1.094000,137.384000,136.290000,0.944000,137.670000,136.726000
1.099000,137.410000,136.311000,0.946000,137.711000,136.765000
1.100000,137.396000,136.296000,0.944000,137.688000,136.744000
1.101000,137.409000,136.308000,0.946000,137.705000,136.759000
1.100000,137.396000,136.296000,0.944000,137.680000,136.736000
1.108000,137.418000,136.310000,0.946000,137.753000,136.807000
1.099000,137.389000,136.290000,0.944000,137.674000,136.730000
1.101000,142.825000,141.724000,0.946000,143.010000,142.064000
1.100000,133.393000,132.293000,0.942000,133.655000,132.713000
1.098000,133.340000,132.242000,0.945000,133.635000,132.690000
1.097000,133.347000,132.250000,0.941000,133.604000,132.663000
1.094000,133.346000,132.252000,0.945000,133.654000,132.709000
1.113000,133.381000,132.268000,0.941000,133.682000,132.741000
1.105000,133.340000,132.235000,0.945000,133.612000,132.667000
1.113000,133.369000,132.256000,0.941000,133.626000,132.685000
1.104000,133.340000,132.236000,0.945000,133.614000,132.669000
1.103000,133.349000,132.246000,0.941000,133.606000,132.665000
1.098000,133.329000,132.231000,0.945000,133.602000,132.657000
1.107000,133.356000,132.249000,0.941000,133.614000,132.673000
1.096000,133.311000,132.215000,0.945000,133.672000,132.727000
1.107000,133.349000,132.242000,0.941000,133.606000,132.665000
1.104000,133.359000,132.255000,0.945000,133.660000,132.715000
1.107000,133.355000,132.248000,0.941000,133.612000,132.671000
1.098000,133.327000,132.229000,0.945000,133.600000,132.655000
1.107000,133.367000,132.260000,0.941000,133.714000,132.773000
1.104000,133.341000,132.237000,0.945000,133.612000,132.667000
1.113000,133.367000,132.254000,0.941000,133.624000,132.683000
1.098000,133.327000,132.229000,0.945000,133.600000,132.655000
1.107000,133.347000,132.240000,0.941000,133.604000,132.663000
1.104000,133.340000,132.236000,0.945000,133.614000,132.669000
1.108000,133.359000,132.251000,0.941000,133.616000,132.675000
1.101000,133.386000,132.285000,0.945000,133.702000,132.757000
1.107000,133.361000,132.254000,0.941000,133.618000,132.677000
1.098000,133.356000,132.258000,0.945000,133.716000,132.771000
1.107000,133.377000,132.270000,0.941000,133.678000,132.737000
1.100000,133.336000,132.236000,0.945000,133.610000,132.665000
1.107000,133.378000,132.271000,0.941000,133.668000,132.727000
1.094000,133.300000,132.206000,0.945000,133.570000,132.625000
1.107000,133.379000,132.272000,0.941000,133.680000,132.739000
1.100000,133.333000,132.233000,0.945000,133.606000,132.661000
1.107000,133.377000,132.270000,0.941000,133.678000,132.737000
1.100000,133.360000,132.260000,0.945000,133.668000,132.723000
1.107000,133.361000,132.254000,0.941000,133.618000,132.677000
1.094000,133.329000,132.235000,0.945000,133.600000,132.655000
1.108000,133.351000,132.243000,0.941000,133.608000,132.667000
1.105000,133.313000,132.208000,0.945000,133.578000,132.633000
1.113000,133.361000,132.248000,0.941000,133.618000,132.677000
1.104000,133.337000,132.233000,0.945000,133.610000,132.665000
1.108000,133.364000,132.256000,0.941000,133.620000,132.679000
1.095000,133.332000,132.237000,0.945000,133.604000,132.659000
1.101000,133.347000,132.246000,0.941000,133.604000,132.663000
1.100000,133.335000,132.235000,0.945000,133.608000,132.663000
1.107000,133.375000,132.268000,0.941000,133.676000,132.735000
1.100000,133.338000,132.238000,0.945000,133.612000,132.667000
1.107000,133.357000,132.250000,0.941000,133.614000,132.673000
1.100000,133.342000,132.242000,0.945000,133.614000,132.669000
1.114000,133.382000,132.268000,0.941000,133.682000,132.741000
1.099000,133.334000,132.235000,0.945000,133.606000,132.661000
1.107000,133.421000,132.314000,0.941000,133.764000,132.823000
1.098000,133.333000,132.235000,0.945000,133.604000,132.659000
1.107000,133.351000,132.244000,0.941000,133.608000,132.667000
1.104000,133.341000,132.237000,0.945000,133.614000,132.669000
1.113000,133.363000,132.250000,0.941000,133.620000,132.679000
1.104000,133.339000,132.235000,0.945000,133.612000,132.667000
1.131000,133.402000,132.271000,0.941000,133.746000,132.805000
1.101000,133.344000,132.243000,0.945000,133.614000,132.669000
1.097000,133.349000,132.252000,0.941000,133.606000,132.665000
1.094000,133.324000,132.230000,0.945000,133.598000,132.653000
1.107000,133.359000,132.252000,0.941000,133.616000,132.675000
1.100000,133.336000,132.236000,0.945000,133.610000,132.665000
1.107000,133.408000,132.301000,0.941000,133.702000,132.761000
1.100000,133.336000,132.236000,0.945000,133.610000,132.665000
1.107000,133.365000,132.258000,0.941000,133.622000,132.681000
1.100000,133.387000,132.287000,0.945000,133.704000,132.759000
1.101000,133.346000,132.245000,0.941000,133.604000,132.663000
1.100000,133.360000,132.260000,0.945000,133.678000,132.733000
1.107000,133.363000,132.256000,0.941000,133.620000,132.679000
1.094000,141.951000,140.857000,0.945000,142.147000,141.202000
1.088000,137.402000,136.314000,0.956000,137.699000,136.743000
1.087000,137.371000,136.284000,0.948000,137.690000,136.742000
1.085000,137.376000,136.291000,0.950000,137.708000,136.758000
1.084000,137.381000,136.297000,0.948000,137.713000,136.765000
1.085000,137.364000,136.279000,0.950000,137.650000,136.700000
1.089000,137.381000,136.292000,0.948000,137.797000,136.849000
1.084000,137.361000,136.277000,0.950000,137.648000,136.698000
1.081000,137.361000,136.280000,0.948000,137.663000,136.715000
1.086000,137.366000,136.280000,0.950000,137.654000,136.704000
1.082000,137.364000,136.282000,0.948000,137.667000,136.719000
1.085000,137.362000,136.277000,0.950000,137.650000,136.700000
1.082000,137.360000,136.278000,0.948000,137.663000,136.715000
1.085000,137.367000,136.282000,0.950000,137.658000,136.708000
1.082000,137.360000,136.278000,0.948000,137.663000,136.715000
1.083000,137.364000,136.281000,0.950000,137.652000,136.702000
1.082000,137.360000,136.278000,0.948000,137.663000,136.715000
1.085000,137.372000,136.287000,0.950000,137.750000,136.800000
1.080000,137.464000,136.384000,0.948000,137.691000,136.743000
1.085000,137.381000,136.296000,0.950000,137.664000,136.714000
1.082000,137.362000,136.280000,0.948000,137.665000,136.717000
1.081000,137.359000,136.278000,0.950000,137.648000,136.698000
1.080000,137.363000,136.283000,0.948000,137.667000,136.719000
1.085000,137.364000,136.279000,0.950000,137.652000,136.702000
1.082000,137.360000,136.278000,0.948000,137.663000,136.715000
1.085000,137.369000,136.284000,0.950000,137.658000,136.708000
1.082000,137.400000,136.318000,0.948000,137.747000,136.799000
1.083000,137.360000,136.277000,0.950000,137.646000,136.696000
1.082000,137.374000,136.292000,0.948000,137.701000,136.753000
1.083000,137.365000,136.282000,0.950000,137.648000,136.698000
1.080000,137.357000,136.277000,0.948000,137.661000,136.713000
1.083000,137.359000,136.276000,0.950000,137.646000,136.696000
1.080000,137.366000,136.286000,0.948000,137.695000,136.747000
1.085000,137.363000,136.278000,0.950000,137.652000,136.702000
1.080000,137.357000,136.277000,0.948000,137.661000,136.713000
1.083000,137.357000,136.274000,0.950000,137.646000,136.696000
1.082000,137.362000,136.280000,0.948000,137.665000,136.717000
1.085000,137.374000,136.289000,0.950000,137.698000,136.748000
1.080000,137.363000,136.283000,0.948000,137.661000,136.713000
1.085000,137.368000,136.283000,0.950000,137.656000,136.706000
1.082000,137.363000,136.281000,0.948000,137.667000,136.719000
1.083000,137.362000,136.279000,0.950000,137.650000,136.700000
1.080000,137.358000,136.278000,0.948000,137.661000,136.713000
1.085000,137.398000,136.313000,0.950000,137.776000,136.826000
1.082000,137.394000,136.312000,0.948000,137.719000,136.771000
1.085000,137.366000,136.281000,0.950000,137.654000,136.704000
1.082000,137.360000,136.278000,0.948000,137.663000,136.715000
1.085000,137.375000,136.290000,0.950000,137.700000,136.750000
1.080000,137.358000,136.278000,0.948000,137.661000,136.713000
1.108000,137.392000,136.284000,0.950000,137.766000,136.816000
1.080000,137.359000,136.279000,0.948000,137.661000,136.713000
1.083000,137.371000,136.288000,0.950000,137.694000,136.744000
1.080000,137.360000,136.280000,0.948000,137.663000,136.715000
1.085000,137.375000,136.290000,0.950000,137.658000,136.708000
1.080000,137.360000,136.280000,0.948000,137.663000,136.715000
1.083000,137.360000,136.277000,0.950000,137.648000,136.698000
1.082000,137.362000,136.280000,0.948000,137.665000,136.717000
1.085000,137.362000,136.277000,0.950000,137.656000,136.706000
1.080000,137.371000,136.291000,0.948000,137.709000,136.761000
1.087000,137.368000,136.281000,0.950000,137.654000,136.704000
1.089000,137.366000,136.277000,0.948000,137.669000,136.721000
1.086000,137.365000,136.279000,0.950000,137.652000,136.702000
1.085000,137.376000,136.291000,0.948000,137.761000,136.813000
1.086000,137.376000,136.290000,0.950000,137.742000,136.792000
1.084000,137.364000,136.280000,0.948000,137.665000,136.717000
1.085000,137.364000,136.279000,0.950000,137.658000,136.708000
1.082000,137.372000,136.290000,0.948000,137.719000,136.771000
1.085000,137.368000,136.283000,0.950000,137.656000,136.706000
1.082000,143.204000,142.122000,0.948000,143.397000,142.449000
1.096000,137.443000,136.347000,0.975000,137.704000,136.729000
1.094000,137.388000,136.294000,0.949000,137.688000,136.739000
1.099000,137.410000,136.311000,0.947000,137.790000,136.843000
1.100000,137.399000,136.299000,0.949000,137.760000,136.811000
1.103000,137.414000,136.311000,0.947000,137.706000,136.759000
1.092000,137.394000,136.302000,0.949000,137.712000,136.763000
1.103000,137.402000,136.299000,0.947000,137.656000,136.709000
1.092000,137.396000,136.304000,0.949000,137.710000,136.761000
1.103000,137.419000,136.316000,0.947000,137.712000,136.765000
1.092000,137.391000,136.299000,0.949000,137.708000,136.759000
1.099000,137.387000,136.288000,0.947000,137.644000,136.697000
1.104000,137.384000,136.280000,0.949000,137.652000,136.703000
1.095000,137.450000,136.355000,0.947000,137.690000,136.743000
1.106000,137.399000,136.293000,0.949000,137.666000,136.717000
1.097000,137.386000,136.289000,0.947000,137.644000,136.697000
1.104000,137.391000,136.287000,0.949000,137.662000,136.713000
1.102000,137.392000,136.290000,0.947000,137.648000,136.701000
1.099000,137.384000,136.285000,0.949000,137.656000,136.707000
1.106000,137.401000,136.295000,0.947000,137.656000,136.709000
1.102000,137.385000,136.283000,0.949000,137.658000,136.709000
1.106000,137.399000,136.293000,0.947000,137.656000,136.709000
1.102000,137.387000,136.285000,0.949000,137.660000,136.711000
1.106000,137.399000,136.293000,0.947000,137.656000,136.709000
1.102000,137.403000,136.301000,0.949000,137.720000,136.771000
1.106000,137.456000,136.350000,0.947000,137.778000,136.831000
1.102000,137.393000,136.291000,0.949000,137.658000,136.709000
1.106000,137.415000,136.309000,0.947000,137.708000,136.761000
1.102000,137.386000,136.284000,0.949000,137.660000,136.711000
1.106000,137.395000,136.289000,0.947000,137.652000,136.705000
1.100000,137.377000,136.277000,0.949000,137.650000,136.701000
1.104000,137.391000,136.287000,0.947000,137.648000,136.701000
1.100000,137.399000,136.299000,0.949000,137.716000,136.767000
1.101000,137.409000,136.308000,0.947000,137.690000,136.743000
1.105000,137.389000,136.284000,0.949000,137.662000,136.713000
1.103000,137.411000,136.308000,0.947000,137.712000,136.765000
1.107000,137.391000,136.284000,0.949000,137.664000,136.715000
1.101000,137.405000,136.304000,0.947000,137.752000,136.805000
1.105000,137.389000,136.284000,0.949000,137.660000,136.711000
1.101000,137.385000,136.284000,0.947000,137.642000,136.695000
1.105000,137.392000,136.287000,0.949000,137.666000,136.717000
1.101000,137.390000,136.289000,0.947000,137.648000,136.701000
1.107000,137.393000,136.286000,0.949000,137.666000,136.717000
1.103000,137.393000,136.290000,0.947000,137.650000,136.703000
1.107000,137.406000,136.299000,0.949000,137.712000,136.763000
1.103000,137.396000,136.293000,0.947000,137.654000,136.707000
1.102000,137.403000,136.301000,0.949000,137.702000,136.753000
1.098000,137.388000,136.290000,0.947000,137.644000,136.697000
1.105000,137.410000,136.305000,0.949000,137.708000,136.759000
1.097000,137.434000,136.337000,0.947000,137.728000,136.781000
1.096000,137.379000,136.283000,0.949000,137.652000,136.703000
1.095000,137.389000,136.294000,0.947000,137.646000,136.699000
1.096000,137.381000,136.285000,0.949000,137.652000,136.703000
1.104000,137.392000,136.288000,0.947000,137.648000,136.701000
1.099000,137.377000,136.278000,0.949000,137.650000,136.701000
1.103000,137.407000,136.304000,0.947000,137.702000,136.755000
1.100000,137.385000,136.285000,0.949000,137.658000,136.709000
1.105000,137.393000,136.288000,0.947000,137.650000,136.703000
1.098000,137.378000,136.280000,0.949000,137.652000,136.703000
1.098000,137.385000,136.287000,0.947000,137.642000,136.695000
1.095000,137.383000,136.288000,0.949000,137.656000,136.707000
1.097000,137.405000,136.308000,0.947000,137.688000,136.741000
1.094000,137.397000,136.303000,0.949000,137.696000,136.747000
1.185000,137.516000,136.331000,0.947000,137.806000,136.859000
1.090000,137.442000,136.352000,0.949000,137.794000,136.845000
1.097000,137.405000,136.308000,0.947000,137.706000,136.759000
1.096000,137.397000,136.301000,0.949000,137.670000,136.721000
1.099000,137.410000,136.311000,0.947000,137.700000,136.753000
1.096000,153.146000,152.050000,0.949000,153.398000,152.449000
1.089000,129.399000,128.310000,0.941000,129.712000,128.771000
1.114000,129.367000,128.253000,0.946000,129.814000,128.868000
1.083000,129.304000,128.221000,0.944000,129.591000,128.647000
1.092000,129.313000,128.221000,0.946000,129.615000,128.669000
1.081000,129.298000,128.217000,0.944000,129.585000,128.641000
1.092000,129.316000,128.224000,0.946000,129.622000,128.676000
1.091000,129.322000,128.231000,0.944000,129.614000,128.670000
1.091000,129.330000,128.239000,0.946000,129.675000,128.729000
1.085000,129.308000,128.223000,0.944000,129.600000,128.656000
1.091000,129.332000,128.241000,0.946000,129.638000,128.692000
1.085000,129.318000,128.233000,0.944000,129.610000,128.666000
1.087000,129.315000,128.228000,0.946000,129.615000,128.669000
1.082000,129.311000,128.229000,0.944000,129.623000,128.679000
1.086000,129.316000,128.230000,0.946000,129.622000,128.676000
1.081000,129.304000,128.223000,0.944000,129.591000,128.647000
1.088000,129.316000,128.228000,0.946000,129.617000,128.671000
1.083000,129.304000,128.221000,0.944000,129.596000,128.652000
1.084000,129.316000,128.232000,0.946000,129.622000,128.676000
1.083000,129.304000,128.221000,0.944000,129.596000,128.652000
1.082000,129.321000,128.239000,0.946000,129.657000,128.711000
1.083000,129.314000,128.231000,0.944000,129.601000,128.657000
1.086000,129.382000,128.296000,0.946000,129.771000,128.825000
1.083000,129.317000,128.234000,0.944000,129.646000,128.702000
1.086000,129.327000,128.241000,0.946000,129.670000,128.724000
1.113000,129.341000,128.228000,0.944000,129.713000,128.769000
1.092000,129.326000,128.234000,0.946000,129.625000,128.679000
1.088000,129.309000,128.221000,0.944000,129.600000,128.656000
1.094000,129.330000,128.236000,0.946000,129.675000,128.729000
1.087000,129.306000,128.219000,0.944000,129.598000,128.654000
1.091000,129.320000,128.229000,0.946000,129.626000,128.680000
1.087000,129.316000,128.229000,0.944000,129.652000,128.708000
1.092000,129.326000,128.234000,0.946000,129.713000,128.767000
1.087000,129.306000,128.219000,0.944000,129.598000,128.654000
1.091000,129.320000,128.229000,0.946000,129.621000,128.675000
1.085000,129.316000,128.231000,0.944000,129.636000,128.692000
1.089000,129.314000,128.225000,0.946000,129.615000,128.669000
1.108000,129.332000,128.224000,0.944000,129.743000,128.799000
1.089000,129.315000,128.226000,0.946000,129.620000,128.674000
1.085000,129.303000,128.218000,0.944000,129.596000,128.652000
1.089000,129.314000,128.225000,0.946000,129.615000,128.669000
1.083000,129.301000,128.218000,0.944000,129.594000,128.650000
1.085000,129.324000,128.239000,0.946000,129.651000,128.705000
1.081000,129.399000,128.318000,0.944000,129.715000,128.771000
1.085000,129.308000,128.223000,0.946000,129.614000,128.668000
1.085000,129.315000,128.230000,0.944000,129.702000,128.758000
1.089000,129.338000,128.249000,0.946000,129.636000,128.690000
1.085000,129.316000,128.231000,0.944000,129.608000,128.664000
1.113000,129.340000,128.227000,0.946000,129.773000,128.827000
1.093000,129.334000,128.241000,0.944000,129.620000,128.676000
1.081000,129.334000,128.253000,0.946000,129.749000,128.803000
1.090000,129.324000,128.234000,0.944000,129.643000,128.699000
1.084000,129.310000,128.226000,0.946000,129.611000,128.665000
1.089000,129.324000,128.235000,0.944000,129.610000,128.666000
1.084000,129.313000,128.229000,0.946000,129.620000,128.674000
1.087000,129.310000,128.223000,0.944000,129.602000,128.658000
1.084000,129.313000,128.229000,0.946000,129.615000,128.669000
1.089000,129.310000,128.221000,0.944000,129.602000,128.658000
1.082000,129.308000,128.226000,0.946000,129.614000,128.668000
1.088000,129.320000,128.232000,0.944000,129.695000,128.751000
1.082000,129.308000,128.226000,0.946000,129.607000,128.661000
1.087000,129.306000,128.219000,0.944000,129.593000,128.649000
1.082000,129.308000,128.226000,0.946000,129.609000,128.663000
1.085000,129.306000,128.221000,0.944000,129.598000,128.654000
1.082000,129.308000,128.226000,0.946000,129.614000,128.668000
1.087000,129.316000,128.229000,0.944000,129.631000,128.687000
1.080000,129.312000,128.232000,0.946000,129.704000,128.758000
1.085000,129.308000,128.223000,0.944000,129.595000,128.651000
1.082000,129.308000,128.226000,0.946000,129.609000,128.663000
1.089000,129.320000,128.231000,0.944000,129.610000,128.666000
1.089000,129.325000,128.236000,0.946000,129.661000,128.715000
1.119000,129.349000,128.230000,0.944000,129.726000,128.782000
1.088000,142.328000,141.240000,0.946000,142.501000,141.555000
1.097000,133.419000,132.322000,0.964000,133.688000,132.724000
1.092000,133.362000,132.270000,0.947000,133.714000,132.767000
1.097000,133.359000,132.262000,0.941000,133.615000,132.674000
1.090000,133.337000,132.247000,0.947000,133.612000,132.665000
1.101000,133.381000,132.280000,0.941000,133.665000,132.724000
1.096000,133.354000,132.258000,0.947000,133.630000,132.683000
1.107000,133.371000,132.264000,0.941000,133.627000,132.686000
1.090000,133.345000,132.255000,0.947000,133.705000,132.758000
1.101000,133.364000,132.263000,0.941000,133.621000,132.680000
1.096000,133.356000,132.260000,0.947000,133.630000,132.683000
1.114000,133.425000,132.311000,0.941000,133.685000,132.744000
1.101000,133.356000,132.255000,0.947000,133.630000,132.683000
1.113000,133.396000,132.283000,0.941000,133.687000,132.746000
1.100000,133.359000,132.259000,0.947000,133.634000,132.687000
1.113000,133.381000,132.268000,0.941000,133.637000,132.696000
1.098000,133.370000,132.272000,0.947000,133.736000,132.789000
1.107000,133.384000,132.277000,0.941000,133.729000,132.788000
1.096000,133.355000,132.259000,0.947000,133.628000,132.681000
1.108000,133.377000,132.269000,0.941000,133.633000,132.692000
1.096000,133.357000,132.261000,0.947000,133.630000,132.683000
1.113000,133.379000,132.266000,0.941000,133.635000,132.694000
1.101000,133.359000,132.258000,0.947000,133.634000,132.687000
1.113000,133.382000,132.269000,0.941000,133.639000,132.698000
1.100000,133.357000,132.257000,0.947000,133.632000,132.685000
1.113000,133.382000,132.269000,0.941000,133.639000,132.698000
1.098000,133.370000,132.272000,0.947000,133.752000,132.805000
1.107000,133.373000,132.266000,0.941000,133.629000,132.688000
1.094000,133.343000,132.249000,0.947000,133.618000,132.671000
1.113000,133.400000,132.287000,0.941000,133.691000,132.750000
1.094000,133.312000,132.218000,0.947000,133.584000,132.637000
1.107000,133.365000,132.258000,0.941000,133.621000,132.680000
1.094000,133.342000,132.248000,0.947000,133.618000,132.671000
1.107000,133.365000,132.258000,0.941000,133.621000,132.680000
1.094000,133.341000,132.247000,0.947000,133.616000,132.669000
1.103000,133.362000,132.259000,0.941000,133.619000,132.678000
1.092000,133.357000,132.265000,0.947000,133.722000,132.775000
1.113000,133.431000,132.318000,0.941000,133.731000,132.790000
1.100000,133.353000,132.253000,0.947000,133.628000,132.681000
1.102000,133.368000,132.266000,0.941000,133.623000,132.682000
1.097000,133.371000,132.274000,0.947000,133.682000,132.735000
1.101000,133.367000,132.266000,0.941000,133.623000,132.682000
1.090000,133.310000,132.220000,0.947000,133.582000,132.635000
1.107000,133.377000,132.270000,0.941000,133.633000,132.692000
1.096000,133.353000,132.257000,0.947000,133.628000,132.681000
1.107000,133.377000,132.270000,0.941000,133.633000,132.692000
1.096000,133.333000,132.237000,0.947000,133.608000,132.661000
1.101000,133.363000,132.262000,0.941000,133.619000,132.678000
1.090000,133.360000,132.270000,0.947000,133.668000,132.721000
1.101000,133.366000,132.265000,0.941000,133.623000,132.682000
1.094000,133.368000,132.274000,0.947000,133.730000,132.783000
1.107000,133.379000,132.272000,0.941000,133.635000,132.694000
1.096000,133.351000,132.255000,0.947000,133.626000,132.679000
1.101000,133.364000,132.263000,0.941000,133.629000,132.688000
1.091000,133.337000,132.246000,0.947000,133.610000,132.663000
1.104000,133.366000,132.262000,0.941000,133.621000,132.680000
1.095000,133.347000,132.252000,0.947000,133.622000,132.675000
1.110000,133.377000,132.267000,0.941000,133.633000,132.692000
1.107000,133.379000,132.272000,0.947000,133.742000,132.795000
1.105000,133.363000,132.258000,0.941000,133.703000,132.762000
1.104000,133.359000,132.255000,0.947000,133.632000,132.685000
1.098000,133.359000,132.261000,0.941000,133.623000,132.682000
1.095000,133.346000,132.251000,0.947000,133.620000,132.673000
1.097000,133.375000,132.278000,0.941000,133.655000,132.714000
1.100000,133.377000,132.277000,0.947000,133.696000,132.749000
1.103000,133.371000,132.268000,0.941000,133.627000,132.686000
1.094000,133.345000,132.251000,0.947000,133.620000,132.673000
1.097000,133.375000,132.278000,0.941000,133.675000,132.734000
1.094000,133.351000,132.257000,0.947000,133.626000,132.679000
1.097000,133.359000,132.262000,0.941000,133.615000,132.674000
1.100000,144.043000,142.943000,0.947000,144.273000,143.326000
1.095000,137.461000,136.366000,0.950000,137.776000,136.826000
1.111000,137.427000,136.316000,0.944000,137.729000,136.785000
1.091000,137.402000,136.311000,0.950000,137.668000,136.718000
1.104000,137.417000,136.313000,0.944000,137.742000,136.798000
1.097000,137.402000,136.305000,0.950000,137.668000,136.718000
1.102000,137.408000,136.306000,0.944000,137.688000,136.744000
1.099000,137.440000,136.341000,0.950000,137.726000,136.776000
1.100000,137.402000,136.302000,0.944000,137.682000,136.738000
1.101000,137.422000,136.321000,0.950000,137.686000,136.736000
1.127000,137.440000,136.313000,0.944000,137.808000,136.864000
1.101000,137.404000,136.303000,0.950000,137.670000,136.720000
1.102000,137.411000,136.309000,0.944000,137.692000,136.748000
1.099000,137.402000,136.303000,0.950000,137.668000,136.718000
1.104000,137.425000,136.321000,0.944000,137.746000,136.802000
1.101000,137.404000,136.303000,0.950000,137.670000,136.720000
1.098000,137.414000,136.316000,0.944000,137.780000,136.836000
1.099000,137.441000,136.342000,0.950000,137.740000,136.790000
1.102000,137.412000,136.310000,0.944000,137.690000,136.746000
1.099000,137.514000,136.415000,0.950000,137.740000,136.790000
1.104000,137.422000,136.318000,0.944000,137.744000,136.800000
1.101000,137.410000,136.309000,0.950000,137.670000,136.720000
1.102000,137.419000,136.317000,0.944000,137.732000,136.788000
1.099000,137.405000,136.306000,0.950000,137.680000,136.730000
1.102000,137.410000,136.308000,0.944000,137.690000,136.746000
1.128000,137.441000,136.313000,0.950000,137.734000,136.784000
1.100000,137.414000,136.314000,0.944000,137.688000,136.744000
1.099000,137.407000,136.308000,0.950000,137.676000,136.726000
1.100000,137.451000,136.351000,0.944000,137.772000,136.828000
1.099000,137.472000,136.373000,0.950000,137.776000,136.826000
1.100000,137.408000,136.308000,0.944000,137.688000,136.744000
1.099000,137.400000,136.301000,0.950000,137.676000,136.726000
1.100000,137.418000,136.318000,0.944000,137.742000,136.798000
1.099000,137.411000,136.312000,0.950000,137.674000,136.724000
1.095000,137.419000,136.324000,0.944000,137.782000,136.838000
1.098000,137.472000,136.374000,0.950000,137.814000,136.864000
1.096000,137.420000,136.324000,0.944000,137.742000,136.798000
1.093000,137.410000,136.317000,0.950000,137.674000,136.724000
1.094000,137.412000,136.318000,0.944000,137.718000,136.774000
1.095000,137.399000,136.304000,0.950000,137.674000,136.724000
1.096000,137.406000,136.310000,0.944000,137.686000,136.742000
1.097000,137.402000,136.305000,0.950000,137.668000,136.718000
1.094000,137.413000,136.319000,0.944000,137.774000,136.830000
1.095000,137.431000,136.336000,0.950000,137.730000,136.780000
1.094000,137.403000,136.309000,0.944000,137.684000,136.740000
1.095000,137.396000,136.301000,0.950000,137.662000,136.712000
1.094000,137.403000,136.309000,0.944000,137.684000,136.740000
1.093000,137.397000,136.304000,0.950000,137.664000,136.714000
1.094000,137.402000,136.308000,0.944000,137.682000,136.738000
1.091000,137.395000,136.304000,0.950000,137.660000,136.710000
1.101000,137.416000,136.315000,0.944000,137.690000,136.746000
1.096000,137.404000,136.308000,0.950000,137.664000,136.714000
1.102000,137.410000,136.308000,0.944000,137.690000,136.746000
1.099000,137.417000,136.318000,0.950000,137.680000,136.730000
1.096000,137.414000,136.318000,0.944000,137.778000,136.834000
1.097000,137.400000,136.303000,0.950000,137.666000,136.716000
1.102000,137.407000,136.305000,0.944000,137.688000,136.744000
1.099000,137.413000,136.314000,0.950000,137.716000,136.766000
1.095000,137.417000,136.322000,0.944000,137.782000,136.838000
1.096000,137.418000,136.322000,0.950000,137.758000,136.808000
1.096000,137.420000,136.324000,0.944000,137.742000,136.798000
1.097000,137.408000,136.311000,0.950000,137.674000,136.724000
1.094000,137.412000,136.318000,0.944000,137.736000,136.792000
1.095000,137.401000,136.306000,0.950000,137.676000,136.726000
1.096000,137.406000,136.310000,0.944000,137.686000,136.742000
1.097000,137.402000,136.305000,0.950000,137.668000,136.718000
1.096000,137.406000,136.310000,0.944000,137.686000,136.742000
1.097000,137.402000,136.305000,0.950000,137.668000,136.718000
1.098000,140.187000,139.089000,0.944000,140.407000,139.463000
1.112000,133.474000,132.362000,0.968000,133.748000,132.780000
1.094000,133.338000,132.244000,0.947000,133.652000,132.705000
1.093000,133.347000,132.254000,0.943000,133.606000,132.663000
1.090000,133.333000,132.243000,0.949000,133.607000,132.658000
1.091000,133.344000,132.253000,0.943000,133.600000,132.657000
1.095000,133.354000,132.259000,0.949000,133.671000,132.722000
1.098000,133.365000,132.267000,0.943000,133.718000,132.775000
1.096000,133.390000,132.294000,0.949000,133.697000,132.748000
1.091000,133.355000,132.264000,0.943000,133.656000,132.713000
1.096000,133.339000,132.243000,0.949000,133.613000,132.664000
1.099000,133.364000,132.265000,0.943000,133.726000,132.783000
1.096000,133.341000,132.245000,0.949000,133.613000,132.664000
1.096000,133.349000,132.253000,0.943000,133.606000,132.663000
1.096000,133.341000,132.245000,0.949000,133.615000,132.666000
1.097000,133.360000,132.263000,0.943000,133.698000,132.755000
1.096000,133.315000,132.219000,0.949000,133.581000,132.632000
1.096000,133.341000,132.245000,0.943000,133.598000,132.655000
1.096000,133.339000,132.243000,0.949000,133.613000,132.664000
1.096000,133.315000,132.219000,0.943000,133.566000,132.623000
1.096000,133.351000,132.255000,0.949000,133.619000,132.670000
1.094000,133.311000,132.217000,0.943000,133.562000,132.619000
1.089000,133.337000,132.248000,0.949000,133.609000,132.660000
1.093000,133.346000,132.253000,0.943000,133.602000,132.659000
1.098000,133.341000,132.243000,0.949000,133.615000,132.666000
1.095000,133.340000,132.245000,0.943000,133.596000,132.653000
1.096000,133.338000,132.242000,0.949000,133.613000,132.664000
1.096000,133.341000,132.245000,0.943000,133.598000,132.655000
1.096000,133.339000,132.243000,0.949000,133.613000,132.664000
1.096000,133.364000,132.268000,0.943000,133.654000,132.711000
1.096000,133.341000,132.245000,0.949000,133.615000,132.666000
1.094000,133.341000,132.247000,0.943000,133.598000,132.655000
1.087000,133.325000,132.238000,0.949000,133.597000,132.648000
1.092000,133.338000,132.246000,0.943000,133.594000,132.651000
1.088000,133.327000,132.239000,0.949000,133.601000,132.652000
1.091000,133.336000,132.245000,0.943000,133.602000,132.659000
1.088000,133.318000,132.230000,0.949000,133.675000,132.726000
1.091000,133.359000,132.268000,0.943000,133.642000,132.699000
1.088000,133.327000,132.239000,0.949000,133.601000,132.652000
1.091000,133.360000,132.269000,0.943000,133.654000,132.711000
1.086000,133.329000,132.243000,0.949000,133.603000,132.654000
1.091000,133.323000,132.232000,0.943000,133.706000,132.763000
1.086000,133.376000,132.290000,0.949000,133.685000,132.736000
1.087000,133.354000,132.267000,0.943000,133.664000,132.721000
1.086000,133.329000,132.243000,0.949000,133.603000,132.654000
1.089000,133.335000,132.246000,0.943000,133.592000,132.649000
1.086000,133.303000,132.217000,0.949000,133.571000,132.622000
1.089000,133.351000,132.262000,0.943000,133.688000,132.745000
1.086000,133.345000,132.259000,0.949000,133.661000,132.712000
1.091000,133.337000,132.246000,0.943000,133.594000,132.651000
1.088000,133.348000,132.260000,0.949000,133.657000,132.708000
1.093000,133.355000,132.262000,0.943000,133.738000,132.795000
1.086000,133.331000,132.245000,0.949000,133.603000,132.654000
1.091000,133.342000,132.251000,0.943000,133.598000,132.655000
1.086000,133.298000,132.212000,0.949000,133.569000,132.620000
1.085000,133.330000,132.245000,0.943000,133.588000,132.645000
1.086000,133.327000,132.241000,0.949000,133.601000,132.652000
1.089000,133.331000,132.242000,0.943000,133.588000,132.645000
1.088000,133.329000,132.241000,0.949000,133.603000,132.654000
1.091000,133.341000,132.250000,0.943000,133.598000,132.655000
1.086000,133.329000,132.243000,0.949000,133.603000,132.654000
1.104000,133.392000,132.288000,0.943000,133.774000,132.831000
1.086000,133.347000,132.261000,0.949000,133.619000,132.670000
1.089000,133.333000,132.244000,0.943000,133.590000,132.647000
1.088000,133.329000,132.241000,0.949000,133.603000,132.654000
1.093000,133.365000,132.272000,0.943000,133.654000,132.711000
1.095000,133.357000,132.262000,0.949000,133.663000,132.714000
1.092000,133.359000,132.267000,0.943000,133.648000,132.705000
1.094000,133.335000,132.241000,0.949000,133.609000,132.660000
1.096000,139.395000,138.299000,0.943000,139.555000,138.612000
1.100000,133.387000,132.287000,0.949000,133.731000,132.782000
1.086000,133.331000,132.245000,0.948000,133.633000,132.685000
1.096000,133.365000,132.269000,0.952000,133.697000,132.745000
1.083000,133.359000,132.276000,0.946000,133.681000,132.735000
1.098000,133.362000,132.264000,0.952000,133.651000,132.699000
1.085000,133.349000,132.264000,0.946000,133.647000,132.701000
1.102000,133.357000,132.255000,0.952000,133.639000,132.687000
1.085000,133.349000,132.264000,0.946000,133.647000,132.701000
1.096000,133.357000,132.261000,0.952000,133.645000,132.693000
1.083000,133.319000,132.236000,0.946000,133.611000,132.665000
1.096000,133.357000,132.261000,0.952000,133.645000,132.693000
1.083000,133.358000,132.275000,0.946000,133.691000,132.745000
1.096000,133.356000,132.260000,0.952000,133.645000,132.693000
1.083000,133.353000,132.270000,0.946000,133.739000,132.793000
1.096000,133.363000,132.267000,0.952000,133.649000,132.697000
1.083000,133.354000,132.271000,0.946000,133.739000,132.793000
1.096000,133.331000,132.235000,0.952000,133.611000,132.659000
1.081000,133.343000,132.262000,0.946000,133.641000,132.695000
1.096000,133.359000,132.263000,0.952000,133.647000,132.695000
1.085000,133.355000,132.270000,0.946000,133.653000,132.707000
1.098000,133.364000,132.266000,0.952000,133.641000,132.689000
1.085000,133.336000,132.251000,0.946000,133.675000,132.729000
1.096000,133.362000,132.266000,0.952000,133.639000,132.687000
1.085000,133.354000,132.269000,0.946000,133.641000,132.695000
1.096000,133.362000,132.266000,0.952000,133.639000,132.687000
1.087000,133.359000,132.272000,0.946000,133.647000,132.701000
1.098000,133.366000,132.268000,0.952000,133.643000,132.691000
1.085000,133.353000,132.268000,0.946000,133.641000,132.695000
1.096000,133.362000,132.266000,0.952000,133.639000,132.687000
1.085000,133.353000,132.268000,0.946000,133.641000,132.695000
1.094000,133.371000,132.277000,0.952000,133.771000,132.819000
1.085000,133.350000,132.265000,0.946000,133.637000,132.691000
1.098000,133.367000,132.269000,0.952000,133.645000,132.693000
1.087000,133.354000,132.267000,0.946000,133.641000,132.695000
1.098000,133.368000,132.270000,0.952000,133.645000,132.693000
1.087000,133.356000,132.269000,0.946000,133.643000,132.697000
1.098000,133.371000,132.273000,0.952000,133.647000,132.695000
1.094000,133.363000,132.269000,0.946000,133.649000,132.703000
1.100000,133.377000,132.277000,0.952000,133.741000,132.789000
1.095000,133.364000,132.269000,0.946000,133.651000,132.705000
1.101000,133.381000,132.280000,0.952000,133.737000,132.785000
1.093000,133.371000,132.278000,0.946000,133.787000,132.841000
1.101000,133.374000,132.273000,0.952000,133.649000,132.697000
1.086000,133.352000,132.266000,0.946000,133.637000,132.691000
1.097000,133.367000,132.270000,0.952000,133.643000,132.691000
1.085000,133.326000,132.241000,0.946000,133.607000,132.661000
1.098000,133.367000,132.269000,0.952000,133.645000,132.693000
1.087000,133.353000,132.266000,0.946000,133.641000,132.695000
1.098000,133.378000,132.280000,0.952000,133.699000,132.747000
1.089000,133.366000,132.277000,0.946000,133.699000,132.753000
1.094000,133.366000,132.272000,0.952000,133.641000,132.689000
1.087000,133.353000,132.266000,0.946000,133.647000,132.701000
1.092000,133.361000,132.269000,0.952000,133.637000,132.685000
1.085000,133.348000,132.263000,0.946000,133.637000,132.691000
1.096000,133.367000,132.271000,0.952000,133.643000,132.691000
1.081000,133.344000,132.263000,0.946000,133.633000,132.687000
1.096000,133.364000,132.268000,0.952000,133.645000,132.693000
1.081000,133.347000,132.266000,0.946000,133.637000,132.691000
1.098000,133.370000,132.272000,0.952000,133.645000,132.693000
1.083000,133.359000,132.276000,0.946000,133.673000,132.727000
1.098000,133.368000,132.270000,0.952000,133.643000,132.691000
1.083000,133.349000,132.266000,0.946000,133.643000,132.697000
1.098000,133.344000,132.246000,0.952000,133.613000,132.661000
1.081000,133.356000,132.275000,0.946000,133.689000,132.743000
1.096000,133.378000,132.282000,0.952000,133.689000,132.737000
1.081000,133.314000,132.233000,0.946000,133.601000,132.655000
1.098000,133.370000,132.272000,0.952000,133.645000,132.693000
1.083000,133.360000,132.277000,0.946000,133.729000,132.783000
1.096000,133.368000,132.272000,0.952000,133.641000,132.689000
1.081000,148.717000,147.636000,0.946000,149.168000,148.222000
1.077000,133.440000,132.363000,0.963000,133.699000,132.736000
1.095000,133.389000,132.294000,0.941000,133.771000,132.830000
1.136000,133.404000,132.268000,0.937000,133.750000,132.813000
1.087000,133.325000,132.238000,0.943000,133.588000,132.645000
1.089000,133.320000,132.231000,0.937000,133.670000,132.733000
1.094000,133.378000,132.284000,0.943000,133.682000,132.739000
1.095000,133.359000,132.264000,0.937000,133.654000,132.717000
1.089000,133.348000,132.259000,0.943000,133.618000,132.675000
1.095000,133.340000,132.245000,0.937000,133.600000,132.663000
1.089000,133.350000,132.261000,0.943000,133.620000,132.677000
1.092000,133.334000,132.242000,0.937000,133.594000,132.657000
1.118000,133.402000,132.284000,0.943000,133.716000,132.773000
1.114000,133.351000,132.237000,0.937000,133.696000,132.759000
1.084000,133.347000,132.263000,0.943000,133.616000,132.673000
1.084000,133.346000,132.262000,0.937000,133.696000,132.759000
1.087000,133.357000,132.270000,0.943000,133.626000,132.683000
1.098000,133.347000,132.249000,0.937000,133.606000,132.669000
1.092000,133.354000,132.262000,0.943000,133.624000,132.681000
1.091000,133.336000,132.245000,0.937000,133.596000,132.659000
1.091000,133.396000,132.305000,0.943000,133.678000,132.735000
1.097000,133.350000,132.253000,0.937000,133.610000,132.673000
1.093000,133.361000,132.268000,0.943000,133.632000,132.689000
1.092000,133.363000,132.271000,0.937000,133.656000,132.719000
1.091000,133.322000,132.231000,0.943000,133.590000,132.647000
1.095000,133.342000,132.247000,0.937000,133.602000,132.665000
1.093000,133.376000,132.283000,0.943000,133.734000,132.791000
1.091000,133.314000,132.223000,0.937000,133.566000,132.629000
1.123000,133.407000,132.284000,0.943000,133.712000,132.769000
1.169000,133.438000,132.269000,0.937000,133.788000,132.851000
1.091000,133.358000,132.267000,0.943000,133.628000,132.685000
1.095000,133.343000,132.248000,0.937000,133.604000,132.667000
1.093000,133.359000,132.266000,0.943000,133.630000,132.687000
1.097000,133.344000,132.247000,0.937000,133.604000,132.667000
1.093000,133.372000,132.279000,0.943000,133.754000,132.811000
1.192000,133.506000,132.314000,0.937000,133.790000,132.853000
1.093000,133.376000,132.283000,0.943000,133.670000,132.727000
1.097000,133.345000,132.248000,0.937000,133.606000,132.669000
1.093000,133.373000,132.280000,0.943000,133.724000,132.781000
1.099000,133.346000,132.247000,0.937000,133.604000,132.667000
1.091000,133.358000,132.267000,0.943000,133.630000,132.687000
1.088000,133.359000,132.271000,0.937000,133.650000,132.713000
1.092000,133.354000,132.262000,0.943000,133.626000,132.683000
1.079000,133.328000,132.249000,0.937000,133.584000,132.647000
1.097000,133.357000,132.260000,0.943000,133.628000,132.685000
1.080000,133.346000,132.266000,0.937000,133.692000,132.755000
1.098000,133.339000,132.241000,0.943000,133.604000,132.661000
1.089000,133.361000,132.272000,0.937000,133.744000,132.807000
1.092000,133.403000,132.311000,0.943000,133.720000,132.777000
1.090000,133.340000,132.250000,0.937000,133.598000,132.661000
1.094000,133.376000,132.282000,0.943000,133.692000,132.749000
1.081000,133.329000,132.248000,0.937000,133.586000,132.649000
1.094000,133.375000,132.281000,0.943000,133.690000,132.747000
1.078000,133.374000,132.296000,0.937000,133.676000,132.739000
1.096000,133.358000,132.262000,0.943000,133.630000,132.687000
1.098000,133.403000,132.305000,0.937000,133.692000,132.755000
1.096000,133.357000,132.261000,0.943000,133.638000,132.695000
1.082000,133.337000,132.255000,0.937000,133.596000,132.659000
1.097000,133.365000,132.268000,0.943000,133.636000,132.693000
1.080000,133.335000,132.255000,0.937000,133.592000,132.655000
1.091000,133.332000,132.241000,0.943000,133.596000,132.653000
1.092000,133.340000,132.248000,0.937000,133.600000,132.663000
1.085000,133.352000,132.267000,0.943000,133.622000,132.679000
1.092000,133.341000,132.249000,0.937000,133.602000,132.665000
1.085000,133.351000,132.266000,0.943000,133.622000,132.679000
1.080000,133.400000,132.320000,0.937000,133.680000,132.743000
1.091000,133.329000,132.238000,0.943000,133.594000,132.651000
1.086000,133.338000,132.252000,0.937000,133.598000,132.661000
1.091000,133.374000,132.283000,0.943000,133.688000,132.745000
1.084000,133.334000,132.250000,0.937000,133.594000,132.657000
1.091000,141.837000,140.746000,0.943000,142.039000,141.096000
1.093000,137.477000,136.384000,0.956000,137.737000,136.781000
1.093000,137.402000,136.309000,0.943000,137.694000,136.751000
1.096000,137.395000,136.299000,0.945000,137.662000,136.717000
1.095000,137.404000,136.309000,0.943000,137.677000,136.734000
1.102000,137.407000,136.305000,0.945000,137.674000,136.729000
1.095000,137.399000,136.304000,0.943000,137.675000,136.732000
1.121000,137.433000,136.312000,0.945000,137.842000,136.897000
1.095000,137.399000,136.304000,0.943000,137.675000,136.732000
1.106000,137.409000,136.303000,0.945000,137.676000,136.731000
1.089000,137.486000,136.397000,0.943000,137.781000,136.838000
1.119000,137.431000,136.312000,0.945000,137.686000,136.741000
1.100000,137.405000,136.305000,0.943000,137.669000,136.726000
1.118000,137.468000,136.350000,0.945000,137.768000,136.823000
1.099000,137.404000,136.305000,0.943000,137.669000,136.726000
1.113000,137.438000,136.325000,0.945000,137.780000,136.835000
1.099000,137.415000,136.316000,0.943000,137.713000,136.770000
1.105000,137.411000,136.306000,0.945000,137.666000,136.721000
1.094000,137.406000,136.312000,0.943000,137.707000,136.764000
1.102000,137.403000,136.301000,0.945000,137.660000,136.715000
1.087000,137.393000,136.306000,0.943000,137.691000,136.748000
1.104000,137.404000,136.300000,0.945000,137.660000,136.715000
1.091000,137.390000,136.299000,0.943000,137.655000,136.712000
1.100000,137.396000,136.296000,0.945000,137.652000,136.707000
1.091000,137.400000,136.309000,0.943000,137.709000,136.766000
1.100000,137.396000,136.296000,0.945000,137.652000,136.707000
1.095000,137.405000,136.310000,0.943000,137.665000,136.722000
1.100000,137.396000,136.296000,0.945000,137.652000,136.707000
1.097000,137.412000,136.315000,0.943000,137.721000,136.778000
1.106000,137.408000,136.302000,0.945000,137.664000,136.719000
1.097000,137.402000,136.305000,0.943000,137.667000,136.724000
1.106000,137.408000,136.302000,0.945000,137.664000,136.719000
1.097000,137.402000,136.305000,0.943000,137.667000,136.724000
1.106000,137.414000,136.308000,0.945000,137.664000,136.719000
1.097000,137.415000,136.318000,0.943000,137.679000,136.736000
1.100000,137.402000,136.302000,0.945000,137.658000,136.713000
1.091000,137.391000,136.300000,0.943000,137.657000,136.714000
1.100000,137.398000,136.298000,0.945000,137.654000,136.709000
1.093000,137.393000,136.300000,0.943000,137.661000,136.718000
1.106000,137.412000,136.306000,0.945000,137.666000,136.721000
1.103000,137.421000,136.318000,0.943000,137.775000,136.832000
1.109000,137.417000,136.308000,0.945000,137.668000,136.723000
1.108000,137.415000,136.307000,0.943000,137.681000,136.738000
1.114000,137.435000,136.321000,0.945000,137.724000,136.779000
1.107000,137.425000,136.318000,0.943000,137.815000,136.872000
1.114000,137.424000,136.310000,0.945000,137.676000,136.731000
1.101000,137.400000,136.299000,0.943000,137.667000,136.724000
1.108000,137.408000,136.300000,0.945000,137.662000,136.717000
1.101000,137.411000,136.310000,0.943000,137.715000,136.772000
1.112000,137.428000,136.316000,0.945000,137.772000,136.827000
1.101000,137.406000,136.305000,0.943000,137.667000,136.724000
1.109000,137.408000,136.299000,0.945000,137.664000,136.719000
1.093000,137.392000,136.299000,0.943000,137.657000,136.714000
1.110000,137.423000,136.313000,0.945000,137.758000,136.813000
1.097000,137.397000,136.300000,0.943000,137.671000,136.728000
1.114000,137.428000,136.314000,0.945000,137.678000,136.733000
1.103000,137.414000,136.311000,0.943000,137.673000,136.730000
1.108000,137.408000,136.300000,0.945000,137.664000,136.719000
1.097000,137.396000,136.299000,0.943000,137.661000,136.718000
1.101000,137.413000,136.312000,0.945000,137.704000,136.759000
1.098000,137.405000,136.307000,0.943000,137.669000,136.726000
1.106000,137.418000,136.312000,0.945000,137.718000,136.773000
1.097000,137.403000,136.306000,0.943000,137.669000,136.726000
1.104000,137.416000,136.312000,0.945000,137.760000,136.815000
1.097000,137.416000,136.319000,0.943000,137.705000,136.762000
1.106000,137.410000,136.304000,0.945000,137.664000,136.719000
1.097000,137.402000,136.305000,0.943000,137.667000,136.724000
1.104000,137.413000,136.309000,0.945000,137.664000,136.719000
1.097000,146.659000,145.562000,0.943000,146.835000,145.892000
1.097000,137.421000,136.324000,0.952000,137.711000,136.759000
1.092000,137.383000,136.291000,0.950000,137.689000,136.739000
1.088000,137.390000,136.302000,0.944000,137.712000,136.768000
1.089000,137.394000,136.305000,0.950000,137.730000,136.780000
1.086000,137.376000,136.290000,0.944000,137.654000,136.710000
1.089000,137.378000,136.289000,0.950000,137.670000,136.720000
1.088000,137.378000,136.290000,0.944000,137.654000,136.710000
1.100000,137.389000,136.289000,0.950000,137.680000,136.730000
1.091000,137.377000,136.286000,0.944000,137.654000,136.710000
1.097000,137.393000,136.296000,0.950000,137.682000,136.732000
1.092000,137.378000,136.286000,0.944000,137.656000,136.712000
1.092000,137.402000,136.310000,0.950000,137.780000,136.830000
1.090000,137.386000,136.296000,0.944000,137.656000,136.712000
1.096000,137.388000,136.292000,0.950000,137.680000,136.730000
1.094000,137.377000,136.283000,0.944000,137.656000,136.712000
1.090000,137.379000,136.289000,0.950000,137.670000,136.720000
1.085000,137.367000,136.282000,0.944000,137.644000,136.700000
1.089000,137.382000,136.293000,0.950000,137.674000,136.724000
1.084000,137.414000,136.330000,0.944000,137.736000,136.792000
1.087000,137.382000,136.295000,0.950000,137.668000,136.718000
1.084000,137.383000,136.299000,0.944000,137.778000,136.834000
1.089000,137.479000,136.390000,0.950000,137.804000,136.854000
1.086000,137.381000,136.295000,0.944000,137.736000,136.792000
1.091000,137.380000,136.289000,0.950000,137.672000,136.722000
1.086000,137.382000,136.296000,0.944000,137.704000,136.760000
1.089000,137.376000,136.287000,0.950000,137.668000,136.718000
1.086000,137.362000,136.276000,0.944000,137.640000,136.696000
1.089000,137.382000,136.293000,0.950000,137.674000,136.724000
1.084000,137.379000,136.295000,0.944000,137.692000,136.748000
1.089000,137.376000,136.287000,0.950000,137.666000,136.716000
1.086000,137.382000,136.296000,0.944000,137.656000,136.712000
1.095000,137.389000,136.294000,0.950000,137.680000,136.730000
1.093000,137.379000,136.286000,0.944000,137.656000,136.712000
